y_true,y_pred,y_proba,RAC1P,SEX
0,0,0.0889303,9,2
1,1,0.90298134,9,2
1,1,0.95736134,1,1
1,1,0.988331,1,1
1,1,0.96316403,1,2
0,0,0.11309978,9,1
0,0,0.30357713,1,2
0,0,0.0959489,9,1
0,0,0.20344257,9,1
1,1,0.69664276,1,2
0,0,0.004053762,8,2
0,1,0.6946848,6,2
0,0,0.007203906,8,2
0,0,0.0053429543,5,2
0,0,0.32877326,9,1
1,0,0.31863233,8,1
0,0,0.39650998,1,1
1,1,0.8855533,1,1
1,1,0.89241225,6,1
1,1,0.9832327,9,2
1,1,0.93662184,1,1
1,1,0.663863,9,1
1,1,0.97185135,6,1
0,0,0.022658585,2,2
0,0,0.002756727,9,2
1,1,0.762193,8,2
0,0,0.069497235,8,2
0,0,0.495182,6,1
0,0,0.07722868,8,1
1,1,0.5724398,1,1
1,1,0.68839747,9,2
0,0,0.08266036,6,1
1,1,0.9586967,1,1
1,1,0.5885747,9,1
1,1,0.9596566,1,1
0,0,0.0076898155,8,2
1,1,0.96571255,1,2
0,0,0.00030494775,1,1
1,0,0.4556362,9,2
0,0,0.006588027,1,2
1,0,0.1555237,8,2
1,1,0.76138216,1,1
1,1,0.60447204,6,2
0,0,0.0808315,1,2
0,1,0.5375059,8,1
0,0,0.0010636081,9,2
1,1,0.8746873,9,1
1,1,0.71620727,1,2
0,0,0.09363002,8,1
1,1,0.96457446,6,1
1,1,0.6813807,8,1
0,0,0.1581915,1,2
1,1,0.62989974,9,1
0,1,0.6084779,1,1
0,0,0.22029717,6,1
1,1,0.94416046,1,1
0,0,0.0058302237,1,1
1,0,0.12856017,6,1
1,0,0.4649257,8,1
0,0,0.054644596,2,2
0,0,0.010305177,8,2
0,1,0.5519663,1,2
1,1,0.8706592,1,1
1,1,0.90626144,9,1
0,0,0.1209948,8,2
1,0,0.1548023,8,2
1,1,0.97017765,1,1
1,1,0.610095,1,1
1,1,0.95818174,6,1
0,0,0.043242324,7,1
1,1,0.9471812,6,2
0,0,0.12086989,6,2
0,0,0.4196179,6,1
1,0,0.14135495,1,2
0,0,0.06236471,2,1
0,0,0.015148262,9,1
1,0,0.40194985,1,1
0,1,0.65387803,2,2
0,0,0.088575155,8,2
0,1,0.83204,6,2
1,1,0.98287696,1,1
0,0,0.05397905,6,1
0,0,0.12736462,9,2
1,0,0.113749415,8,1
1,1,0.97368455,1,2
0,0,0.07547467,2,2
0,0,0.05001877,9,2
0,0,0.06782295,1,1
1,1,0.6509795,9,2
1,1,0.84415764,6,2
0,0,0.16555102,1,2
1,1,0.6429102,9,1
1,1,0.8906495,1,1
0,0,0.019766478,3,2
1,1,0.9476954,1,1
1,1,0.5046327,9,2
0,0,0.010443627,8,2
0,0,0.34242508,1,2
0,0,0.21919857,1,1
0,0,0.06829994,8,1
1,1,0.91303545,1,2
0,0,0.081866585,8,2
0,1,0.6716622,6,1
0,0,0.07851336,9,2
0,0,0.3245807,6,2
1,0,0.30259064,1,1
0,1,0.5423388,1,1
1,1,0.955941,1,1
0,1,0.5295969,1,2
1,1,0.9794519,1,1
1,1,0.881225,8,2
1,0,0.21742262,1,1
1,1,0.7500506,6,1
1,1,0.8320124,8,2
1,1,0.96703166,1,1
1,1,0.7981997,1,2
0,0,0.2568863,1,2
0,0,0.057315867,7,2
1,0,0.41930318,2,2
1,1,0.9514902,6,2
0,0,0.0013236167,9,2
1,1,0.7725242,1,1
1,1,0.8916275,1,1
0,0,0.03331268,8,2
0,1,0.5181755,8,1
0,1,0.8956192,9,1
1,1,0.85573393,1,1
0,0,0.025476044,8,1
0,0,0.03774339,1,2
0,0,0.28597528,1,1
0,0,0.00887247,9,2
0,0,0.0630117,1,2
0,1,0.687712,6,2
1,1,0.8554147,1,2
1,0,0.46618813,1,2
1,1,0.95706624,6,2
0,0,0.030281914,9,2
0,0,0.06849258,9,1
1,1,0.80540013,1,2
0,0,0.0033537687,9,1
0,0,0.26195082,8,2
0,0,0.00086341944,8,2
0,0,0.0068997075,9,2
0,0,0.0014318008,9,2
1,1,0.77438223,6,1
1,1,0.8871222,9,2
1,1,0.95677346,1,2
1,1,0.84769696,1,1
1,1,0.652984,8,1
0,0,0.015431557,9,1
0,0,0.0075453487,8,2
0,1,0.75864094,6,2
0,0,0.09251419,9,1
0,0,0.08369362,6,2
0,1,0.92458826,1,2
1,1,0.6131439,9,1
1,1,0.7836692,2,2
1,1,0.5371028,1,2
1,1,0.95985425,1,1
0,0,0.089980006,8,2
1,1,0.5407121,8,1
1,0,0.35088146,8,1
1,0,0.034056313,9,2
0,0,0.20565774,1,1
0,1,0.7096423,9,2
0,0,0.052378077,8,1
0,0,0.14752099,9,1
1,1,0.94904214,1,1
0,0,0.019541796,1,2
1,0,0.33146417,1,2
1,1,0.9002418,6,2
0,1,0.5314343,9,1
0,0,0.24144726,1,1
1,0,0.3378852,6,2
0,1,0.539667,1,2
1,1,0.87777364,1,2
1,1,0.9548068,1,2
0,1,0.5355422,1,2
0,0,0.14769703,1,1
0,0,0.001417225,1,1
1,1,0.9734334,1,2
0,0,0.0109428065,9,2
0,0,0.3637861,1,1
0,0,0.0072163823,6,1
0,0,0.14558326,1,1
1,1,0.5134902,9,1
1,1,0.793816,2,1
0,0,0.19565412,6,2
0,1,0.5058628,8,1
0,0,0.07068815,8,2
1,1,0.9842812,6,1
0,1,0.8532809,2,1
0,0,0.1366116,6,2
0,0,0.099964075,1,2
1,1,0.9442302,6,2
0,1,0.55924416,1,1
0,0,0.39549035,9,2
1,1,0.92802125,8,1
0,0,0.09107444,9,1
1,1,0.86153376,1,2
0,0,0.4701948,9,2
0,0,0.24807894,6,2
1,0,0.27185085,6,2
1,1,0.6577838,6,2
1,1,0.7021825,1,1
1,1,0.98871917,1,2
1,1,0.69560355,8,1
1,0,0.34881788,1,1
0,1,0.76424426,1,1
1,1,0.9642587,6,2
0,1,0.6666295,6,2
0,1,0.66201323,1,1
0,0,0.3709199,9,1
1,1,0.94671494,1,1
0,0,0.014900119,8,1
0,0,0.1291118,1,2
1,1,0.9470811,6,2
0,0,0.044244014,8,2
1,0,0.4028167,9,1
0,0,0.23726262,1,2
0,0,0.119137116,2,1
0,0,0.036440462,8,2
0,0,0.001154632,1,2
0,0,0.47712263,1,1
0,0,0.10382474,1,2
0,0,0.3045639,1,2
0,0,0.03491691,8,2
0,1,0.5751001,2,2
0,0,0.13102898,8,1
0,0,0.012606922,8,2
1,1,0.7959269,6,2
0,1,0.70560694,9,2
1,0,0.1842819,9,2
0,0,0.35019746,8,2
0,1,0.57417107,1,2
1,1,0.8336655,1,2
1,1,0.84704566,6,1
0,0,0.082959555,1,1
1,1,0.96607167,6,1
1,1,0.9463698,6,1
1,1,0.9569455,9,1
1,0,0.33825582,6,1
0,0,0.33187833,6,2
0,0,0.0058224574,6,2
1,1,0.91293776,6,1
1,1,0.5943226,6,1
1,0,0.42025846,1,1
1,1,0.987479,6,1
1,1,0.5712248,9,1
1,1,0.5403231,8,1
0,0,0.03352393,6,1
1,1,0.8996118,6,2
0,0,0.17373286,8,2
1,1,0.68091947,9,1
0,0,0.04416775,1,2
0,0,0.006835201,6,1
0,0,0.00898697,6,2
0,1,0.8919161,3,1
1,1,0.9169219,9,2
0,0,0.29094905,2,2
0,0,0.00039301527,1,1
1,1,0.8345955,1,2
1,1,0.99785405,1,1
0,1,0.8190209,1,2
1,1,0.9810003,8,1
0,0,0.06714934,1,1
1,0,0.34254292,1,1
1,1,0.53544563,8,1
1,1,0.8948654,6,1
1,0,0.11621517,1,1
0,0,0.08034216,8,2
0,0,0.022585064,6,2
0,0,0.071367875,2,1
1,1,0.67765534,8,2
1,1,0.9209807,1,1
1,1,0.99664897,6,2
0,0,0.02141046,8,1
1,1,0.7730757,1,1
0,0,0.117886856,6,2
1,1,0.9231002,1,1
0,0,0.25410053,8,2
1,1,0.5923534,1,1
1,1,0.9102535,6,1
1,1,0.91008794,1,2
0,0,0.014229039,8,1
0,1,0.5380423,6,1
1,1,0.916196,6,1
1,1,0.7681924,1,1
0,0,0.035728402,6,2
0,0,0.006904734,1,1
1,1,0.992092,6,1
0,0,0.018936774,1,2
0,0,0.006767142,1,2
0,0,0.023991473,8,1
0,0,0.04757197,9,2
1,0,0.084578715,8,2
0,1,0.9376085,1,1
0,1,0.84930605,1,1
1,1,0.68770117,1,2
1,1,0.9888704,1,2
0,0,0.29507756,6,2
0,0,0.0055476143,1,2
1,1,0.78007144,1,2
1,1,0.9342068,1,2
1,1,0.85879165,1,1
1,0,0.4770501,1,1
0,0,0.3536056,1,1
1,1,0.97926694,1,1
0,0,0.0024816075,6,1
1,1,0.89055306,1,1
1,0,0.119480915,1,1
0,0,0.18042487,1,2
0,0,0.2774489,1,1
0,1,0.5241783,8,2
0,0,0.014468494,1,2
1,0,0.39338118,1,2
1,1,0.96623915,1,1
0,0,0.19666868,1,1
1,1,0.88286656,1,1
1,1,0.8090002,1,1
0,0,0.45337912,8,2
1,1,0.9367157,6,2
1,1,0.94472724,1,2
0,0,0.43241087,8,1
1,1,0.72415656,1,2
1,0,0.33149937,6,1
0,0,0.2501704,8,2
1,1,0.957884,6,2
1,1,0.9620292,1,2
1,1,0.652471,1,1
1,1,0.9700393,6,2
1,1,0.9321968,1,2
0,0,0.43008497,1,2
0,1,0.5811349,1,2
0,1,0.93592113,9,2
1,0,0.1783879,6,2
0,0,0.024666771,8,1
0,1,0.5454177,2,1
1,1,0.7283811,1,2
1,1,0.99195343,1,2
0,0,0.40058905,6,2
0,0,0.040670138,8,1
1,1,0.95567286,1,1
0,0,0.3185075,1,1
1,0,0.19655594,1,2
1,1,0.9978955,1,1
1,1,0.9623509,6,2
0,0,0.006714413,8,2
0,1,0.75382096,9,1
0,0,0.005687894,8,2
0,0,0.070584364,9,1
1,0,0.44033706,8,1
1,0,0.46162322,9,1
0,1,0.80726314,1,2
0,0,0.11550761,1,2
0,0,0.39134502,8,1
1,0,0.07980895,8,1
1,1,0.993371,8,2
1,0,0.07679273,8,2
0,0,0.0017339586,1,1
1,1,0.9909204,1,1
1,1,0.9553739,1,1
1,0,0.3735686,1,2
1,1,0.8391374,8,1
1,1,0.9057875,6,1
0,0,0.10254358,8,1
0,0,0.058779627,8,1
0,0,0.10361498,3,1
0,1,0.6193285,6,1
1,1,0.59020066,8,2
0,1,0.69954884,9,2
0,0,0.03423426,8,1
0,0,0.21533455,1,1
0,0,0.09130469,1,1
1,1,0.9530236,1,1
1,1,0.8439761,8,1
1,0,0.2627399,1,1
1,1,0.8559783,1,1
1,1,0.7603313,1,2
0,0,0.40418965,1,2
1,0,0.41603628,1,1
1,1,0.6894293,2,1
0,0,0.008206394,8,2
1,1,0.6659565,1,1
1,1,0.78885484,1,1
1,1,0.9760316,1,2
0,0,0.026882993,6,1
1,1,0.8633869,1,2
0,1,0.54219085,3,1
0,0,0.34076887,1,2
0,0,0.12914744,6,1
0,0,0.015265148,1,2
0,0,0.0018380223,8,1
0,0,0.2894767,2,2
0,0,0.026501507,6,2
1,1,0.5386563,9,1
0,0,0.14833577,1,1
0,0,0.014740624,9,1
1,1,0.56727064,6,1
1,1,0.60137445,6,1
0,0,0.23489235,1,2
0,0,0.013920045,8,2
0,0,0.0069703246,9,1
0,0,0.15461224,6,2
0,0,0.26314667,9,2
1,1,0.95029604,1,1
0,0,0.32793933,8,2
1,0,0.3442619,9,1
1,0,0.17587876,8,2
1,1,0.79943234,1,1
1,1,0.74676245,1,1
1,1,0.5605111,8,1
0,0,0.0037546502,6,1
1,1,0.88399607,3,1
0,0,0.0012153654,2,1
1,1,0.9838091,8,1
0,0,0.039880794,9,1
0,1,0.67219204,8,1
0,0,0.003365446,1,2
1,0,0.48122603,1,2
0,0,0.01758905,1,1
0,0,0.000427054,6,2
0,0,0.06153917,8,2
0,0,0.019446757,6,2
0,0,0.060047776,2,1
0,0,0.0007142455,9,2
1,1,0.9911549,1,1
0,0,0.08888297,8,2
1,1,0.9563561,1,2
1,1,0.64845425,9,1
1,1,0.8017104,1,1
0,0,0.4209996,1,2
1,1,0.70338625,1,2
1,1,0.69086146,9,2
0,1,0.6890213,1,2
1,1,0.9328188,6,1
0,0,0.0027881956,1,1
0,0,0.08581924,8,2
1,1,0.78334016,1,1
1,1,0.9151797,6,1
1,1,0.8681935,6,2
1,1,0.8782041,1,2
1,1,0.9913851,1,1
0,0,0.00082534994,1,1
0,0,0.07912444,8,1
1,1,0.8662977,1,2
0,0,0.013889148,1,2
0,0,0.07041371,1,2
0,0,0.35077575,2,2
0,0,0.05993254,1,2
1,1,0.93997514,1,2
0,0,0.4579447,1,2
1,1,0.57098716,1,2
0,0,0.00016355171,1,1
0,0,0.0045014196,8,1
1,1,0.7019059,8,2
1,1,0.57695305,9,2
1,1,0.94976044,1,1
0,0,0.42369115,1,2
1,1,0.9558477,1,1
1,1,0.9607913,1,1
1,1,0.9891578,6,1
1,0,0.10944605,8,1
1,1,0.88964814,1,1
1,0,0.29995188,6,2
1,1,0.98480356,9,1
1,1,0.639265,1,1
0,0,0.06617822,8,1
1,1,0.75625026,1,2
1,1,0.9570964,1,1
1,1,0.79212016,6,2
1,1,0.86930364,1,1
1,1,0.68622965,9,2
1,1,0.92654496,9,2
0,0,0.0073110824,1,2
1,1,0.7113232,8,2
0,0,0.111615576,9,1
1,0,0.27601108,1,1
1,0,0.3675121,6,1
0,0,0.009377385,8,2
0,1,0.8501397,6,1
1,1,0.91399115,1,2
1,1,0.67887735,1,1
1,0,0.09266332,2,1
1,0,0.45796204,9,1
1,1,0.6411763,1,1
0,0,0.008812846,7,2
0,0,0.0074685887,1,1
0,0,0.065804414,9,2
0,0,0.036325645,2,1
0,0,0.026218493,6,1
0,0,0.001756824,9,1
0,0,0.079653926,6,2
0,0,0.01914913,1,2
0,0,0.0007900888,9,2
1,0,0.077605166,1,2
1,1,0.8898369,1,1
1,0,0.38745627,6,2
0,0,0.05531774,1,2
1,1,0.78286016,1,1
0,0,0.019244129,8,2
1,1,0.96013606,1,1
0,0,0.00014254748,9,2
1,1,0.5731467,6,2
1,1,0.92234236,9,1
1,1,0.78179705,8,2
1,1,0.9747014,1,1
1,1,0.93157715,2,2
0,0,0.3142127,2,1
1,1,0.5145338,8,1
0,0,0.00077479676,1,2
1,0,0.23817874,1,2
0,0,0.026836148,9,2
1,1,0.95653486,6,1
1,1,0.744481,6,2
0,0,0.010203755,8,1
0,0,0.042684685,6,2
0,0,0.0066422075,3,1
1,0,0.36134374,1,1
1,1,0.58272207,6,1
1,1,0.76779336,1,1
0,0,0.2451193,9,1
0,0,0.011605794,8,1
0,1,0.84516406,6,2
0,1,0.5420831,8,2
0,0,0.2774983,9,1
1,1,0.85323954,1,1
0,0,0.3274135,1,2
0,0,0.04987367,1,1
1,1,0.6198819,1,1
0,0,0.23558132,9,1
0,0,0.42961273,2,1
0,0,0.0005330949,6,2
1,1,0.8798231,1,1
0,0,0.14864588,8,1
1,1,0.9159941,9,1
0,0,0.04794657,1,2
1,1,0.9546212,1,1
1,1,0.8850397,1,1
0,0,0.21370092,8,2
0,0,0.19406062,6,1
1,1,0.61431617,1,2
1,1,0.5985267,2,1
1,0,0.3554911,9,2
0,0,0.24492595,1,1
0,0,0.39898047,9,2
0,0,0.038594853,8,2
0,0,0.14908674,1,2
0,0,0.0066170883,1,2
1,1,0.8326082,3,2
0,0,0.019679127,8,1
0,0,0.32995793,6,1
1,1,0.9572114,2,2
0,0,0.086076476,8,1
1,1,0.60728645,6,2
0,0,0.033917613,1,1
1,1,0.9840868,1,2
0,0,0.01989103,6,2
1,0,0.45940045,8,1
0,0,0.0037106185,3,1
1,0,0.36433402,9,2
0,0,0.0010157954,1,2
0,0,0.011806253,8,2
1,1,0.96239144,9,1
0,0,0.36269373,6,1
0,0,0.4759442,9,1
0,0,0.010126013,9,1
0,0,0.10814485,8,1
1,1,0.87672526,9,1
1,0,0.13867083,9,1
1,1,0.9803555,1,1
1,0,0.31061065,1,2
0,0,0.18311413,1,1
1,0,0.41652092,1,1
1,1,0.9989153,6,1
1,1,0.7912738,5,1
1,1,0.7540882,1,1
0,0,0.004570956,6,1
1,1,0.7189617,9,2
0,0,0.0006318788,9,1
1,0,0.42284483,6,2
1,0,0.403528,2,1
1,1,0.94497806,8,2
0,0,0.4058321,1,2
1,1,0.8615705,6,2
1,0,0.24670449,8,1
0,0,0.0039289845,8,2
0,0,0.33885357,9,1
1,1,0.95907575,6,2
0,0,0.005762131,1,1
1,1,0.6209823,8,2
1,0,0.15939553,1,2
1,1,0.86524934,1,2
0,0,0.14496115,1,1
1,1,0.8260528,1,1
1,1,0.7419675,1,1
0,0,0.15777579,1,1
1,1,0.9919923,1,1
0,1,0.8144016,8,2
0,0,0.44898623,8,1
1,1,0.9967514,6,1
0,1,0.6862796,1,1
1,1,0.6095359,9,1
1,1,0.6909089,1,1
0,0,0.10018415,8,1
1,1,0.91415143,1,1
1,1,0.8642173,1,1
1,1,0.98265344,6,1
1,0,0.13316047,1,2
1,1,0.6472216,1,1
0,0,0.10429305,8,1
1,1,0.9559463,6,2
1,0,0.059616208,1,1
0,0,0.025488952,9,1
1,1,0.6313972,6,2
1,1,0.83939636,9,1
0,0,0.046326417,9,2
0,0,0.07720153,1,1
0,0,0.0085348915,9,2
1,0,0.3814057,1,1
1,1,0.97415143,1,1
0,0,0.006793766,9,1
0,1,0.7546291,1,1
1,1,0.9774674,6,2
0,0,0.016000863,9,2
0,0,0.0035541079,9,2
0,0,0.36036494,1,2
0,0,0.18769205,8,2
0,0,0.18996075,1,1
0,0,0.22646703,6,1
0,0,0.021033281,9,2
0,0,0.049378425,6,2
1,0,0.38279396,9,2
0,0,0.03761591,6,1
0,1,0.95603275,1,1
0,0,0.021081794,8,2
1,0,0.45566404,8,1
0,1,0.6617656,6,2
1,1,0.8545546,6,2
1,0,0.21159506,1,2
0,1,0.66347224,1,2
1,1,0.8918672,1,1
1,0,0.35177988,8,1
0,0,0.20578083,1,1
1,0,0.31706715,1,2
1,1,0.856782,6,2
0,0,0.09000115,8,1
0,1,0.7159401,8,2
1,1,0.9902136,2,2
0,0,0.3476504,1,1
1,1,0.802824,1,1
0,0,0.03421257,6,2
0,0,0.13363327,1,2
1,1,0.9058504,1,2
0,0,0.08903148,9,2
0,0,0.15019448,1,2
1,1,0.6297811,1,1
1,1,0.97322714,1,1
1,0,0.33248937,7,2
0,0,0.00065315195,8,2
1,1,0.9647352,1,1
1,1,0.9595272,1,1
1,0,0.047622796,1,2
0,0,0.17310315,9,1
0,0,0.00013880715,1,1
1,1,0.90991795,1,1
0,0,0.45703486,1,2
0,0,0.00040949153,1,1
0,0,0.0032256027,9,2
0,0,0.048022248,8,2
1,0,0.3590479,6,1
1,0,0.086291194,6,2
0,0,0.17971854,1,2
0,0,0.14823195,6,1
1,1,0.9811798,6,2
1,1,0.77435267,1,2
1,1,0.9964341,6,2
0,1,0.670602,1,1
0,1,0.6906703,6,2
0,0,0.33307824,8,2
0,0,0.46172363,8,1
0,0,0.075678,8,2
0,0,0.18179998,2,1
0,0,0.15094717,9,2
1,1,0.8451299,6,2
0,1,0.56382877,8,2
0,0,0.43233526,8,1
1,1,0.82097405,6,2
0,0,0.36788476,9,2
0,0,0.00266161,1,1
1,0,0.4250212,1,2
0,0,0.08707452,3,2
1,1,0.5905703,6,2
0,0,0.0028810028,2,2
1,1,0.98664945,1,1
0,1,0.9567288,6,1
1,1,0.8725364,1,1
1,1,0.91616356,6,1
1,1,0.99643755,1,1
1,1,0.9740732,9,1
1,1,0.97605455,1,1
1,1,0.8364992,6,1
0,0,0.37894812,2,2
1,0,0.03874988,6,2
0,1,0.6971375,1,1
0,0,0.32860994,9,2
1,1,0.9755692,1,1
0,0,0.049446344,6,2
1,1,0.917714,1,1
1,1,0.9718289,1,1
1,1,0.96091574,1,1
1,0,0.051759943,1,1
1,1,0.9579551,6,1
1,1,0.743486,1,1
0,1,0.6294704,1,1
1,1,0.8904848,6,2
0,0,0.084514484,9,1
1,1,0.9655518,1,2
1,1,0.6687075,1,2
0,0,0.025606548,8,1
0,0,0.016813489,8,2
1,1,0.72784203,1,1
0,1,0.6320134,1,1
0,0,0.0012476167,9,2
0,0,0.1255418,6,2
1,1,0.91879505,1,2
1,0,0.14466192,9,2
0,1,0.99659425,1,1
0,0,0.49838227,9,1
1,1,0.926934,1,2
1,1,0.8683186,6,1
0,1,0.65286463,1,2
1,1,0.54328316,9,2
0,0,0.09601692,9,1
1,0,0.102371946,8,2
0,0,0.0062547214,5,1
0,0,0.009860675,1,2
0,0,0.0076811356,9,1
1,1,0.6972397,1,1
1,1,0.9669575,1,1
0,0,0.11266642,6,2
1,1,0.8868282,8,1
1,1,0.70395404,6,2
1,0,0.36991322,1,1
0,0,0.297579,6,1
0,0,0.0829214,1,1
0,0,0.010998701,9,2
1,0,0.35117745,8,1
1,0,0.33811712,2,1
0,0,0.19030872,9,1
0,0,0.052486558,1,2
0,0,0.18644163,1,1
0,0,0.0098494515,9,1
1,1,0.53274566,1,2
1,1,0.95807284,9,2
0,0,0.0013741185,6,2
0,1,0.6224858,8,2
1,1,0.952609,6,2
0,0,0.030124465,1,2
0,0,0.03601652,9,1
1,1,0.52269053,1,1
1,0,0.3425814,8,1
1,1,0.8805991,9,1
1,1,0.8974654,9,1
0,0,0.017264584,8,1
1,0,0.13677256,8,1
0,0,0.23898594,6,2
0,0,0.068033196,1,1
0,0,0.01625544,8,2
0,0,0.019654227,8,2
1,0,0.19371817,8,1
0,0,0.0041586347,1,1
0,0,0.00025873852,2,1
1,0,0.47690845,9,1
1,1,0.8726534,1,2
0,0,0.06359427,1,1
1,1,0.76913446,1,1
0,0,0.006040458,8,2
0,1,0.6287332,6,2
1,1,0.9934469,6,1
0,0,0.38497478,9,1
1,1,0.9793595,1,1
1,0,0.21930371,6,1
1,1,0.95549,1,1
1,1,0.9838689,3,2
0,0,0.24729723,8,2
1,1,0.9794404,9,1
0,0,0.0007928817,1,1
1,1,0.8163644,8,1
1,0,0.16560867,9,2
1,1,0.9955141,6,1
0,0,0.25076228,2,2
0,0,0.060787465,1,2
0,0,0.3589238,2,1
0,0,0.25764686,8,1
0,1,0.5626835,1,2
0,0,0.3949339,6,2
1,0,0.34831777,6,1
1,1,0.72409153,1,2
0,0,0.0046122554,1,1
0,0,0.1926804,9,1
0,0,0.0033660878,1,1
0,0,0.18797715,6,1
1,1,0.7343368,1,2
0,0,0.0077139228,8,2
0,0,0.14918567,6,2
0,0,0.094845876,1,1
0,0,0.06936997,9,2
1,1,0.96637547,1,1
1,0,0.41996467,1,2
0,1,0.5232909,9,1
1,1,0.6040166,1,1
1,1,0.986839,1,1
0,1,0.72680664,9,2
0,0,0.00021775317,8,1
0,0,0.06006079,1,1
0,0,0.013552023,6,2
1,1,0.92798513,1,1
0,0,0.0048793866,8,2
1,1,0.6327587,6,2
0,0,0.061804347,1,2
1,0,0.08691416,6,1
1,0,0.23842143,9,1
1,1,0.9858598,6,2
0,0,0.021601532,1,2
1,1,0.74865973,8,2
1,1,0.9657371,6,2
1,1,0.8685077,1,1
1,0,0.42590648,1,2
0,0,0.003179129,9,1
0,1,0.564414,1,2
0,1,0.8466173,9,2
1,1,0.95783997,1,1
0,0,0.0025898495,8,1
0,0,0.001037423,8,1
1,1,0.9763465,9,1
1,1,0.9556312,6,1
1,1,0.9593481,1,1
1,0,0.40327248,1,1
0,0,0.31301922,6,1
1,1,0.95335233,6,1
1,1,0.9050932,1,2
1,0,0.21532467,1,1
1,0,0.324943,9,2
0,0,0.19121702,6,2
0,0,0.046165794,8,2
1,1,0.7702894,6,1
1,1,0.883864,9,2
1,0,0.053077627,8,1
1,1,0.99313885,6,2
1,1,0.9383092,1,2
0,0,0.118704304,9,2
0,0,0.45025784,9,1
1,1,0.86141455,6,1
1,1,0.7613444,2,1
0,0,0.11437864,9,2
1,1,0.587591,9,1
1,1,0.6987432,9,1
1,1,0.9796841,9,1
1,0,0.36096886,6,2
0,0,0.12587449,9,1
1,1,0.657107,1,2
0,0,0.04842639,8,2
0,0,0.1576821,8,1
1,0,0.20768419,8,1
1,1,0.9499254,9,2
0,0,0.015528246,6,2
0,0,0.14763387,8,1
1,1,0.8405003,1,1
0,0,0.067864925,8,1
0,0,0.40165055,9,2
1,1,0.9263974,1,2
1,1,0.69080627,1,2
1,1,0.5409947,1,1
1,1,0.8622493,1,2
1,1,0.72796667,1,1
0,1,0.56228065,9,1
1,0,0.38873914,8,1
0,0,0.2185637,1,2
0,1,0.6959973,8,1
0,0,0.03887865,9,1
0,0,0.05079752,8,1
1,1,0.98041266,9,2
0,1,0.7011785,1,1
1,1,0.76414615,2,1
1,1,0.960985,1,1
0,0,0.19680004,1,2
1,1,0.6293405,1,1
1,1,0.9520475,6,2
0,0,0.29792824,8,1
0,0,0.07729453,6,1
1,1,0.9907607,6,1
0,0,0.048842635,8,2
1,1,0.90103924,6,2
0,0,0.23734313,8,2
1,1,0.53398746,6,1
0,0,0.09925479,3,1
1,1,0.98838496,1,1
1,1,0.95943654,1,1
0,1,0.85884666,6,2
1,1,0.9940513,1,2
1,0,0.22148229,1,1
0,0,0.002400407,1,2
1,1,0.6932258,1,1
0,0,0.0046588345,8,2
1,1,0.8585443,9,2
1,1,0.5073874,9,1
0,0,0.0074105198,9,2
1,1,0.95572484,1,1
1,0,0.4002971,6,1
1,0,0.106637366,6,1
1,1,0.7391843,1,1
1,1,0.9544358,1,1
1,1,0.9732423,1,1
0,1,0.54794574,6,2
0,0,0.05253271,8,2
0,1,0.87837,1,1
1,1,0.96699923,1,1
0,0,0.37274948,1,1
1,0,0.36263168,1,1
1,1,0.9842003,1,1
0,0,0.3283741,2,1
0,0,0.028048718,6,2
1,1,0.9726883,9,1
0,0,0.05224306,1,1
1,1,0.67148936,1,2
0,0,0.009077726,9,2
1,1,0.544707,1,2
0,0,0.22059429,8,2
0,0,0.19744042,6,1
0,0,0.016197529,2,2
0,0,0.010625759,9,2
0,1,0.77963316,8,1
1,1,0.99299157,6,2
1,1,0.84301144,9,1
1,0,0.41100326,9,2
0,0,0.028909972,8,1
1,1,0.857065,6,1
1,0,0.1897225,1,2
0,0,0.005374329,9,2
0,0,0.012282973,3,2
1,1,0.89179724,6,2
0,1,0.6742767,1,1
1,0,0.117312334,2,2
1,0,0.18598095,1,1
0,0,0.0009001052,8,2
1,1,0.9675684,6,1
0,0,0.0117430845,8,1
1,1,0.98371017,8,2
1,1,0.9184086,8,2
1,0,0.16073506,1,1
0,0,0.0042394307,9,1
0,0,0.17367817,9,1
0,1,0.73418206,6,2
0,0,0.0010740161,1,2
0,0,0.38274387,1,2
1,0,0.023978027,1,2
0,0,0.042545184,8,2
0,1,0.7130426,9,2
0,0,0.121592015,6,2
0,1,0.7059529,1,2
1,1,0.9981188,1,2
0,0,0.02646629,2,1
1,1,0.7549248,6,2
0,0,0.14523527,9,1
0,0,0.40139222,1,2
0,0,0.0037234083,8,2
0,0,0.0058934228,8,1
0,0,0.041466035,6,1
0,0,0.035360128,1,1
1,0,0.13345996,1,2
0,0,0.045017306,6,1
0,0,0.0038336616,6,2
1,1,0.9182765,1,1
0,0,0.019962285,6,2
0,0,0.27775773,8,1
1,1,0.84471184,1,2
1,1,0.5799882,6,2
1,1,0.8928715,1,1
0,0,0.026246373,8,2
1,1,0.9393188,6,1
0,0,0.20886974,8,2
1,0,0.44330105,1,1
1,1,0.9666723,6,1
0,0,0.08804971,8,2
0,0,0.013839504,6,1
0,0,0.037289657,9,1
1,1,0.8533619,6,2
0,1,0.81766367,8,1
1,1,0.7587666,1,1
1,1,0.9427981,1,1
1,1,0.8095688,9,1
1,1,0.82854915,9,1
1,0,0.3734418,8,1
1,0,0.4697937,8,1
1,1,0.97337013,6,1
1,1,0.96045566,1,1
1,1,0.9668523,6,1
1,1,0.9386233,1,2
0,0,0.011204716,1,1
1,1,0.929091,1,1
0,0,0.012541276,1,2
1,1,0.85996765,1,2
1,1,0.75344634,1,2
0,0,0.4002339,9,2
0,0,0.07952725,9,1
0,0,0.47667247,6,2
1,1,0.9368088,1,2
0,0,0.057043202,1,1
1,1,0.57151,1,2
1,0,0.35691172,1,2
0,0,0.101537995,1,2
1,1,0.8798022,1,2
1,0,0.06955173,6,2
0,0,0.030535411,8,1
0,0,0.00254851,8,1
1,1,0.9702121,6,1
1,0,0.048583917,2,1
0,1,0.95319295,1,2
0,0,0.015104508,1,2
1,1,0.96276236,1,2
0,1,0.79904974,1,2
0,0,0.33104652,8,1
1,1,0.7542863,8,2
0,0,0.016339177,8,1
1,1,0.77874655,9,1
0,0,0.088201776,3,2
1,1,0.9737578,1,1
0,0,0.034088947,6,2
1,1,0.95822495,2,1
0,0,0.14079216,8,1
0,0,0.01062788,1,2
0,0,0.121304415,1,2
1,1,0.9320558,1,2
0,0,0.03915968,6,2
1,1,0.9970054,6,2
1,1,0.97323245,1,1
1,1,0.8968322,6,1
0,0,0.008507996,1,2
0,1,0.9673387,6,1
0,0,0.021611087,1,2
1,1,0.9348597,1,2
0,1,0.571473,6,2
1,1,0.9982822,6,1
0,0,0.050398912,1,1
1,0,0.20741165,8,1
1,1,0.9612691,6,1
1,1,0.91463864,6,1
1,1,0.9048249,9,2
0,1,0.9054825,6,1
0,0,0.120063275,6,2
1,0,0.3388877,1,2
1,1,0.75608677,1,2
0,0,0.068051,8,2
1,1,0.99837625,6,2
1,1,0.98375493,1,1
0,0,0.043838352,8,2
0,0,0.00563963,9,1
1,1,0.86161333,1,2
0,0,0.44771436,1,2
1,1,0.8637754,1,1
0,0,0.033108287,8,2
0,0,0.12895474,9,2
0,0,0.03222171,8,1
0,0,0.00016555078,1,2
0,0,0.09710241,8,2
1,1,0.9313196,6,2
0,0,0.00067271624,8,2
1,1,0.90549845,1,1
1,0,0.40784222,1,2
0,0,0.31240708,9,1
0,0,0.06337362,8,1
1,1,0.78814834,8,2
1,1,0.9891734,1,2
0,0,0.0030034264,6,2
1,1,0.88981384,1,1
1,1,0.7915006,1,1
1,1,0.77368873,1,1
1,1,0.946423,1,2
1,0,0.30006227,6,2
1,0,0.4091837,6,2
1,1,0.8341509,9,1
0,0,0.009164859,8,2
1,0,0.47306147,2,2
0,0,0.360133,6,1
0,0,0.39503318,1,1
1,1,0.8367571,1,2
1,1,0.58283275,9,2
1,1,0.99552494,1,1
1,1,0.7021289,1,1
0,0,0.03272697,8,2
0,0,0.07863751,9,1
0,0,0.43263012,1,1
0,1,0.62513334,6,1
1,0,0.46294042,9,1
1,1,0.7666286,8,1
0,0,0.25753206,9,1
0,0,0.11812021,1,2
0,0,0.18681294,8,1
0,0,0.099553965,6,1
1,1,0.9820802,1,1
0,0,0.01536475,8,2
1,0,0.25389054,1,1
0,0,0.022343496,8,2
1,1,0.7179075,1,1
1,1,0.9521497,6,1
0,0,0.0017688989,8,2
0,0,0.009232337,1,2
1,1,0.7973453,1,2
1,0,0.41129184,1,1
1,1,0.95854306,6,2
1,0,0.29243845,1,1
0,1,0.89995515,6,2
1,1,0.94603175,6,1
1,1,0.5788604,8,1
1,0,0.3890947,8,1
0,0,0.005402291,9,2
0,0,0.3691573,1,2
0,0,0.039590754,1,1
0,0,0.013726166,1,1
0,0,0.07857562,2,2
1,1,0.56322753,9,2
0,0,0.009039571,8,1
0,0,0.030460166,9,2
0,0,0.109846406,8,1
1,1,0.7785068,6,2
1,1,0.6646761,1,1
0,1,0.54120445,1,2
0,0,0.0010384688,3,1
1,1,0.7955513,1,1
1,1,0.9612529,1,1
0,0,0.08042573,9,2
1,1,0.9226785,6,2
1,0,0.38437998,8,1
0,0,0.10342869,1,1
1,1,0.9745336,9,1
1,1,0.93759394,2,1
0,0,0.09641123,2,1
0,0,0.0006898196,8,2
0,1,0.92768335,1,1
1,1,0.9224285,1,2
0,0,0.24013133,9,1
0,0,0.0017419519,2,2
1,1,0.9149343,1,2
0,0,0.059660215,1,2
0,0,0.028230613,1,2
1,1,0.8950405,9,2
0,1,0.78902847,2,1
1,1,0.98514533,1,1
0,1,0.98106706,5,1
1,0,0.4612472,9,1
1,0,0.33808202,9,1
1,1,0.89035463,9,1
0,0,0.23428892,8,1
1,1,0.68838674,8,1
0,0,0.28736436,1,1
0,0,0.2166416,8,1
1,0,0.37491715,9,2
0,0,0.06520892,8,2
1,1,0.98136556,1,1
1,0,0.41942286,8,1
0,0,0.0008087465,6,2
0,0,0.1135642,2,1
0,0,0.4528465,1,2
0,0,0.00018975578,6,1
1,1,0.9168582,1,1
0,0,0.2745776,1,2
0,1,0.5489927,8,1
1,0,0.10046173,9,1
0,0,0.0039920257,8,1
0,0,0.033392057,1,2
0,0,0.35804522,8,2
0,0,0.06821702,8,2
1,1,0.98841405,6,1
0,0,0.003505267,8,1
0,0,0.08648384,1,1
0,1,0.89478445,6,2
1,1,0.872101,1,1
0,0,0.24743104,2,2
1,1,0.69805175,6,2
1,0,0.03084669,9,1
0,0,0.24316481,1,2
0,0,0.10384863,1,2
1,1,0.8579135,2,1
0,0,0.0128664365,2,2
0,1,0.6828971,9,1
1,1,0.7406408,2,2
1,1,0.9681675,1,1
0,0,0.016383396,8,1
1,1,0.510534,1,2
0,0,0.12234815,1,1
0,0,0.22051822,8,1
1,1,0.7035479,8,1
1,1,0.9585817,1,1
1,1,0.9910205,6,1
1,1,0.92837137,1,2
1,1,0.810755,1,1
0,0,0.032930262,2,1
0,0,0.007836134,1,2
1,0,0.44343117,6,1
0,0,0.21226253,6,1
1,1,0.6227346,1,1
0,0,0.04304284,8,2
1,1,0.71850723,1,1
0,0,0.13354072,8,2
0,1,0.5427856,1,2
1,0,0.11503967,6,2
1,0,0.049448878,1,2
0,0,0.006599693,9,2
1,1,0.96690327,1,1
1,0,0.43187225,8,1
1,1,0.7906472,1,1
1,0,0.16264658,8,1
0,1,0.85511726,1,2
1,1,0.69854456,1,2
0,0,0.018090962,8,1
0,0,0.30800432,3,1
0,0,0.042774003,9,2
0,1,0.88090265,2,2
0,0,0.012293981,8,2
1,1,0.9693862,1,1
1,1,0.9817632,9,2
1,0,0.34635153,1,1
1,1,0.9603013,1,1
0,0,0.07153687,1,2
0,0,0.011056159,1,2
1,0,0.4492015,8,2
1,1,0.5552759,8,2
1,1,0.6635254,1,1
1,1,0.75496286,6,2
1,1,0.95479614,6,2
1,1,0.82097614,6,2
0,0,0.03372841,2,1
0,0,0.23166373,1,1
0,0,0.012948727,8,2
0,0,0.01250248,2,2
1,1,0.91541976,1,1
0,0,0.29846856,1,2
0,0,0.04203325,8,2
1,0,0.4482663,6,1
1,1,0.9623545,1,2
1,1,0.86496705,1,1
1,1,0.73517764,1,1
0,1,0.5574927,1,2
0,0,0.37715885,6,1
1,1,0.9685514,6,1
1,1,0.8770525,1,1
1,1,0.5642312,3,1
1,1,0.95824206,6,1
1,0,0.40739933,1,1
1,1,0.61737657,1,1
0,0,0.40407187,8,2
0,0,0.0010486146,8,2
1,0,0.24312218,1,1
0,0,0.0055191717,9,2
0,0,0.27706552,8,1
1,1,0.9731943,1,1
1,1,0.99791247,6,1
0,0,0.025607584,9,2
1,1,0.98037165,6,1
0,0,0.432343,1,2
1,0,0.3669457,1,1
1,1,0.89174825,1,2
0,0,0.346566,1,1
1,1,0.75998044,6,2
0,0,0.108995445,8,2
0,0,0.22029306,8,1
0,0,0.018665418,2,2
0,0,0.10185364,8,2
1,1,0.6795711,9,1
0,0,0.0015416376,8,2
0,1,0.88535607,1,1
0,0,0.015005956,8,1
0,0,0.024104677,6,1
1,1,0.9465591,1,2
1,1,0.77697456,1,2
1,1,0.9298059,1,2
0,1,0.88209593,1,1
0,0,0.30007556,8,1
0,0,0.37599778,9,2
1,0,0.09819019,8,2
0,0,0.11980718,2,2
0,0,0.047028143,1,1
1,1,0.9062488,2,1
1,1,0.9323537,1,1
1,1,0.6705498,1,1
0,0,0.08955428,6,2
1,1,0.9741805,1,1
1,1,0.7462302,1,2
1,1,0.7837773,9,1
0,0,0.008807249,1,2
0,0,0.00165882,1,1
1,0,0.23914583,6,1
1,0,0.47771183,8,2
1,1,0.68545324,8,1
0,0,0.18302254,8,1
0,0,0.037215922,8,2
0,0,0.0015225797,9,1
0,0,0.33034655,9,1
1,1,0.9379538,1,1
1,1,0.988898,1,1
0,0,0.05041046,8,1
1,1,0.94208443,6,1
1,1,0.9917394,1,2
0,0,0.4567184,1,1
0,0,0.0001580513,9,1
0,0,0.4510039,3,2
1,1,0.95427233,1,1
0,0,0.002665945,8,2
0,0,0.15275219,8,1
1,1,0.88149595,1,2
1,1,0.98576075,9,1
0,1,0.8629648,6,1
0,0,0.060851146,9,2
0,0,0.13234496,8,1
1,1,0.9532375,1,2
0,0,0.0010912847,1,2
1,1,0.99163365,1,1
1,1,0.9276072,1,2
0,0,0.05805725,9,2
0,0,0.0055296686,6,2
0,0,0.40090528,1,2
1,1,0.98811215,1,1
0,0,0.31014404,9,2
0,0,0.093373194,8,2
1,0,0.18607207,6,1
1,1,0.64934164,6,2
0,0,0.0077715367,9,2
0,0,0.06894975,1,2
0,0,0.04914956,1,2
0,0,0.017977377,1,2
0,0,0.0005302433,8,2
1,1,0.94677794,6,2
1,1,0.98047936,1,1
0,0,0.019871281,8,2
1,1,0.8503621,6,1
1,1,0.6158475,1,2
0,0,0.028726524,8,1
0,0,0.0015178967,9,2
0,0,0.006498704,8,1
1,1,0.7907141,1,2
0,1,0.966075,1,1
1,0,0.2579209,1,1
1,1,0.9417634,9,1
0,0,0.08901456,9,1
0,0,0.1730297,8,2
0,0,0.13669214,1,2
1,1,0.96544856,6,1
1,1,0.9396378,6,1
0,1,0.8624438,6,2
0,0,0.32896808,1,2
0,0,0.045711063,1,1
0,1,0.662539,6,1
1,1,0.9582409,1,2
1,1,0.9191029,1,1
0,0,0.13928178,8,2
1,1,0.9801688,1,2
0,0,0.4689294,9,1
1,1,0.7017843,6,1
1,1,0.8617537,8,1
1,1,0.64015317,8,1
1,1,0.8680357,8,1
1,1,0.9097778,1,2
1,1,0.9159681,6,2
0,0,0.039469313,1,1
1,1,0.61236,1,1
0,0,0.28678656,9,1
0,0,0.0018132956,1,2
1,1,0.9878919,1,1
0,0,0.24225028,8,1
0,0,0.108083434,6,2
0,0,0.1723597,1,1
1,1,0.7295311,9,2
0,0,0.17742795,1,1
1,1,0.9856511,1,1
1,1,0.965878,1,1
1,1,0.89732385,6,1
1,1,0.84513074,1,1
1,1,0.93942684,1,2
1,1,0.98713845,9,1
0,0,0.0003135426,3,1
0,0,0.03712266,6,1
0,0,0.3606207,6,1
1,0,0.11436276,8,1
0,0,0.008654641,8,1
1,1,0.9506316,1,1
0,0,0.28719133,6,2
0,1,0.7917786,9,1
1,1,0.9161071,1,2
1,0,0.45844367,9,1
1,1,0.9931718,2,1
1,1,0.5621695,1,2
1,1,0.9458204,1,1
0,0,0.3710839,8,1
0,0,0.02157705,8,1
1,1,0.616184,1,2
1,1,0.98155457,1,1
1,1,0.5000277,1,2
1,0,0.35110694,6,1
0,0,0.013524704,1,2
0,0,0.03993617,6,2
0,0,0.38316697,6,1
0,0,0.02056201,1,2
0,1,0.6170568,8,1
1,0,0.16792592,1,2
0,0,0.4098275,6,2
0,1,0.8028296,1,1
1,0,0.4665582,1,2
0,0,0.06635957,9,1
1,1,0.8942241,1,1
1,1,0.5419891,1,2
1,1,0.86439013,1,1
0,0,0.055075247,8,2
0,0,0.22541244,9,1
0,0,0.012853374,8,1
0,0,0.08324699,3,1
0,0,0.058827385,1,2
0,0,0.1809391,6,1
0,0,0.015112335,6,2
1,1,0.9457621,1,1
1,0,0.48062932,1,1
0,0,0.0060379165,2,2
1,1,0.93138754,1,2
0,0,0.06763125,6,1
1,1,0.9926615,1,1
1,0,0.05497768,6,1
1,1,0.97893286,1,1
0,0,0.022946695,2,2
0,0,0.31004205,1,2
0,0,0.1624655,8,2
1,1,0.9878126,1,1
0,1,0.8866377,1,1
0,0,0.13287373,8,2
0,1,0.6095567,1,2
0,0,0.10607643,8,2
0,0,0.045707554,8,2
1,1,0.5698415,6,2
0,1,0.59184057,1,1
0,0,0.009157963,9,2
1,1,0.96537894,9,1
1,0,0.086065546,9,1
0,0,0.22729166,9,1
0,0,0.28400755,1,1
0,0,0.396971,1,2
0,0,0.0023598853,6,2
0,0,0.28331965,6,2
0,1,0.7693949,6,1
1,1,0.69712114,9,1
0,1,0.66240144,8,1
0,0,0.019259151,9,2
1,0,0.30315608,8,2
1,1,0.9949715,9,2
0,1,0.72690994,6,1
0,0,0.0010765899,9,2
1,1,0.99159193,6,1
1,1,0.87368155,1,1
0,0,0.16587634,8,1
1,1,0.69946206,9,2
0,0,0.24317019,8,1
1,1,0.5151362,9,1
1,1,0.98463714,1,1
1,1,0.9579734,6,1
1,0,0.49148315,9,1
0,0,0.3486004,6,1
1,1,0.84786737,6,1
0,0,0.19351627,1,1
1,1,0.94730145,1,1
1,1,0.6688038,1,2
0,0,0.00869015,1,2
1,0,0.39788985,1,1
0,0,0.34883446,1,2
1,1,0.9721934,1,1
0,0,0.09129822,9,1
0,0,0.0016753394,1,1
0,1,0.73325455,6,2
0,0,0.19669844,8,2
1,1,0.9446725,1,1
1,0,0.4426153,6,2
0,0,0.0009507399,9,2
0,0,0.14491664,8,2
1,1,0.82209337,1,2
1,1,0.81454223,6,1
1,1,0.95229125,1,1
0,1,0.9132269,1,1
1,1,0.96533096,6,2
1,1,0.95971316,1,2
1,1,0.68490785,6,1
0,0,0.38363796,9,1
1,0,0.36088303,8,2
1,1,0.94872165,1,2
0,0,0.0050941263,8,2
0,0,0.010026834,8,2
0,0,0.020281397,6,2
1,1,0.7959872,8,1
1,0,0.4882383,6,2
0,0,0.18704258,8,1
0,0,0.113788374,6,1
0,0,0.02222382,1,1
0,0,0.06841677,8,2
0,0,0.009473105,8,2
1,1,0.97819054,1,1
0,1,0.7623085,1,1
0,0,0.06919979,2,2
1,1,0.996545,8,2
0,0,0.06641241,8,1
0,0,0.18914688,8,1
0,0,2.3483182e-05,9,2
0,1,0.57920194,2,2
0,0,0.0116006145,6,1
0,0,0.021189043,8,2
0,0,0.0779739,1,2
0,0,0.0034291362,9,2
0,0,0.11101884,9,2
0,0,0.07212827,1,2
0,0,0.0031674886,8,1
1,1,0.99183464,6,1
0,0,0.23260055,1,1
0,0,0.39213318,9,2
0,0,0.04061308,6,2
1,1,0.8494612,1,2
1,1,0.73809713,2,2
0,0,0.0034812286,6,2
0,0,0.47839814,9,1
0,0,0.020159038,9,2
1,1,0.7306871,8,2
0,0,0.12106445,8,1
0,0,0.3110315,8,1
1,1,0.9460886,1,1
1,1,0.86092615,6,2
0,0,0.21913645,6,2
0,1,0.93241596,6,2
0,0,0.19988033,1,2
1,0,0.46366486,6,1
1,1,0.7007666,6,1
0,0,0.009583547,1,2
1,1,0.82185423,9,1
0,1,0.5055289,1,1
1,1,0.53237534,1,1
0,1,0.7262806,9,2
1,1,0.5686358,1,2
1,1,0.9263301,1,1
1,1,0.9405907,1,2
0,0,0.037196714,6,1
1,1,0.8662246,1,2
1,1,0.87210625,1,2
0,1,0.7774349,1,2
0,0,0.136163,6,2
0,0,0.1202872,1,2
0,0,0.03732717,8,2
0,0,0.002088327,6,2
0,0,0.1997191,6,1
1,1,0.9868199,1,2
0,0,0.08499402,9,1
0,0,0.26339665,2,1
0,1,0.51888394,6,2
1,1,0.9452429,1,1
0,0,0.22961783,6,2
1,1,0.95186186,6,2
0,0,0.32837874,1,1
1,1,0.78271157,1,1
1,1,0.7021328,1,2
0,0,0.048639655,1,1
1,1,0.8608154,9,2
0,0,0.35159,9,1
1,1,0.8822136,9,2
1,1,0.91551465,1,2
1,1,0.90230525,1,1
0,0,0.043348998,8,1
1,1,0.91849315,1,1
1,1,0.9824823,1,2
0,0,0.011319815,9,2
0,0,0.14802133,8,1
0,0,0.09112316,8,2
0,0,0.050546773,8,2
0,0,0.045696575,8,2
1,1,0.89071673,6,2
1,1,0.9125782,3,1
0,0,0.002762405,1,1
0,0,0.0035527502,1,2
0,0,0.2112541,9,1
1,1,0.912465,1,2
1,1,0.50789577,2,2
0,0,0.20415898,9,2
0,0,0.006664201,8,2
0,1,0.67432106,6,1
0,0,0.25369987,9,1
1,1,0.9699416,1,1
1,0,0.018465437,1,2
0,0,0.06253293,9,2
0,0,0.02720291,9,2
1,1,0.58903354,1,1
0,0,0.09502347,6,1
1,1,0.9471857,1,1
1,1,0.94316643,1,1
1,0,0.23377854,8,1
0,1,0.77460897,1,2
0,1,0.9812949,1,2
0,0,0.034505982,1,1
0,1,0.6232889,8,1
0,0,0.020397393,8,1
1,1,0.8255323,6,2
0,0,0.24510974,8,1
0,0,0.06878623,6,1
1,1,0.5328336,1,2
0,0,0.33999443,8,1
0,0,0.0023603826,3,1
1,1,0.9805714,6,1
1,0,0.13219185,1,2
0,1,0.8242557,2,2
1,1,0.59574574,1,2
1,1,0.8963805,1,2
1,1,0.84518796,9,1
0,0,0.0012429192,9,2
1,1,0.84050405,1,2
0,0,0.24815801,1,2
0,0,0.38600498,8,2
0,0,0.09855927,9,1
1,0,0.0005233879,8,1
0,1,0.56041706,9,1
1,1,0.9850874,2,1
1,1,0.5915735,9,2
1,1,0.5688214,6,2
0,0,0.41479772,9,1
0,0,0.0018810673,9,1
0,0,0.049366977,1,2
1,1,0.97289217,6,2
1,1,0.56952894,1,2
0,0,0.36104208,9,2
1,1,0.88069385,6,1
1,1,0.9940544,1,1
1,1,0.95760465,1,2
1,1,0.9630975,6,1
1,1,0.67799175,8,1
0,0,0.33234486,9,1
1,0,0.24500659,1,1
0,1,0.9881058,1,1
0,0,0.034805946,9,2
0,0,0.1094277,2,2
0,1,0.88556135,8,1
1,1,0.9125594,8,2
1,1,0.636559,1,2
1,1,0.9707546,1,1
0,0,0.4574074,9,1
1,1,0.87713623,1,1
1,1,0.9704443,6,1
0,0,0.1035842,8,2
1,1,0.82064676,1,1
1,1,0.96889395,6,1
0,0,0.11851407,9,2
1,1,0.92533565,1,1
1,1,0.8066603,6,2
0,0,0.3689458,6,2
1,1,0.9039086,1,1
0,0,0.17601728,1,2
0,1,0.85126215,8,2
0,1,0.7640041,3,1
1,1,0.57586247,1,1
1,1,0.88843435,6,1
1,1,0.92234737,6,2
0,0,0.41230673,9,2
0,0,0.46294776,9,1
0,0,0.0055171065,1,2
1,0,0.04416364,9,1
0,0,0.010936858,6,1
0,0,0.02891617,9,2
0,0,0.00036734555,6,2
1,1,0.5332784,6,1
0,0,0.20666136,9,2
1,0,0.24110003,6,2
0,0,0.051057998,8,2
1,1,0.9764786,9,1
1,1,0.8432054,1,1
1,0,0.37772685,1,2
0,1,0.6239151,1,1
0,0,0.0046484205,1,1
0,1,0.93191636,9,2
1,1,0.9423722,1,1
1,1,0.8539673,1,1
1,1,0.97491676,1,1
0,0,0.31504393,1,1
1,0,0.28282735,9,2
1,1,0.95478624,6,1
0,0,0.0074445987,6,2
0,1,0.51269567,9,2
1,0,0.26631686,1,2
0,0,0.20496827,1,2
1,0,0.4222342,9,1
0,0,0.053303033,9,2
0,0,0.00026220057,1,2
1,1,0.9708555,9,1
1,0,0.048817057,8,2
0,0,0.042308796,8,2
1,1,0.9629307,1,1
0,0,0.014642464,8,2
1,1,0.95280516,6,1
0,0,0.25919032,1,1
1,1,0.94539714,1,1
1,1,0.58534163,1,2
0,0,0.19772477,1,2
1,1,0.6153883,8,2
0,0,0.4062526,8,2
1,1,0.57131624,9,1
1,1,0.62294537,6,1
0,0,0.035037912,2,2
0,0,0.07480433,6,2
1,1,0.9957755,2,2
0,0,0.015910735,8,1
1,1,0.9346478,1,1
0,0,0.16236621,2,2
0,0,0.024643566,1,1
0,1,0.66616416,6,1
0,0,0.074263304,1,2
1,1,0.8795985,1,2
0,0,0.000774451,6,2
1,1,0.88500655,6,1
1,1,0.8765021,8,2
0,0,0.0011008799,8,2
1,1,0.9687988,1,2
0,1,0.57877445,1,1
0,1,0.89428407,1,2
0,1,0.84739023,1,1
1,1,0.9423305,6,2
1,1,0.5912572,9,2
1,0,0.3953104,9,2
0,0,0.15663172,9,1
1,1,0.96951956,8,1
1,1,0.9207448,6,1
0,0,0.035098072,8,1
0,0,0.007913919,8,2
1,1,0.99274653,6,1
1,1,0.9876292,1,1
0,0,0.143234,1,1
1,1,0.9151353,1,2
0,0,0.044148557,9,1
1,1,0.9823775,6,1
0,0,0.43917012,6,1
0,1,0.6111533,2,1
0,1,0.88910264,9,2
1,1,0.8909169,5,2
1,1,0.93872845,1,1
1,1,0.9559059,2,2
0,0,0.015041577,8,1
0,0,0.120446354,1,2
1,0,0.049701937,8,1
0,1,0.79761803,1,2
1,1,0.9658361,2,2
0,0,0.3265158,8,1
1,1,0.9778626,1,2
0,0,0.31517652,8,1
0,1,0.90541923,9,1
0,0,0.4638888,1,1
1,1,0.67301565,6,1
1,1,0.9157198,9,2
0,1,0.70540726,1,2
0,0,0.36626506,1,1
1,1,0.8883567,1,2
1,1,0.99840623,6,1
0,0,0.024464237,8,2
1,1,0.9823247,1,2
1,1,0.890018,1,2
1,0,0.38103703,8,1
0,0,0.00057013583,3,2
1,1,0.93559945,6,1
1,1,0.92719394,2,2
0,0,0.014688236,8,2
1,1,0.8066523,1,1
0,0,0.36392877,1,1
0,0,0.25849,1,1
1,1,0.86992836,6,2
1,1,0.9932422,1,1
0,1,0.68878365,9,1
1,1,0.7252146,9,1
0,0,0.07031234,8,2
0,0,0.010511058,1,1
1,1,0.983588,1,1
1,0,0.36867532,1,1
1,1,0.53864145,2,2
1,1,0.5513317,6,2
1,1,0.85810876,9,2
0,0,0.011291432,1,2
1,1,0.99335855,6,2
1,1,0.8475978,6,2
0,0,0.09835124,1,2
1,0,0.049186498,8,1
0,0,0.047042113,6,2
0,0,0.07483733,8,1
1,1,0.91437143,1,1
1,1,0.95842195,1,2
1,1,0.9688451,1,2
0,1,0.6312889,9,1
0,0,0.14076404,1,2
0,1,0.7153095,2,2
0,1,0.9732116,1,2
1,0,0.42894435,1,2
0,0,0.026392967,8,2
0,0,0.13927926,9,1
0,0,0.00722318,6,2
1,1,0.9731151,6,2
0,0,0.0027181543,6,1
0,1,0.8428829,1,2
0,0,0.032835122,6,1
0,1,0.96285427,1,1
1,1,0.9803075,9,2
0,0,0.032759782,1,2
0,0,0.007897982,6,2
1,0,0.033244755,8,1
1,1,0.73795766,1,1
1,1,0.84314466,8,2
1,0,0.21501854,1,1
0,0,0.4956021,8,2
0,0,0.21932134,6,1
0,0,0.08222458,2,1
1,0,0.26830488,9,1
1,1,0.8701749,6,1
0,0,0.021585243,1,1
1,0,0.057596665,1,2
1,1,0.5641515,1,2
1,1,0.9608363,1,1
0,0,0.0054918732,9,1
0,0,0.14502057,9,1
1,1,0.9029362,1,2
1,1,0.7888277,9,1
1,1,0.9135888,9,2
1,1,0.9514137,6,2
1,1,0.86309034,9,2
1,1,0.9921049,8,1
1,1,0.98697114,1,2
1,1,0.9806138,1,1
0,0,0.033492267,8,2
1,1,0.8243321,1,1
1,1,0.6351387,2,1
1,1,0.98402643,1,1
1,0,0.38029963,1,1
1,1,0.8635152,6,2
0,0,0.0013560408,6,1
1,1,0.9100511,6,2
0,0,0.008116067,8,1
1,1,0.9182541,1,2
0,0,0.3803734,1,1
1,1,0.8862195,1,1
0,0,0.205778,1,1
0,0,0.034314215,1,2
1,0,0.28506878,2,2
1,1,0.97825444,9,2
1,1,0.9601717,6,1
1,0,0.3982157,1,1
0,0,0.006799895,9,2
0,0,0.45878413,8,1
1,1,0.6326165,1,2
1,1,0.67948765,8,1
0,0,0.0003461356,8,2
1,0,0.4948228,8,1
1,1,0.8549869,1,1
0,0,0.11165976,8,1
0,0,0.033899065,8,1
0,0,0.033987265,8,2
1,1,0.9812806,1,1
1,0,0.23501715,8,2
1,0,0.39234862,1,2
1,1,0.9078724,6,2
1,1,0.8986878,8,2
1,1,0.97348535,1,1
0,0,0.097367026,6,1
0,0,0.09866761,1,1
1,1,0.9870143,6,2
0,1,0.7505546,1,1
1,1,0.8750619,1,1
1,1,0.99070007,1,1
0,0,0.06292372,9,2
1,1,0.9821847,6,1
0,0,0.18686323,1,2
1,1,0.98523116,1,1
0,0,0.21171224,3,1
1,1,0.9664638,1,1
1,1,0.9164357,6,2
1,1,0.98564756,1,1
1,0,0.09742244,3,1
1,1,0.87269574,6,1
0,0,0.20922811,8,1
1,1,0.9569539,1,1
1,1,0.9972324,6,1
0,0,0.007393532,8,2
0,1,0.9303655,1,2
0,0,0.2099661,9,2
1,1,0.59575546,9,1
0,0,0.008395307,8,2
0,0,0.3245547,8,1
0,0,0.45465335,2,2
1,1,0.8871487,1,2
0,0,0.008087607,2,2
0,1,0.93497086,6,1
1,1,0.6239744,6,2
1,1,0.60469687,9,1
1,1,0.7791869,9,1
0,1,0.71091163,1,2
1,0,0.4384118,1,1
1,1,0.5292285,1,1
0,0,0.01637066,8,2
0,0,0.44765458,8,1
0,0,0.25042093,9,2
1,1,0.5934094,8,1
1,1,0.9458063,1,1
0,0,0.033285525,1,1
1,1,0.5231078,6,2
0,0,0.023517318,8,2
1,1,0.69218236,1,1
0,0,0.011106877,9,2
0,0,0.14389628,1,1
1,1,0.9570112,6,1
0,0,0.08838654,9,1
0,1,0.9048882,6,2
1,1,0.9865044,1,1
0,0,0.1771582,8,2
1,1,0.9187904,9,2
1,1,0.97083414,6,2
1,1,0.8167793,1,2
1,1,0.90715307,6,1
1,1,0.84420055,1,2
0,0,0.07989157,8,2
1,1,0.67789316,8,2
1,1,0.8382066,9,2
0,0,0.0038442889,9,2
0,0,0.00075958954,9,2
1,1,0.9236081,6,2
0,0,0.005764142,6,1
0,0,0.009528537,8,1
1,1,0.8426729,6,1
0,1,0.62680995,1,2
0,0,0.020439453,8,2
0,0,0.038061637,8,2
0,0,0.0996606,9,2
1,1,0.88570833,8,1
1,0,0.36047655,6,2
1,1,0.88364,9,2
1,0,0.44729605,1,1
0,0,0.27972764,1,1
1,0,0.064683035,8,1
1,1,0.7457208,1,2
0,0,0.23915428,1,2
0,0,0.48836896,2,1
1,1,0.9134848,9,2
0,0,0.0019685472,9,2
1,1,0.7585331,1,1
0,1,0.6553091,6,1
0,0,0.011713372,1,1
0,0,0.03415466,2,1
0,0,0.15939853,1,1
0,0,0.011598406,1,1
0,0,0.45332554,6,1
0,0,0.22518027,6,2
0,1,0.8932633,1,1
0,0,0.122999005,8,1
1,1,0.9847291,1,1
0,0,0.2094006,8,2
1,1,0.53795713,2,2
0,0,0.013138497,9,2
1,0,0.40560573,7,1
1,1,0.91045547,1,2
0,0,0.18688445,1,2
1,1,0.97439235,6,2
0,0,0.26223207,1,2
1,1,0.95954376,1,1
0,1,0.7942482,1,2
1,1,0.93787,6,1
0,1,0.68926966,1,2
1,1,0.8451459,8,1
0,1,0.7274541,8,2
1,1,0.96409225,1,1
0,0,0.0031930688,8,1
0,0,0.35034811,9,1
0,0,0.09772492,6,1
0,0,9.727547e-05,8,1
0,0,0.004047839,8,2
1,1,0.8605196,1,2
0,0,0.0042777495,1,2
1,1,0.8605521,1,2
0,1,0.98263437,6,1
0,0,0.18444164,9,1
1,1,0.96208936,1,2
0,1,0.7827855,9,2
0,0,0.0028013692,8,2
0,0,0.31012025,8,1
0,0,0.12322691,8,2
0,0,0.22532576,8,1
0,0,0.19325893,6,2
1,1,0.8267444,1,2
0,0,0.00036099248,5,2
1,1,0.9978613,1,1
0,1,0.55751526,3,1
0,0,0.0026136243,8,1
0,0,0.13852452,6,2
0,0,0.06180216,8,1
0,0,0.00088784134,6,1
1,1,0.87883604,6,1
1,1,0.84242654,6,2
1,0,0.18978894,1,1
1,1,0.7460651,1,2
0,0,0.4285691,9,1
0,0,0.08761656,8,1
1,1,0.8787863,1,1
1,1,0.7867839,1,2
1,0,0.42642012,9,1
1,1,0.8053284,6,1
1,1,0.89633304,1,1
1,1,0.99025846,1,1
1,1,0.7967131,8,2
1,1,0.87551385,1,2
0,0,0.004203535,1,1
0,0,0.060117476,1,2
0,0,0.10244576,9,1
0,0,0.018358417,8,1
0,0,0.20709474,1,1
1,0,0.0073795086,9,2
0,0,0.4406523,2,1
1,0,0.08059427,2,1
0,0,0.0003084795,1,2
0,1,0.8238965,1,2
1,1,0.82252914,1,2
1,1,0.93652624,6,1
0,0,0.21294528,8,2
1,0,0.093368635,9,1
0,0,0.019515835,1,2
0,1,0.9196917,1,1
1,1,0.8203594,2,1
1,1,0.99110645,6,1
0,0,0.0664103,9,1
0,0,0.07321655,1,2
1,0,0.03750157,1,1
0,0,0.04930023,6,2
0,0,0.020462498,8,1
1,1,0.9880733,1,1
0,0,0.050981674,8,2
1,1,0.94103986,9,1
0,0,0.34499788,8,1
1,1,0.8915965,1,2
0,0,0.076594226,8,1
1,0,0.1537788,2,1
0,0,0.045400854,1,1
0,0,0.00580489,6,2
0,0,0.015970688,5,2
1,0,0.4060637,9,1
1,1,0.6218,1,1
0,0,0.07254265,1,2
0,0,0.060962964,6,2
1,1,0.96799994,1,1
0,0,0.04019138,1,2
1,0,0.40479192,1,2
1,1,0.98702294,1,1
1,1,0.65267295,1,2
0,0,0.41181618,3,1
0,0,0.4884207,9,1
1,1,0.6850466,1,1
1,1,0.96037143,2,2
0,0,0.09264866,8,2
1,1,0.9023209,1,2
0,0,0.06064404,8,1
0,0,0.45714265,9,2
1,1,0.7778112,1,1
0,0,0.12845469,1,1
0,0,0.20400184,2,2
1,1,0.98709303,1,1
0,0,0.3724424,1,2
0,1,0.8802706,9,1
1,1,0.88548195,8,1
0,1,0.8904168,6,2
0,1,0.74594903,1,1
1,0,0.040973715,1,2
0,1,0.90766203,1,2
1,1,0.8884153,6,1
1,1,0.8943422,1,2
0,0,0.107725434,8,2
0,0,0.0041491785,3,1
0,0,0.01190459,6,2
0,0,0.41057637,1,1
0,1,0.5040246,8,1
0,0,0.26464474,6,1
1,1,0.864189,6,2
0,1,0.5642976,8,2
0,0,0.38949585,1,1
0,0,0.4684109,1,1
0,0,0.184076,1,1
0,0,0.023211246,8,2
1,1,0.9648374,1,1
0,1,0.75226253,8,2
1,0,0.45238444,8,2
1,1,0.7401852,8,1
0,0,0.0027411112,9,2
1,1,0.8108434,1,2
0,0,0.023834348,9,1
1,1,0.7332225,9,2
1,1,0.8816751,6,2
1,1,0.9766286,1,1
0,0,0.0992308,1,2
0,0,0.17488006,8,2
0,0,0.03701939,1,2
0,0,0.1906109,1,2
0,0,0.1994137,6,1
1,0,0.44360706,6,2
1,0,0.45140228,1,1
0,0,0.0057072625,1,1
1,0,0.08637812,9,1
0,0,0.0043101097,8,2
1,1,0.95053667,1,1
0,0,0.01796022,1,2
0,1,0.87218845,9,1
1,1,0.9848818,1,2
0,0,0.008534787,6,2
1,1,0.81360656,6,2
1,1,0.5880387,1,2
1,1,0.85061216,6,2
1,0,0.32794687,1,1
0,0,0.012192835,1,2
0,1,0.8223698,1,1
0,0,0.0031997766,1,1
0,0,0.09816108,8,1
1,1,0.94884783,1,1
0,1,0.5800792,9,1
0,0,0.04981644,7,1
0,0,0.045551796,1,2
0,0,0.35659346,9,1
0,1,0.852684,2,1
0,1,0.66722995,8,1
1,0,0.07425916,1,1
1,1,0.940106,1,1
0,0,0.03705828,1,2
1,1,0.8695376,1,2
0,0,0.010689042,9,2
0,0,0.22531171,1,2
1,1,0.6363441,1,2
1,1,0.8437096,6,1
1,1,0.77210945,1,1
0,0,0.022672897,1,2
0,0,0.064179994,6,2
0,0,0.022356777,1,1
1,1,0.9085234,6,1
0,1,0.91687906,6,1
0,1,0.576086,9,1
1,0,0.14602758,8,1
1,1,0.99398416,6,1
0,0,0.051169705,6,2
0,0,0.043406587,8,2
1,0,0.43870416,9,1
0,1,0.5541596,9,2
1,1,0.92984676,9,1
1,1,0.76300347,6,2
1,1,0.5904811,6,1
1,1,0.85772747,1,2
0,0,0.028506236,6,2
0,0,0.00514034,6,1
0,0,0.16636065,1,1
1,1,0.8557691,1,1
1,1,0.9921077,1,1
0,0,0.0031818058,8,2
1,1,0.9344886,1,1
1,1,0.7823224,9,1
0,0,0.004273919,6,2
1,1,0.9625454,1,1
1,1,0.99319357,1,1
1,0,0.052646548,6,2
0,0,0.15265468,2,2
1,0,0.33484158,6,1
0,0,0.00043207014,1,2
0,0,0.019773655,1,2
1,1,0.98509175,6,1
0,0,0.009128527,5,1
1,1,0.9743525,1,1
1,1,0.7921494,8,1
1,1,0.8214771,1,2
1,0,0.36563426,9,1
0,0,0.041980386,9,1
0,0,0.03017463,8,2
0,0,0.0827086,9,1
1,1,0.9671697,1,2
1,0,0.19682632,8,1
0,0,0.46400002,1,1
0,1,0.87609017,9,1
1,1,0.5755846,6,1
0,0,0.014817004,1,2
0,0,0.3581099,1,1
0,0,0.3197341,2,2
0,1,0.5377141,2,1
0,0,0.0030588694,8,2
0,0,0.02913068,9,2
1,1,0.9167842,6,1
1,1,0.81163245,9,1
1,1,0.9660188,1,1
0,0,0.015711663,1,1
0,0,0.2893466,9,2
0,0,0.44114646,8,2
1,1,0.93857425,6,2
1,1,0.9921523,1,1
0,0,0.0038172456,1,1
1,1,0.58021766,1,1
0,0,0.04455365,6,2
0,0,0.1663909,8,1
0,0,0.04250387,8,2
0,0,0.02799695,8,1
0,0,0.0195431,1,2
1,1,0.9620784,1,2
0,0,0.3800129,1,2
0,0,0.31905994,9,2
1,1,0.9938612,1,1
0,0,0.03651178,1,2
1,1,0.9354051,1,2
1,1,0.9434388,1,2
0,0,0.012258913,9,1
0,0,0.0013906036,6,2
1,1,0.832145,3,2
1,1,0.5891855,8,1
0,0,0.006137772,6,2
1,1,0.956071,8,1
0,0,0.03039646,1,2
1,1,0.97631454,1,1
0,0,0.24436384,9,2
0,0,0.19327725,1,1
1,1,0.6967104,9,2
0,0,0.028335769,8,2
1,1,0.61471605,1,1
0,1,0.90020907,6,1
1,1,0.66638833,8,1
1,1,0.9561654,9,1
1,1,0.9797499,6,1
1,0,0.49841994,1,1
1,1,0.9942338,6,1
1,0,0.015054631,8,2
1,1,0.94411373,1,1
0,0,0.11541449,8,2
0,0,0.37899858,6,1
1,1,0.98542124,6,1
0,0,0.0864645,8,2
0,0,0.3649344,1,1
0,0,0.018513706,8,2
0,1,0.7307881,2,1
1,1,0.52357477,1,1
0,0,0.03765457,6,1
0,0,0.14557938,9,1
0,0,0.07046326,8,2
0,1,0.672748,9,1
1,1,0.80993474,1,2
0,0,0.07115864,8,1
0,1,0.72803295,1,1
1,1,0.52243644,2,1
1,1,0.8298787,1,1
0,0,0.001945169,9,1
1,1,0.98046345,6,1
0,0,0.0127919465,1,2
0,0,0.34308562,9,2
0,0,0.010798932,6,2
0,0,0.016086979,8,1
1,1,0.77624285,1,1
1,1,0.9769424,9,1
1,1,0.9481262,1,1
0,0,0.37285772,8,1
0,0,0.00089731504,1,2
0,0,0.27809906,2,2
1,0,0.3318868,8,2
1,1,0.59884983,1,1
1,0,0.08744231,9,2
0,0,0.012136007,9,1
1,1,0.9960228,1,2
0,0,0.23113906,9,1
0,0,0.002770092,8,1
1,1,0.9933509,1,1
1,0,0.3159911,3,2
0,0,0.16388172,9,1
0,0,0.041154206,1,2
0,0,0.01867315,8,1
0,1,0.7466986,1,2
0,0,0.45503,1,1
0,0,0.010929258,8,1
0,0,0.053922407,9,2
1,1,0.9907548,6,2
0,0,0.3516327,6,1
0,0,0.070440434,1,2
0,0,0.092525385,8,2
1,1,0.97584367,1,1
0,0,0.0018634197,8,2
1,0,0.027771374,9,1
0,1,0.50449234,9,1
1,1,0.8427762,6,1
1,1,0.868544,8,1
0,0,0.2900997,8,2
1,1,0.92025447,1,2
0,0,0.082814835,7,2
0,0,0.08079797,6,2
0,0,0.010637054,9,2
1,0,0.4718462,2,2
0,0,0.40725467,1,1
0,0,0.08519814,8,1
1,1,0.6111191,1,1
1,1,0.9658293,1,1
0,1,0.6147982,1,1
0,0,0.26701823,6,2
0,0,0.019771472,1,2
0,0,0.113710925,9,1
1,0,0.11203981,9,2
0,0,0.00090862514,1,2
1,1,0.9759543,1,1
0,0,0.18539086,9,1
0,0,0.058233097,9,1
1,0,0.24397582,9,2
1,1,0.9474,9,1
1,1,0.608045,2,2
0,1,0.89498246,6,2
1,0,0.48726895,6,2
0,0,0.30230018,9,1
1,1,0.58290523,6,2
0,0,0.05009989,8,2
1,0,0.11791736,6,1
1,1,0.7883181,9,1
1,1,0.61817354,1,1
0,0,0.28648707,9,1
0,1,0.9349206,6,1
0,0,0.4398835,1,2
0,0,0.14181045,2,2
1,1,0.8533604,6,1
1,1,0.96499467,8,1
1,1,0.9383998,6,1
0,0,0.34210294,1,2
0,0,0.3209964,1,2
0,1,0.6156917,6,2
1,0,0.43019995,8,1
0,0,0.116204895,8,1
1,0,0.48348,2,1
1,1,0.94135696,6,2
0,0,0.16855147,9,1
1,1,0.9650525,2,2
0,0,0.068328746,9,1
0,0,0.00038517106,6,1
1,1,0.9234739,6,2
1,1,0.5412267,6,2
1,1,0.99194324,1,2
0,1,0.87274003,1,1
1,0,0.1781644,6,1
0,0,0.040288694,9,2
1,1,0.95934886,1,1
0,0,0.05213984,1,1
0,0,0.08519284,9,1
0,1,0.60781115,1,1
1,1,0.9503617,1,1
0,0,0.17897972,8,2
1,1,0.50654703,8,1
0,0,0.030115223,9,1
0,0,0.14800416,6,1
1,1,0.82327527,9,1
1,0,0.3871715,8,2
0,0,0.00035725746,1,1
1,1,0.5940292,1,1
1,1,0.92831266,1,1
0,0,0.16827928,1,1
1,1,0.6770113,1,1
0,0,0.008871469,6,2
0,0,0.011434708,8,1
1,1,0.939794,6,2
1,1,0.85439384,1,1
0,1,0.6135573,9,1
1,1,0.9684055,1,1
1,1,0.6859822,1,1
0,1,0.98075175,1,1
0,0,0.041973233,8,2
1,0,0.23601076,9,2
0,1,0.9547157,9,2
0,0,0.11159573,8,1
1,1,0.9811859,1,1
0,1,0.9266025,1,1
0,0,0.008002813,9,2
0,0,0.38419953,2,2
0,0,0.0018369806,1,1
1,1,0.9861188,1,1
1,1,0.84752816,1,1
1,1,0.9179544,8,1
1,1,0.8293262,8,1
0,0,0.20738822,1,2
0,0,0.16899066,8,1
0,0,0.47131196,9,2
0,0,0.45174012,6,1
1,0,0.40393665,6,2
1,1,0.6582853,1,1
1,1,0.60506094,2,1
1,1,0.6751959,8,1
1,1,0.98941237,1,1
1,0,0.2919912,6,2
1,1,0.85503507,1,1
1,0,0.3475559,8,2
1,1,0.96799403,6,1
0,0,0.07089649,9,2
0,0,0.006865449,8,1
1,1,0.63534755,1,1
0,0,0.010625729,5,2
0,0,0.009690504,6,2
1,1,0.83411914,1,2
0,0,0.1051722,9,2
1,1,0.88399136,8,1
0,1,0.85925996,6,2
0,1,0.8062538,1,2
0,0,0.20009767,8,1
0,0,0.008456595,1,2
0,0,0.045861024,8,1
1,1,0.98489326,1,1
1,1,0.97228754,1,1
1,1,0.6506857,9,1
0,1,0.8091228,6,1
1,1,0.9738636,1,1
0,1,0.6567234,1,2
0,0,0.00027242643,1,1
0,0,0.12085309,1,2
0,1,0.7440811,6,1
0,0,0.00018831833,1,1
0,1,0.7642047,1,1
0,0,0.029631281,8,1
0,1,0.7941742,1,1
1,0,0.37685505,8,2
0,0,0.17956093,6,1
0,0,0.11644691,1,1
1,0,0.21200348,2,2
0,0,0.17970368,1,2
1,1,0.9636785,6,1
0,0,0.106300294,1,1
1,1,0.9796591,1,1
0,1,0.62185603,8,1
1,0,0.19560353,8,1
1,1,0.69052875,1,1
0,0,0.006717667,8,1
0,0,0.018148884,6,2
1,0,0.31921586,9,1
1,1,0.6697931,2,2
0,0,0.026594138,8,2
0,0,0.012449389,1,2
1,1,0.9281933,1,1
1,1,0.58474445,1,2
1,1,0.6661162,1,2
0,0,0.012491423,1,2
1,1,0.9919282,8,1
1,1,0.56309956,1,1
1,0,0.22545047,8,1
1,1,0.9595851,6,2
1,1,0.71849024,6,2
0,0,0.26406023,1,2
0,0,0.017053645,1,2
0,0,0.1639036,9,2
1,1,0.7271228,6,2
1,1,0.8451766,1,2
1,0,0.46828702,8,2
1,1,0.90788275,9,1
1,1,0.9564008,6,1
1,1,0.9527497,1,1
0,0,0.00051331194,9,1
0,0,0.00081335113,8,2
1,1,0.9333919,1,2
0,0,0.039674576,8,1
1,0,0.114500865,8,1
0,0,0.10952946,9,2
0,0,0.18462077,9,1
1,1,0.7514529,1,1
0,1,0.61412054,8,1
0,0,0.02026891,8,1
0,0,0.004460348,9,2
1,0,0.3098213,1,2
1,0,0.47927737,1,1
0,0,0.49198973,2,2
1,0,0.38006407,1,1
0,0,0.45214474,2,1
0,0,0.00041007085,8,2
1,1,0.77496743,6,1
1,0,0.015544975,1,2
0,1,0.83977264,6,2
1,1,0.9543848,6,1
0,0,0.29382086,9,1
1,1,0.6952329,9,1
0,0,0.015016059,2,1
1,1,0.9124584,2,1
1,1,0.9030311,8,2
0,0,0.060831957,8,2
0,1,0.66546065,1,1
1,1,0.99618596,1,1
0,1,0.5105527,1,1
0,0,0.39102516,6,1
0,0,0.071583755,9,2
1,0,0.24982801,9,1
0,1,0.9334305,9,2
1,0,0.3449568,8,1
0,0,0.27332678,1,1
1,1,0.65793025,1,1
0,0,0.061342087,6,2
1,1,0.5966868,1,1
1,1,0.8431075,1,2
1,1,0.6266049,8,2
0,0,0.012431593,8,2
1,1,0.94052905,6,2
1,1,0.82805365,1,2
1,1,0.7114483,1,1
0,1,0.9048029,1,1
1,0,0.35094404,9,1
0,0,0.24661775,9,1
1,1,0.9732957,6,1
1,1,0.93050027,6,1
1,1,0.9095705,1,1
1,1,0.80355763,6,1
1,1,0.9768247,9,1
1,1,0.9908249,6,1
0,1,0.9103088,1,2
0,0,0.08313341,9,2
1,0,0.06464207,1,1
0,0,0.29992843,8,1
0,0,0.0018290109,6,2
0,0,0.38142914,1,2
0,0,0.003997177,9,1
0,0,0.12579554,9,1
1,1,0.7614457,1,2
1,1,0.9421928,9,1
0,0,0.037187707,8,2
1,1,0.9758756,9,1
1,1,0.8806564,6,1
1,1,0.99442685,6,2
0,0,0.18100716,6,2
1,1,0.8805747,1,1
0,0,0.18053907,6,1
0,0,0.38759992,9,1
0,0,0.042439636,1,2
0,0,0.25052997,8,2
1,0,0.42418715,1,1
0,1,0.64526606,1,1
1,1,0.53587216,2,2
1,1,0.9427653,9,1
1,1,0.9748898,6,1
1,1,0.9314478,6,2
0,0,0.2857571,9,1
0,0,0.032939065,1,2
1,1,0.9896236,1,2
0,0,0.0013802286,9,1
0,1,0.89364785,1,1
0,0,0.018736398,9,2
0,0,0.1800972,1,2
1,1,0.6454756,9,1
0,0,0.4289065,1,2
0,0,0.34172323,1,2
0,0,0.15287158,1,1
1,1,0.74204963,8,2
1,1,0.90497416,1,2
1,1,0.90692234,1,1
1,0,0.22905931,9,2
1,1,0.62010044,1,2
0,0,0.04960462,8,2
0,0,0.45079288,3,2
1,1,0.82281435,1,1
0,0,0.007511776,1,2
0,0,0.012736899,1,1
1,1,0.62540984,1,2
1,1,0.7380101,1,2
1,0,0.13171555,6,1
0,0,0.4345079,1,2
0,1,0.9943252,1,1
0,0,0.28618485,1,2
0,0,0.21436024,9,2
0,0,0.005001672,1,2
1,1,0.6501652,6,1
1,1,0.9411865,6,1
1,1,0.9922106,6,2
1,1,0.8170474,9,2
1,1,0.64277357,1,1
0,1,0.58008045,6,1
1,1,0.79816204,6,2
0,0,0.0028043478,1,1
0,0,0.21938302,1,1
0,0,0.31528267,9,1
1,1,0.9165883,1,2
0,0,0.16413835,1,2
1,1,0.96002585,6,2
0,1,0.8950478,6,2
1,0,0.1332026,8,1
0,0,0.0018829753,8,2
1,1,0.59135413,1,1
0,0,0.027992558,1,2
0,0,0.087986015,1,2
0,0,0.3126395,1,1
1,1,0.8421364,9,1
1,1,0.7182106,9,1
1,1,0.60302794,1,1
0,0,0.24516252,8,2
0,0,0.008152006,8,2
1,0,0.49620715,9,2
1,1,0.5273074,1,1
0,0,0.3536199,6,1
1,1,0.6807618,1,1
0,0,0.017472075,1,2
0,0,0.0907313,1,2
1,0,0.37647066,9,2
1,1,0.8855349,1,1
1,1,0.7426908,9,1
0,0,0.49933818,6,1
1,1,0.817544,2,2
0,0,0.38252157,6,1
0,0,0.01270495,6,1
0,0,0.0027514726,6,2
1,1,0.74675006,6,1
0,1,0.9834616,1,1
1,0,0.14318542,6,1
1,1,0.9837804,1,1
1,1,0.99061346,1,1
1,1,0.9554406,1,1
1,1,0.84164524,1,1
0,0,0.0977331,3,1
1,1,0.72577775,9,1
0,0,0.21227339,1,1
1,0,0.116878025,1,2
0,0,0.0012349484,8,1
1,1,0.9469601,1,2
0,0,0.14605233,9,1
0,0,0.19387169,6,1
0,0,0.08748349,8,2
0,1,0.98708934,1,1
0,1,0.6893908,9,1
0,0,0.042725008,3,1
0,0,0.026412591,9,1
0,0,0.062642455,9,2
1,1,0.7810751,6,1
0,0,0.06262907,8,1
0,0,0.4888662,1,1
0,0,0.0097206365,1,2
1,1,0.97464854,1,2
1,1,0.8663021,1,2
0,1,0.71334493,6,1
1,1,0.9180157,1,1
1,0,0.44449782,9,2
1,0,0.44888785,1,2
1,1,0.83972275,1,2
0,0,0.0046601435,9,1
1,1,0.95469445,1,1
0,1,0.8160327,6,2
1,1,0.85884815,8,1
1,1,0.9293671,6,1
1,1,0.9942855,6,1
0,0,0.117529064,8,1
1,0,0.37493345,1,1
0,1,0.87306523,1,1
1,0,0.15582654,3,1
1,1,0.9390538,6,1
0,0,0.1262811,2,1
0,0,0.14313433,8,2
0,0,0.0010058499,3,1
0,0,0.23389128,1,2
0,0,0.48927784,2,1
0,1,0.83030576,1,1
0,0,0.00093711587,9,2
0,0,0.00085453485,8,2
0,0,0.003542485,8,2
0,0,0.008296623,6,1
0,0,0.17581476,9,1
0,0,0.0016649868,6,2
0,0,0.0005328168,1,2
0,0,0.018355543,9,1
1,1,0.9729232,6,1
0,0,0.020683367,1,1
0,1,0.79858565,6,2
1,1,0.928015,1,1
1,1,0.8307812,9,2
0,1,0.58649004,6,2
0,0,0.36871254,1,2
0,1,0.77195776,1,2
0,0,0.08330212,1,1
1,1,0.933477,1,2
1,1,0.973457,1,1
1,1,0.8218948,1,1
1,1,0.85874313,1,1
0,0,0.33525288,8,1
1,1,0.8573946,1,1
1,1,0.7323518,8,1
1,0,0.264025,8,2
1,1,0.94473517,1,2
0,0,0.011787514,1,2
1,1,0.90536785,7,2
1,1,0.98137903,9,2
0,0,8.827463e-05,8,1
1,1,0.8487605,8,1
0,0,0.102113254,6,2
1,0,0.17337206,1,2
0,0,0.00014679784,8,1
0,0,0.041643966,6,2
1,1,0.96855664,1,1
1,1,0.55365145,1,2
1,1,0.93137676,1,2
0,0,0.00022098255,1,1
1,1,0.9671765,1,1
0,0,0.00065415684,6,2
0,1,0.90827984,1,1
1,1,0.8852276,6,2
0,0,0.01668561,9,2
0,0,0.21537142,2,2
1,1,0.9045272,1,1
1,1,0.9881202,6,1
0,0,0.07116544,1,1
1,1,0.82366174,8,1
1,1,0.83274305,1,1
0,0,0.11669373,6,2
1,1,0.9823842,1,2
1,1,0.9237541,1,1
1,1,0.9374106,1,2
1,0,0.022894725,6,2
0,0,0.43543327,2,1
0,1,0.55808264,6,2
1,1,0.8428737,1,1
1,0,0.32533625,8,1
1,0,0.0917544,1,1
1,1,0.9668677,6,2
0,0,0.00050361897,1,2
0,1,0.8674083,6,1
0,0,0.07744734,6,2
0,0,0.22667272,1,1
0,0,0.033320885,8,2
1,1,0.97115415,9,1
0,0,0.09478277,8,1
0,0,0.22810404,9,1
1,1,0.9654439,9,1
0,0,0.042310793,6,2
0,0,0.123458125,6,1
1,0,0.08365607,9,2
1,1,0.71558255,1,2
1,1,0.9636159,9,2
1,1,0.9990735,6,2
1,1,0.8735881,1,1
1,1,0.63758975,8,1
0,0,0.008716958,1,2
0,1,0.53368306,1,1
1,1,0.8885008,1,2
0,0,0.32040077,1,2
0,0,0.014108829,8,2
1,1,0.92935324,1,1
0,0,0.004508797,1,2
0,0,0.102698214,8,1
1,1,0.91351867,1,1
1,0,0.40644667,1,1
0,1,0.5196984,1,1
1,1,0.77410865,2,1
1,1,0.9829574,6,1
0,0,0.17106828,9,2
0,1,0.5659947,6,1
0,0,0.0066448916,9,2
0,0,0.16772677,8,2
1,0,0.34426966,6,2
1,1,0.84982866,6,2
1,1,0.8435396,8,2
1,1,0.9309066,1,1
0,0,0.017822076,6,1
1,1,0.505953,8,2
0,0,0.078021996,1,1
1,1,0.9934443,6,1
1,1,0.9148524,9,2
1,1,0.7161272,1,1
0,0,0.00025912415,1,1
0,1,0.85252637,8,2
0,0,0.00072663295,6,2
1,1,0.99587774,6,2
0,0,0.39438573,1,2
0,0,0.323432,1,1
0,0,0.4724372,9,2
1,1,0.836152,8,2
0,0,0.04205282,1,2
0,0,0.0047020707,1,2
1,1,0.9786613,1,1
1,0,0.2462859,6,2
0,0,0.005080789,9,2
1,1,0.58852583,9,1
0,1,0.71577317,8,2
1,1,0.635095,9,1
0,1,0.87812316,1,2
1,0,0.102068536,8,1
0,0,0.1682507,5,1
1,1,0.585068,1,2
1,1,0.9097718,6,1
0,1,0.7588698,1,1
0,1,0.60477114,1,2
1,1,0.9323657,9,2
0,0,0.011817318,6,1
1,1,0.9986987,1,1
1,1,0.86975855,1,1
0,0,0.14305155,1,1
0,0,0.19313751,9,1
1,1,0.857961,8,1
0,0,0.002984277,9,1
0,0,0.27302665,6,2
0,0,0.3034042,1,2
0,0,0.23292476,8,1
0,0,0.004910527,2,1
0,0,0.0004628155,9,2
1,0,0.44096345,9,2
0,0,0.00032436659,1,1
0,1,0.5181178,8,1
0,0,0.23225242,9,1
0,0,0.0348385,1,1
1,1,0.7150345,1,1
1,1,0.92715526,1,2
1,1,0.9087889,1,1
0,1,0.66928446,1,2
0,0,0.37657043,1,1
1,1,0.9268115,1,1
0,0,0.0005311934,6,2
1,0,0.09115292,1,2
1,1,0.9881179,1,1
1,1,0.9378989,8,2
1,1,0.9259218,1,1
1,1,0.60721594,1,2
0,0,0.35313216,1,1
1,1,0.87530804,1,2
0,0,0.007046065,6,1
0,0,0.13912743,1,2
0,0,0.39889443,9,1
1,1,0.93946826,8,1
0,0,0.016674215,9,1
0,0,0.058236092,6,1
0,0,0.37436885,9,2
1,1,0.96783644,6,1
0,0,0.040451273,6,1
0,0,0.32938546,1,1
1,1,0.9485508,1,1
0,0,0.01552084,9,2
0,0,0.029059937,9,2
1,1,0.60286653,1,1
0,0,0.007639751,9,1
0,0,0.116083294,1,2
0,0,0.00081332633,8,2
0,0,0.39531264,8,2
0,1,0.80288565,1,1
1,1,0.9346801,1,2
0,0,0.0033488679,6,1
0,0,0.45846704,6,1
0,0,0.40660116,2,1
1,1,0.5133946,1,1
1,1,0.6527303,1,1
1,1,0.8620599,1,1
0,0,0.2709057,8,2
0,1,0.81943655,1,2
0,0,0.034709156,9,2
1,1,0.9917101,1,1
0,0,0.07686328,1,2
1,1,0.98201936,9,1
0,0,0.0006569499,1,1
1,1,0.82628506,1,1
1,0,0.045197252,8,2
0,0,0.0016587647,3,2
1,1,0.9564109,1,1
1,1,0.79828507,8,2
1,1,0.99432474,1,1
1,0,0.2626943,8,2
1,0,0.016861442,6,2
0,0,0.005477256,8,2
0,0,0.48509163,9,2
1,1,0.8789553,8,1
0,0,0.00988405,8,2
0,0,0.030028325,2,1
0,1,0.8299972,1,2
0,0,0.037878357,8,1
0,0,0.038806576,1,1
0,0,0.14053862,8,2
0,0,0.060325276,8,1
1,1,0.89764965,1,1
0,0,0.001892461,8,2
1,1,0.7868985,1,1
1,0,0.43198532,8,1
1,1,0.9837428,1,2
1,0,0.39826807,1,2
0,1,0.58863497,1,1
1,1,0.9915173,1,1
0,0,0.16865735,8,1
0,0,0.10812389,9,1
1,1,0.97510034,6,1
0,0,0.49094212,9,1
0,0,0.12200323,6,2
0,0,0.122435376,8,1
1,1,0.9822465,1,2
1,0,0.10448306,9,2
0,0,0.06247653,9,1
0,1,0.75372183,6,2
0,1,0.62197745,6,1
0,0,0.03722378,6,1
1,1,0.7777252,1,1
0,0,0.021711802,8,2
0,0,0.04366237,2,1
0,0,0.0071328036,1,2
1,1,0.7455241,3,1
1,0,0.104961246,9,2
1,1,0.68600863,6,1
1,1,0.9476373,1,1
1,1,0.97413355,1,1
0,0,0.14554167,6,2
0,0,0.31654257,9,2
1,1,0.83546704,1,1
1,1,0.94555014,1,1
1,0,0.33452642,8,1
0,0,0.046585392,3,1
1,1,0.8273423,1,2
0,0,0.013930313,1,2
1,1,0.74653125,8,1
1,1,0.76482886,9,2
1,1,0.9279595,9,2
0,0,0.3761599,8,1
0,0,0.47690585,9,1
1,1,0.8929716,6,2
0,1,0.9202865,2,1
0,0,0.42241713,2,1
0,0,0.4534262,6,2
0,0,0.25656092,8,1
0,1,0.5193776,6,2
0,1,0.5654458,1,1
0,0,0.017072478,8,1
1,1,0.9535916,1,2
1,1,0.933252,9,2
0,0,0.14442226,2,2
1,1,0.98014235,9,1
1,1,0.99758923,1,1
0,1,0.9831293,9,2
1,1,0.9121173,2,2
0,0,0.26010495,1,1
0,0,0.0006736831,9,2
0,0,0.27315164,1,2
1,0,0.3260077,2,2
1,1,0.72893643,8,1
0,0,0.04327004,6,1
1,1,0.9013759,1,2
1,1,0.5874576,6,2
1,1,0.9913361,1,1
1,1,0.81707203,9,2
1,1,0.784205,1,1
0,0,0.16792436,6,2
0,1,0.6378982,8,1
1,1,0.95349514,1,2
0,0,0.046464693,8,2
0,0,0.16299164,6,2
0,0,0.20136705,6,1
1,0,0.48248297,1,1
0,0,0.09275607,9,2
0,0,0.08613809,6,2
0,0,0.0052845567,6,1
1,0,0.27674398,8,1
0,0,0.015183908,1,2
0,0,0.25062245,6,1
1,1,0.507682,1,1
0,0,0.43820646,9,2
1,1,0.9292336,6,2
0,0,0.18302037,9,1
1,1,0.9399872,9,1
1,1,0.8866627,1,1
0,0,0.08140708,2,1
1,1,0.68895406,9,1
1,1,0.7795359,1,1
0,0,0.06681595,8,2
0,0,0.07898874,1,2
1,1,0.8245605,6,1
1,1,0.5597587,1,1
1,1,0.9619434,9,2
1,1,0.877878,1,2
1,1,0.68619555,6,1
1,1,0.67542267,1,1
0,0,0.46869949,9,2
1,1,0.98831826,1,1
1,1,0.6315443,6,2
0,1,0.9123028,6,2
0,0,0.06960337,6,2
0,0,0.14864588,8,1
1,1,0.9364672,1,1
0,0,0.022152418,1,2
1,1,0.90718174,1,1
0,0,0.29764563,1,2
1,1,0.987762,1,1
0,0,0.10561915,6,2
1,0,0.4819129,6,2
1,1,0.8460138,6,1
1,1,0.53664315,1,2
0,0,0.018618563,1,2
1,1,0.9408545,1,1
0,0,0.0010147744,8,2
1,1,0.8474007,1,2
1,1,0.6982823,6,2
0,0,0.000526589,8,2
0,0,0.008179013,2,2
0,0,0.25441107,8,2
0,0,0.0020113075,1,1
0,0,0.037903093,8,2
1,1,0.8388892,1,2
0,0,0.019965697,8,2
1,1,0.93362516,9,2
0,0,0.22756508,6,2
0,0,0.105155475,1,1
0,0,0.0069417604,3,2
1,1,0.66809815,1,2
1,1,0.6160788,6,1
1,1,0.7078227,1,2
0,0,0.00085029943,6,1
0,0,0.028009351,8,2
0,0,0.012713303,6,2
0,0,0.028416635,8,2
1,1,0.51054555,6,2
0,0,0.024746547,1,2
1,1,0.8740184,1,1
0,0,0.00084833574,8,2
1,1,0.9799401,6,1
0,1,0.54008406,2,1
1,0,0.09176453,8,2
1,1,0.9956534,6,1
0,0,0.0049108667,9,2
0,0,0.021463685,8,2
1,1,0.9713959,9,1
1,0,0.19886906,2,2
0,0,0.17538096,8,2
1,1,0.9834959,1,1
0,0,0.23815608,8,1
0,0,0.16449274,8,1
1,1,0.7152731,8,2
1,1,0.94031066,1,1
1,1,0.9958937,1,1
0,0,0.25170913,8,1
0,1,0.5120132,6,2
1,1,0.81708395,8,1
0,0,0.16523895,8,2
0,0,0.011124011,9,2
0,0,0.49685666,1,1
0,0,0.086663276,6,1
0,0,0.011660218,8,1
0,0,0.0006527008,1,2
1,0,0.43305707,6,1
1,1,0.5009657,1,2
0,0,0.25974393,6,2
0,1,0.7566528,1,1
0,0,0.0016660809,6,2
0,0,0.004749717,9,2
0,0,0.00064867915,1,2
1,1,0.9473013,1,2
0,1,0.5272624,9,2
0,0,0.00995269,8,1
1,0,0.26034376,1,1
1,1,0.89784276,1,1
0,0,0.10897123,9,2
0,0,0.14141166,8,1
0,0,0.012746346,1,2
1,1,0.6975211,1,1
1,0,0.092151865,2,2
1,1,0.67702436,1,1
1,0,0.026636474,8,1
0,0,0.47922832,8,2
1,0,0.38561445,9,2
1,0,0.35121378,6,1
1,0,0.25340727,1,2
0,0,0.0063266014,6,2
1,1,0.97438407,6,2
0,0,0.13383201,1,1
1,1,0.9102843,1,1
0,1,0.7222007,2,1
1,1,0.9542394,8,1
0,0,0.22574888,9,1
0,0,0.010852584,8,1
1,1,0.99079424,1,1
1,1,0.56662416,6,2
1,1,0.84462196,1,2
0,0,0.005106321,8,2
1,1,0.6413743,1,2
0,0,0.2598005,5,1
0,0,0.04976454,1,2
0,0,0.05314044,8,1
1,1,0.9905021,6,1
1,1,0.9600219,1,2
1,1,0.9534039,1,2
0,0,0.13196205,1,1
0,0,0.031972483,6,1
0,0,0.020627122,8,2
0,0,0.1898883,1,2
1,1,0.9364952,9,1
0,0,0.0021666763,9,1
0,0,0.17251863,8,2
1,1,0.52705604,8,2
1,1,0.98570955,1,2
1,1,0.99535686,1,2
0,0,0.4328422,2,1
1,1,0.82713014,1,1
0,0,0.01081776,9,1
0,0,0.2488504,9,2
1,1,0.98406214,1,2
0,0,0.003124991,1,2
1,1,0.560887,1,1
0,0,0.06721096,9,1
1,1,0.82554775,6,2
0,0,0.17218049,2,2
1,1,0.52398115,1,2
0,0,0.41367313,1,2
0,1,0.80664366,1,2
1,0,0.4460433,6,2
1,1,0.977532,1,2
1,1,0.9845632,9,1
1,1,0.9594356,1,1
1,1,0.92221564,6,2
1,1,0.7712273,3,1
0,0,0.0007757746,6,1
1,1,0.9058071,1,1
1,1,0.9478983,9,2
0,1,0.94844186,1,1
0,1,0.98089474,1,2
1,1,0.7694305,1,2
0,0,0.044289242,9,2
1,1,0.8826651,6,2
0,0,0.42700887,8,2
1,1,0.8097606,1,1
1,1,0.9411464,1,2
1,1,0.98500746,8,1
0,1,0.73063827,6,2
1,1,0.97501534,1,2
1,1,0.84633905,1,1
1,1,0.6305044,1,2
0,0,0.16290969,6,1
0,0,0.2946829,6,1
1,1,0.90854,1,1
1,1,0.9483445,1,1
1,1,0.63250285,1,2
0,0,0.054707356,8,1
0,0,0.05879492,1,2
1,0,0.13786602,1,1
1,1,0.931271,6,1
0,0,0.019802038,8,2
1,0,0.3314987,8,1
0,0,0.18992797,1,2
1,1,0.9172022,1,2
0,0,0.014957515,1,1
1,1,0.8964949,6,1
0,0,0.122585215,1,2
0,0,0.014539664,6,1
1,1,0.911206,9,2
1,1,0.9963728,1,1
0,0,0.011718137,6,1
0,0,0.3302017,6,2
0,0,0.0054703588,9,2
1,1,0.9898784,1,2
1,1,0.9702564,1,1
1,1,0.76328164,8,1
1,0,0.4897406,1,2
1,1,0.9382478,8,2
1,1,0.96670026,6,1
0,0,0.25827697,9,2
1,0,0.49996102,8,1
0,0,0.009309754,8,1
0,0,0.0057434784,5,1
0,1,0.574863,1,2
0,0,0.055982497,9,2
1,1,0.83275545,6,2
1,1,0.8423123,1,2
0,0,0.3723991,9,1
0,1,0.7861046,6,2
0,0,0.07558394,2,1
0,0,0.020997057,1,1
0,0,0.01594793,2,1
0,0,0.054722883,8,1
1,1,0.9221554,1,1
0,0,0.3337163,6,2
1,1,0.51334614,1,1
0,0,0.0024720398,6,1
0,0,0.006623846,9,2
0,1,0.619286,1,1
0,0,0.011949704,6,1
1,0,0.3089386,1,2
1,1,0.99049777,9,2
1,1,0.74813837,1,1
1,1,0.69035745,1,2
1,1,0.9325569,9,1
1,1,0.9607269,9,2
0,0,0.39872628,9,2
1,1,0.9743182,6,1
1,1,0.93248075,6,2
0,1,0.74037206,1,2
0,0,0.24019496,8,2
0,0,0.32666963,1,1
1,1,0.5913847,2,1
0,0,0.36366698,1,2
1,1,0.9764557,1,1
1,1,0.88990474,6,1
0,0,0.48425236,2,2
1,1,0.915268,1,1
1,1,0.74215186,2,1
0,0,0.41982886,2,2
0,0,0.34312958,6,2
1,1,0.551514,1,1
1,1,0.8817106,1,2
1,1,0.9771448,1,1
0,0,0.24145098,6,1
0,0,0.04300438,9,1
0,0,0.08916033,1,1
0,0,0.0007164566,6,1
1,1,0.8505211,1,1
0,0,0.16973662,6,1
0,0,0.4320078,6,1
0,1,0.5255713,1,1
0,0,0.019707652,6,2
1,1,0.9727412,1,2
1,0,0.373623,1,2
1,1,0.7082786,9,1
1,1,0.82298434,1,1
0,0,0.0021148217,8,2
0,0,0.013391439,1,1
1,1,0.9117865,1,1
1,0,0.39960906,1,1
0,0,0.19857201,9,1
1,0,0.11195795,8,1
1,1,0.96456337,1,1
0,0,0.48409528,6,2
0,1,0.61277664,6,2
1,0,0.3904057,8,1
1,0,0.43183863,1,2
1,1,0.9668992,2,2
1,1,0.94028956,6,2
0,0,0.018666083,8,1
1,0,0.37432057,2,2
1,0,0.12034761,9,1
0,0,0.17712352,9,2
1,1,0.87183076,1,1
0,0,0.47686428,1,1
1,1,0.9415588,1,1
1,1,0.96045935,3,1
1,1,0.8765945,1,1
1,1,0.9811039,1,2
1,0,0.05338191,6,1
1,1,0.83257806,8,1
1,1,0.7654731,8,1
0,0,0.06975531,3,1
0,0,0.016462276,9,1
1,1,0.7690178,1,1
0,0,0.44647822,6,1
0,0,0.065063834,8,1
0,1,0.9911863,1,2
1,1,0.8041177,9,1
1,1,0.8435918,1,1
0,1,0.6218417,9,1
0,0,0.04961322,1,2
1,1,0.9928335,6,1
1,0,0.09064019,2,2
1,1,0.5971571,1,1
0,1,0.6928456,1,2
0,0,0.00066969567,1,2
1,1,0.640464,8,1
1,1,0.8908059,9,1
0,0,0.27803367,3,2
0,1,0.9064579,9,1
1,1,0.58540624,1,1
1,1,0.9801483,6,1
0,0,0.085784696,1,2
0,0,6.974309e-05,1,2
1,0,0.122040726,1,2
0,1,0.66946936,6,2
1,1,0.99062425,1,1
1,0,0.01691654,8,2
1,0,0.33300677,1,2
1,1,0.8158849,9,1
0,0,0.014530062,9,2
0,0,0.0015093898,8,1
1,1,0.9407529,1,1
1,1,0.92912596,1,1
0,0,0.050369326,8,1
0,0,0.39606795,1,2
1,1,0.9856924,1,2
0,0,0.0014010419,9,1
0,0,0.16224232,1,1
0,0,0.3338898,1,1
1,1,0.5310682,6,2
0,0,0.054915436,9,1
1,1,0.876058,1,2
0,0,0.048013926,6,2
0,0,0.10143861,8,1
0,0,0.0044070994,9,1
1,1,0.97530305,9,2
1,1,0.8185978,6,1
1,1,0.9374662,6,2
0,0,0.3568435,9,1
0,1,0.95697767,6,1
1,1,0.9237098,9,2
0,0,0.025308989,9,1
1,1,0.9312115,1,1
0,0,0.009461908,9,2
1,1,0.9810019,1,1
0,1,0.51761866,1,1
1,1,0.95263624,1,2
1,1,0.9261332,1,1
1,1,0.9412932,1,2
1,0,0.4735041,1,1
0,1,0.7015169,6,2
1,1,0.9172776,1,2
0,1,0.93539685,9,1
0,0,0.02461334,9,2
0,0,0.0066318894,8,2
1,1,0.76847947,1,2
0,0,0.0134332515,1,1
0,0,0.010806198,9,2
1,1,0.9991265,1,1
1,1,0.8522693,1,1
0,0,0.0017373982,9,2
0,0,0.2700633,8,2
0,0,0.01011557,8,1
1,1,0.8686592,1,1
0,1,0.95355856,1,1
1,1,0.8302968,6,1
0,1,0.60268533,9,1
0,1,0.9653145,1,2
1,1,0.9935055,1,1
0,0,0.0055207363,8,2
1,1,0.9699874,6,1
1,1,0.8333355,1,2
1,1,0.94361806,1,2
0,0,0.12663022,8,1
0,0,0.045706473,8,1
0,1,0.6730016,1,2
0,0,0.065877736,8,1
1,1,0.904561,1,1
0,0,0.000681348,8,1
0,1,0.6189224,1,2
0,0,0.012550386,1,1
1,1,0.51093155,8,2
1,1,0.964377,1,2
1,1,0.84307086,1,2
0,1,0.83816975,9,1
1,1,0.99541795,1,1
0,0,0.138363,8,2
1,1,0.71887964,1,2
1,1,0.9916264,1,1
0,0,0.042521987,2,2
0,1,0.503093,9,2
1,1,0.9767794,6,1
0,0,0.18810472,2,1
1,1,0.9523943,1,2
1,1,0.9635461,1,2
0,0,0.040666975,8,1
1,1,0.9732562,6,1
1,1,0.8023936,9,2
0,1,0.54169977,1,2
1,1,0.9695202,1,1
0,0,0.14341547,8,1
1,1,0.72185487,1,1
0,0,0.37383503,9,1
1,1,0.9766366,1,2
1,0,0.46660614,8,2
0,0,0.3061266,6,1
0,0,0.40165538,9,2
1,1,0.9144742,1,2
1,1,0.99258536,1,2
1,1,0.970649,9,1
1,1,0.9824203,6,2
1,1,0.9656191,1,1
0,0,0.005067924,8,1
1,1,0.647435,6,2
0,0,0.11928864,9,1
0,0,0.02555344,2,2
0,1,0.9888381,9,1
0,0,0.25370017,1,2
0,0,0.008413125,1,1
0,0,0.06695356,9,2
0,1,0.89030796,1,2
1,1,0.9901447,1,1
1,1,0.7604472,6,1
0,0,0.00059983623,1,2
0,0,0.00010728693,1,1
1,1,0.9066269,6,2
0,1,0.8082997,1,2
0,0,0.003199658,8,2
1,1,0.99175984,1,2
0,0,0.008933136,1,1
1,1,0.84462,8,1
0,0,0.0031191765,8,2
0,0,0.014701879,9,2
1,1,0.9599581,2,1
0,1,0.7621202,9,1
1,1,0.93673384,1,2
0,0,0.13697766,1,2
0,0,0.000996941,9,1
0,1,0.97441757,6,1
0,0,0.2671541,8,2
1,1,0.70318776,6,2
1,1,0.7110319,6,1
0,0,0.046648122,9,1
0,0,0.0014144353,8,2
0,1,0.9578102,1,1
1,1,0.98063135,1,1
0,0,0.033397574,6,1
0,1,0.9129144,1,1
0,0,0.11562376,6,2
0,0,0.009442599,6,2
0,0,0.0017290184,6,1
0,0,0.00082974136,8,1
1,1,0.9930079,6,1
1,0,0.36037943,6,2
0,0,0.009734302,8,2
1,1,0.7533901,1,2
1,1,0.8446524,9,1
0,0,0.034874514,1,2
1,1,0.63226867,1,2
0,1,0.6788932,1,2
1,0,0.22918512,1,1
1,0,0.21345255,9,1
1,1,0.66041195,9,1
1,1,0.8450365,1,2
1,1,0.9779399,1,1
1,1,0.91423213,1,1
0,0,0.038638227,1,2
0,1,0.6936889,1,2
1,1,0.8452404,1,1
1,1,0.95465434,9,2
0,0,0.00028245224,1,1
1,1,0.9845589,6,1
0,0,0.30082932,9,1
0,0,0.10086245,9,1
1,1,0.77505535,1,2
1,1,0.9777891,1,2
0,1,0.90576154,1,2
0,0,0.17582606,2,2
1,1,0.9630952,1,1
1,1,0.7893964,1,2
0,0,0.052274935,1,1
0,0,0.31426325,6,2
1,1,0.9391838,1,2
0,0,0.13296643,9,1
1,0,0.16030315,6,2
0,0,0.22947577,8,2
1,1,0.8778183,1,1
1,1,0.6735797,1,1
1,1,0.99018794,1,2
1,1,0.94060975,1,1
0,0,0.020624932,6,2
1,0,0.49726912,8,2
1,1,0.7320321,9,2
1,1,0.9581727,6,2
0,0,0.036820307,1,2
1,1,0.9765024,1,2
0,0,0.114185356,6,2
0,0,0.36707416,1,1
1,1,0.9900142,1,1
0,1,0.98099583,2,1
1,1,0.6469772,6,2
0,0,0.008181914,9,2
1,0,0.49840614,6,2
0,0,0.0028039692,9,1
0,0,0.10167556,8,1
1,0,0.42941314,6,1
0,0,0.017057441,8,2
1,1,0.7691826,1,2
0,1,0.5989869,8,1
1,0,0.23641619,6,2
0,0,0.00037647222,8,2
1,1,0.56200606,1,2
1,0,0.40849492,6,1
1,1,0.9968548,1,2
1,0,0.25831777,8,1
1,1,0.87146527,1,2
1,1,0.7879358,6,1
1,1,0.7337974,2,1
1,1,0.9034601,6,2
0,1,0.86377895,6,1
0,1,0.8497796,6,2
1,1,0.9099874,1,1
0,1,0.63199764,8,2
1,0,0.40435675,1,1
0,0,0.3093068,1,2
0,0,0.07315109,8,1
0,0,0.43708128,1,2
1,1,0.7976408,2,1
0,0,0.13243957,6,2
1,1,0.9044353,6,2
0,0,0.27581546,1,2
1,1,0.8194508,1,2
1,1,0.9311998,6,1
0,0,0.011154581,8,2
0,0,0.030369032,9,2
1,0,0.011542215,1,1
1,1,0.88506544,6,1
1,0,0.11221812,9,2
0,0,0.015689837,2,1
0,0,0.25438783,3,2
0,0,0.23865259,1,2
1,1,0.92701817,6,1
0,0,0.017597843,1,2
1,0,0.4387898,8,1
1,1,0.85467553,1,2
1,1,0.6074292,1,2
0,0,0.0008406125,1,1
0,0,0.01056989,7,2
1,1,0.7231869,1,2
1,1,0.97882175,6,1
0,0,0.024747455,1,1
1,1,0.7069827,8,2
0,0,0.008679514,8,2
0,0,0.030020526,9,2
1,1,0.6385156,2,1
0,0,0.1094775,8,2
0,1,0.5870717,6,1
1,1,0.87605035,9,2
1,1,0.98554045,1,1
1,1,0.9047763,1,1
0,1,0.9708355,1,1
0,0,0.03410542,1,2
0,0,0.14137131,9,1
0,1,0.7337916,1,1
1,1,0.99302846,6,1
1,1,0.91370374,6,2
0,1,0.5135506,6,1
1,1,0.9850721,8,2
1,0,0.22859783,9,2
0,0,0.016889773,8,1
0,0,0.48016998,1,1
0,0,0.26920155,6,1
0,1,0.84814304,6,1
0,0,0.2507746,9,2
0,0,0.0013914243,6,2
0,0,0.13762407,6,2
1,1,0.8029189,9,1
0,1,0.76800716,1,1
1,1,0.9601677,1,1
0,0,0.08308892,1,2
1,1,0.93402725,1,2
1,0,0.112485275,3,2
1,1,0.77705103,1,2
0,0,0.08263253,9,1
0,0,0.11741902,8,2
1,1,0.9676229,6,1
0,0,0.0025679097,6,2
0,0,0.04274055,1,2
0,0,0.4550489,1,1
1,1,0.8637784,1,2
1,1,0.91374034,1,1
0,0,0.21235152,1,2
1,1,0.97006375,1,1
0,0,0.031592235,6,2
0,0,0.09669284,9,2
1,1,0.97199786,1,2
0,0,0.06761108,9,2
0,0,0.19535409,1,1
1,1,0.82958424,1,2
1,1,0.7437294,2,1
0,0,0.19050002,9,2
0,0,0.14851849,8,2
1,1,0.72850347,1,2
1,0,0.41650513,8,2
0,0,0.12937133,1,2
1,0,0.49338448,3,1
0,0,0.2945189,9,2
1,1,0.9056767,1,2
1,0,0.023413414,6,2
1,1,0.85423934,8,2
1,1,0.87878186,1,1
0,0,0.002987102,8,1
1,1,0.7189039,6,1
1,1,0.81542885,1,1
0,0,0.005738944,5,2
1,1,0.9867166,6,2
1,1,0.98540616,1,1
0,1,0.8641706,1,1
1,1,0.8863014,9,1
1,1,0.8840195,1,1
1,1,0.8333682,1,2
1,0,0.32283336,3,1
0,0,0.16287398,1,1
0,1,0.5131379,1,1
1,1,0.9573448,1,2
0,0,0.1513926,6,2
0,0,0.0012818774,8,2
1,1,0.99635494,1,1
1,1,0.9647241,1,1
0,1,0.5539462,1,1
0,0,0.010201699,8,1
0,0,0.021269094,2,2
0,0,0.0010469547,1,1
1,1,0.79057693,1,1
1,1,0.94653845,1,1
1,1,0.9002183,9,1
1,1,0.7945365,1,1
0,0,0.019461391,9,1
1,1,0.8528227,8,1
0,0,0.22852555,1,1
1,1,0.80503345,8,1
1,1,0.615844,9,2
0,0,0.002282359,9,1
0,0,0.027312018,6,1
0,1,0.5176912,1,2
0,0,0.34050274,6,2
0,0,0.040398993,8,2
0,1,0.5997358,8,1
0,0,0.09330481,1,1
0,0,0.023858327,2,2
1,1,0.83376783,1,1
1,1,0.9112147,1,1
1,0,0.36155006,1,2
0,0,0.03208331,2,2
0,0,0.011605685,8,2
1,0,0.184794,2,1
0,0,0.004897591,1,1
1,0,0.28965655,1,1
1,1,0.9423647,1,1
1,1,0.9563691,1,2
1,0,0.29301727,8,2
1,1,0.9524622,9,2
1,1,0.75157297,6,2
0,0,0.1287611,8,2
0,0,0.44989997,8,1
0,0,0.059699602,8,2
0,0,0.012838601,1,1
0,1,0.9547153,1,2
1,1,0.98592305,1,1
0,0,0.020277513,1,1
0,0,0.01256502,6,1
0,1,0.6669442,1,1
1,1,0.63963985,1,2
1,1,0.9728851,1,2
0,0,0.14416507,8,2
1,1,0.8947679,6,2
1,0,0.1264421,1,2
0,0,0.0011293736,8,2
0,0,0.02797169,8,1
1,0,0.079977855,2,2
0,1,0.5548443,1,2
1,1,0.98891795,6,2
0,0,0.11632664,9,1
0,1,0.6613528,1,1
1,1,0.9727171,9,1
1,1,0.89375436,6,1
0,0,0.17466214,1,1
1,1,0.96934605,1,1
0,0,0.07332209,8,1
1,1,0.89685225,1,2
1,1,0.9516357,1,2
0,0,0.020978333,8,2
0,0,0.013603422,1,2
0,0,0.0036938954,9,2
1,1,0.98412895,1,2
1,1,0.9493332,1,1
1,1,0.92604494,1,2
0,0,0.36598638,1,2
0,0,0.0149053065,1,1
0,1,0.6730086,8,1
0,0,0.047878973,8,1
0,0,0.23708415,6,1
1,1,0.9866095,6,1
1,1,0.98897797,9,1
1,1,0.5667964,2,1
0,0,0.14011131,8,1
0,0,0.006987058,8,2
1,1,0.8990168,1,2
1,1,0.6919106,1,1
0,0,0.062472787,9,1
0,0,0.46675038,9,2
0,1,0.5294996,1,1
1,1,0.9563294,1,1
0,0,0.0020917999,8,2
0,0,0.055321407,9,1
0,0,0.04401601,2,1
1,1,0.6963633,1,2
0,0,0.3746296,9,1
1,1,0.75900424,1,1
1,1,0.64720774,1,1
1,1,0.860021,6,1
0,0,0.028360946,9,1
0,0,0.14159253,6,2
1,1,0.96336293,1,1
1,1,0.9196448,6,1
1,1,0.5587015,8,2
0,1,0.7612836,9,1
1,1,0.9905725,9,2
0,0,0.15696675,8,2
1,0,0.10225766,1,1
1,1,0.9781051,1,1
0,0,0.0044977563,6,2
1,0,0.49825895,8,1
0,0,0.39284974,8,1
0,0,0.029880106,9,2
0,0,0.07424366,8,1
0,0,0.09455136,6,1
1,1,0.5771051,1,1
0,0,0.00042251832,1,1
0,1,0.6699079,8,2
1,1,0.98464406,1,1
0,1,0.5138639,9,1
1,1,0.7334682,1,2
0,0,0.019421574,1,2
1,1,0.84532374,1,1
0,1,0.86764777,1,1
1,1,0.9579428,6,1
1,1,0.95842326,1,2
1,1,0.68699944,1,1
1,1,0.9071702,9,2
0,0,0.017213399,1,1
1,1,0.6647459,1,1
0,0,0.016274743,2,2
0,0,0.048724454,1,2
1,1,0.96901804,1,1
0,0,0.004992608,6,2
1,0,0.44113976,1,1
0,0,0.25385875,1,2
0,0,0.11752635,1,2
1,1,0.84915435,6,2
0,0,0.0060898857,6,2
0,0,0.34711832,8,2
1,1,0.99278086,6,2
1,0,0.46442142,6,2
1,0,0.12833779,1,1
0,1,0.87481725,6,1
1,1,0.95488113,6,2
1,1,0.95377916,9,1
1,0,0.39648068,6,2
1,1,0.5372949,6,1
1,1,0.990256,1,1
0,0,0.15360662,3,1
1,1,0.901403,6,1
0,0,0.0011766853,8,2
0,0,0.3931393,9,1
1,1,0.8073732,1,2
1,1,0.9976532,1,1
1,1,0.98841757,1,2
1,1,0.88951164,1,1
0,0,0.003162688,9,2
0,0,0.49961525,8,1
0,0,0.09670415,9,1
0,0,0.07862257,1,2
0,0,0.12018684,8,2
1,1,0.95687324,1,2
0,0,0.056883864,9,2
0,0,0.017397871,6,2
0,1,0.8521285,1,2
0,1,0.6694138,1,1
1,0,0.39667663,8,2
1,1,0.64733905,1,1
1,1,0.8754266,1,2
0,0,0.004656308,6,1
1,0,0.0391703,8,1
0,1,0.80229515,6,2
1,1,0.9254747,9,2
1,1,0.9935961,1,1
0,0,0.26948962,8,1
0,0,0.32771772,1,2
1,1,0.9343303,1,1
1,1,0.95564896,1,1
0,1,0.7424864,6,2
0,1,0.56869584,6,1
1,1,0.60624564,2,1
1,1,0.9623085,1,2
1,1,0.9574926,1,1
0,1,0.5090856,2,1
1,1,0.9038195,1,2
1,1,0.9137777,1,2
1,1,0.98847485,1,1
0,0,0.09988595,8,1
0,1,0.6933937,1,1
1,1,0.9416739,1,1
0,1,0.85562575,1,1
0,0,0.0020510666,9,1
0,0,0.3406888,8,1
0,1,0.8939958,1,2
0,0,0.2281686,1,1
1,1,0.9298178,7,2
1,1,0.9347771,8,1
0,0,0.25607923,8,2
0,0,0.014401796,8,2
0,0,0.48172224,9,2
0,1,0.9078162,9,2
1,1,0.9576138,1,2
1,0,0.40916446,1,2
1,1,0.71972924,1,2
1,1,0.9761136,6,1
0,1,0.58195066,1,2
1,0,0.16424802,1,1
0,1,0.8458273,2,1
0,0,0.017849023,1,1
1,1,0.5297021,6,2
1,0,0.44040254,1,1
1,1,0.6761122,6,2
0,0,0.41612247,8,1
0,0,0.013139938,6,2
1,1,0.8267662,1,2
0,0,0.090251826,9,1
0,1,0.84117806,1,1
1,1,0.9927538,1,1
0,0,0.01474257,6,1
0,0,0.0009902819,1,1
1,1,0.6569561,1,2
1,1,0.9725707,1,1
1,0,0.4619309,1,1
0,0,0.17049356,6,1
0,0,0.016327564,8,1
0,0,0.041216478,8,1
1,1,0.7784752,8,1
0,0,0.061781216,6,1
0,0,0.11044836,9,1
1,1,0.9781451,6,1
1,1,0.74687827,9,2
0,0,0.003982537,1,1
1,0,0.22255042,1,2
0,0,0.012001084,1,1
1,1,0.9466316,1,1
0,0,0.03997237,2,2
0,0,0.0070648356,8,2
0,0,0.0016528663,1,2
0,0,0.14544111,8,1
1,1,0.9657111,1,1
0,0,0.032612957,8,2
1,1,0.6046616,1,2
0,1,0.8843434,1,1
1,1,0.97955894,1,1
0,0,0.08591866,8,2
1,1,0.6581143,6,1
0,0,0.00062904175,8,2
0,0,0.14761579,8,1
1,1,0.96109384,1,1
1,0,0.18672961,9,2
0,0,0.47315723,1,1
1,1,0.9041405,1,2
1,1,0.7780453,3,1
0,0,0.44395915,1,2
1,1,0.7606508,1,2
0,1,0.6575284,8,1
1,1,0.98428506,1,1
0,0,0.10683145,8,2
0,0,0.040502734,2,1
0,0,0.005206186,6,1
0,0,0.02322705,8,1
0,0,0.043003347,8,1
1,1,0.8381524,6,1
0,0,0.08373768,8,2
0,0,0.46085754,8,1
0,0,0.00658307,6,1
0,0,0.0640858,6,2
0,0,0.011855751,6,1
0,0,0.019682758,1,2
0,0,0.022743538,1,1
1,1,0.692723,8,1
1,1,0.97739697,6,1
0,1,0.82489175,1,1
1,1,0.9018881,1,1
1,0,0.49091044,1,2
0,1,0.7905534,2,2
0,0,0.4529624,2,1
0,0,0.4853412,1,2
0,1,0.5764887,1,2
0,1,0.8810921,8,2
0,1,0.8533627,1,2
0,0,0.0022209878,7,1
1,1,0.95707047,1,1
0,0,0.019045526,8,1
0,0,0.45162138,9,1
0,0,0.018659126,1,2
1,1,0.931996,1,1
0,1,0.79468805,9,2
0,0,0.05440283,6,2
1,1,0.96103936,1,1
0,0,0.0020018485,1,2
0,0,0.14849214,8,1
1,1,0.9113218,6,1
1,0,0.229285,1,1
1,1,0.7854251,3,2
0,0,0.10679812,6,1
0,0,0.17665721,8,2
1,1,0.87145597,1,2
1,1,0.89702576,1,1
1,1,0.9561671,6,1
0,1,0.6143059,1,1
0,0,0.07046353,9,1
1,1,0.9763689,6,2
1,1,0.9291178,6,1
1,1,0.7715512,1,1
0,0,0.037270684,8,2
1,1,0.9826407,9,1
0,0,0.043279644,8,1
1,1,0.8898698,1,2
1,1,0.56983477,9,1
1,1,0.79483896,9,2
1,0,0.24605958,6,1
0,0,0.038071487,6,2
1,1,0.91745746,1,1
1,1,0.96848834,1,2
0,0,0.1280171,2,1
1,1,0.9257736,1,2
1,1,0.992446,1,1
1,1,0.9782079,6,1
1,1,0.6477811,8,2
0,0,0.2238942,6,2
1,1,0.97936445,1,1
0,0,0.0037619807,9,2
0,0,0.12199401,1,1
0,0,0.12680905,1,2
1,1,0.9977375,1,1
0,0,0.31329748,1,2
0,0,0.028934838,8,1
0,0,0.032929603,8,2
0,0,0.3007216,1,1
1,1,0.8265158,1,1
1,1,0.6358971,8,2
1,0,0.32818156,1,2
0,0,0.29376766,8,2
0,0,0.042090602,8,1
0,0,0.16632086,8,1
1,1,0.87839013,1,1
1,1,0.8898839,1,2
1,1,0.9028511,9,1
1,1,0.98278606,1,1
0,0,0.027349463,8,1
0,0,0.004735884,9,2
1,0,0.34360507,1,2
0,0,0.21339798,1,2
0,0,0.039373513,9,2
0,0,0.12692055,6,1
0,0,0.1102887,8,2
1,1,0.84267074,1,1
1,1,0.97866565,1,1
0,0,0.028116098,1,1
0,0,0.052182656,6,2
0,1,0.7458211,1,2
0,1,0.8467454,1,1
1,1,0.952182,1,1
1,0,0.21867287,1,1
0,0,0.084711134,1,2
0,0,0.4118697,9,1
0,0,0.030979052,8,1
0,1,0.59500116,1,1
0,0,0.048104193,1,2
0,1,0.84085363,1,1
1,0,0.33511156,1,2
1,1,0.5622308,1,1
0,0,0.39859232,6,2
1,1,0.9018625,6,2
0,0,0.18274651,6,1
0,0,0.38745382,8,1
0,0,0.1633269,8,1
1,1,0.95379794,1,1
1,1,0.9036085,8,2
0,0,0.4626022,1,1
1,0,0.28098676,9,2
1,1,0.6755824,8,1
0,0,0.006276971,9,2
0,0,0.039195366,8,1
1,0,0.480353,9,1
0,0,0.16148333,8,2
0,0,0.2836107,8,1
1,0,0.25190836,1,1
1,1,0.9821524,6,1
0,0,0.08279287,6,1
0,1,0.7017752,1,2
1,1,0.7665693,6,1
0,0,0.00753402,3,2
0,0,0.0893902,6,2
1,0,0.387403,8,1
0,0,0.34343728,6,2
1,1,0.6665221,1,2
1,1,0.95287234,6,1
0,0,0.0021953993,8,2
0,0,0.0057079988,1,1
0,0,0.06570489,8,2
1,1,0.8858904,1,1
0,0,0.0014505271,8,2
1,1,0.9882676,6,1
1,1,0.8012077,9,2
0,0,0.175233,9,1
1,0,0.22653572,2,2
1,1,0.93471193,9,2
1,1,0.9830071,6,1
0,0,0.018707994,1,2
1,1,0.7515521,1,2
0,0,0.093012884,1,1
1,1,0.9820717,9,1
0,0,0.37672743,1,1
1,1,0.89223385,1,1
1,1,0.99270177,2,1
1,1,0.66727215,3,1
1,0,0.48594353,9,1
0,0,0.071948364,8,1
1,1,0.8122878,1,2
0,0,0.14394075,8,1
0,0,0.0029487817,9,2
0,0,0.051204987,8,2
1,1,0.8144984,1,1
1,1,0.8591571,9,1
1,1,0.78344023,8,2
0,0,0.06910206,1,2
1,1,0.85939044,1,1
1,1,0.9913145,1,1
1,1,0.8847935,1,2
0,0,0.018710978,8,2
1,1,0.8712018,1,2
0,0,0.0218453,9,2
0,1,0.9991597,8,2
0,1,0.508444,2,1
0,0,0.16274358,2,1
1,1,0.8887272,6,2
1,1,0.8948455,1,2
0,0,0.26677936,9,1
0,0,0.18339147,1,2
0,0,0.15672141,1,2
0,0,0.16674204,8,1
0,0,0.15227945,8,1
0,0,0.0142540075,1,2
1,1,0.85808945,9,2
1,0,0.46345112,2,1
1,0,0.24025959,1,2
0,0,0.00043999768,8,1
0,0,0.11877266,1,2
0,0,0.002733429,6,1
1,1,0.93546206,1,1
1,1,0.7910969,9,1
0,1,0.6467213,1,2
0,0,0.4331414,1,1
1,1,0.8077174,2,2
1,1,0.7450554,1,1
1,1,0.9922767,1,1
1,1,0.85626316,1,2
0,0,0.006660118,8,2
0,0,0.0009160318,6,2
1,1,0.57062054,6,2
1,1,0.8128886,9,1
0,1,0.6928293,6,2
0,0,0.01633661,1,1
0,0,0.042082164,8,1
1,1,0.86747855,8,1
1,1,0.9531923,1,1
1,1,0.986046,6,2
0,0,0.41273445,8,1
1,1,0.5668038,8,2
0,1,0.75484765,1,2
1,1,0.7347197,1,1
0,0,0.24473773,8,1
0,0,0.10616866,8,2
1,1,0.82046235,1,1
1,1,0.82478833,1,1
1,0,0.14112437,1,2
0,0,0.4770726,1,1
1,0,0.14675042,9,2
0,1,0.6792564,8,1
0,0,0.22716856,1,2
0,1,0.6654762,8,1
0,0,0.48442602,1,2
1,1,0.9129467,1,1
0,1,0.57500255,1,1
1,0,0.31706613,6,1
1,1,0.92593706,6,1
1,1,0.7503839,9,2
1,0,0.35277414,2,1
0,0,0.0024445422,8,2
1,1,0.9481308,9,2
1,1,0.9616383,1,1
0,0,0.042676676,8,1
0,0,0.09109365,1,1
1,1,0.9077065,8,2
0,0,0.06482349,8,1
1,0,0.06661197,6,1
0,1,0.56117195,6,1
0,0,0.01042327,2,2
0,0,0.035306606,9,1
0,0,0.064046465,9,2
1,1,0.991325,1,1
0,0,0.0023590848,9,2
1,1,0.86554617,1,1
0,0,0.0354416,8,1
1,1,0.89815617,6,1
0,0,0.3917999,1,2
0,1,0.57724214,1,1
0,0,0.041923206,8,2
1,0,0.0032895645,1,1
0,0,0.0027110286,1,1
1,0,0.08478575,3,2
0,0,0.09672725,1,2
1,1,0.8627255,1,2
1,1,0.83605814,2,1
0,0,0.35434186,8,2
1,1,0.85160005,6,1
0,0,0.13531934,8,1
0,0,0.022975191,1,1
0,0,0.005785055,9,2
1,1,0.9721869,1,1
0,1,0.5300024,1,1
1,1,0.89596033,1,2
0,0,0.29396516,8,1
0,0,0.39036998,9,2
0,0,0.004355549,1,1
0,1,0.5445239,1,1
1,0,0.37060362,9,1
0,0,0.016639609,9,2
1,1,0.93757254,6,1
1,1,0.95896995,1,2
0,0,0.09469777,9,1
1,0,0.46820992,6,1
1,1,0.98702383,1,1
1,1,0.92005634,6,1
1,1,0.82107353,1,2
1,1,0.51559097,1,1
1,1,0.82110095,1,1
1,1,0.98903334,1,1
1,1,0.6616698,9,1
0,0,0.021375654,8,1
0,0,0.09631703,1,1
0,0,0.008164307,6,1
1,1,0.93358713,1,2
1,1,0.93057984,1,2
1,1,0.9204156,1,1
1,1,0.9670331,6,1
1,0,0.44099292,2,2
0,0,0.002526578,1,1
1,1,0.5227277,8,2
1,1,0.7547854,6,2
0,1,0.80833966,1,2
0,0,0.003769867,9,2
0,0,0.15932229,8,2
1,1,0.92061245,1,1
0,1,0.57653356,3,2
0,0,0.011626,8,1
1,1,0.99493587,1,1
0,0,0.009090821,6,1
0,0,0.152866,8,2
0,1,0.8696835,1,1
1,1,0.83731395,6,2
0,0,0.06363303,1,2
0,0,0.14636819,9,2
0,0,0.0077156965,2,1
0,1,0.8380704,1,2
1,1,0.92151815,1,1
0,0,0.051556185,1,1
0,0,0.0041656685,1,2
0,0,0.34166887,9,1
0,1,0.9390409,6,2
0,1,0.84198445,9,1
0,0,0.28877014,1,1
0,0,0.08452262,9,1
0,0,0.1076786,1,2
0,0,0.1124466,8,1
1,1,0.97191364,1,2
0,1,0.7434922,1,1
0,0,0.09083783,3,2
0,0,0.16866305,1,2
0,0,0.004992426,1,1
0,0,0.005471202,8,1
1,1,0.8352191,1,1
0,1,0.5654815,8,1
0,0,0.096499346,9,2
0,0,0.23675579,6,2
1,0,0.0012656039,6,2
0,0,0.12896992,9,1
0,0,0.18774855,6,2
1,1,0.889971,1,1
0,1,0.7406129,1,2
1,1,0.9471255,1,1
0,0,0.2738395,1,1
0,0,0.06669936,8,1
0,0,0.105609,1,2
0,0,0.025298903,2,2
1,1,0.96632487,9,2
0,0,0.0068459944,1,2
0,1,0.82183987,1,2
0,0,0.014711747,8,2
0,1,0.78454185,1,2
0,0,0.018116584,3,1
1,1,0.98069304,1,1
0,0,0.0008407648,8,1
0,0,0.005892242,8,1
0,0,0.2422692,6,1
0,0,0.30322665,1,2
0,0,0.0012533219,8,2
0,0,0.0006563081,2,2
0,0,0.015987048,2,2
1,1,0.9955188,1,2
0,0,0.36533776,8,2
1,1,0.8521564,8,1
1,0,0.07297926,8,2
1,1,0.85461223,8,2
1,1,0.7843499,1,1
0,0,0.2649603,8,1
1,1,0.97575665,1,1
0,0,0.40572432,8,2
1,1,0.60017383,1,2
0,1,0.5254472,8,1
0,0,0.21152045,9,2
1,1,0.8880245,6,1
0,0,0.38359445,9,1
1,1,0.8225279,1,1
1,1,0.98072493,6,1
1,1,0.92129517,1,2
0,0,0.03742486,6,2
0,1,0.8860699,1,1
1,0,0.026836205,2,2
0,0,0.11632664,9,1
0,0,0.17032923,2,1
1,1,0.9049393,9,2
0,0,0.0074139787,1,2
1,1,0.5081002,1,1
1,1,0.9761904,6,1
1,0,0.2159233,6,2
0,0,0.2956638,1,1
1,1,0.8238289,1,2
0,1,0.6703295,1,2
0,0,0.00043024094,1,2
1,1,0.93281734,1,1
1,1,0.9396207,1,1
1,1,0.8909035,6,2
0,0,0.012971143,1,2
0,0,0.007741807,1,2
1,1,0.9936259,1,1
1,1,0.8335979,8,1
0,0,0.075678915,1,1
0,0,0.0059213894,8,1
1,1,0.76074535,6,2
0,0,0.08556904,8,1
0,0,0.0013865754,9,2
1,1,0.92376345,1,2
1,0,0.3019909,1,2
0,0,0.32017985,6,2
0,0,0.1148698,1,1
1,1,0.9870444,1,1
0,1,0.87503827,1,1
1,1,0.7873488,1,1
1,0,0.30901545,1,2
1,0,0.29086998,3,1
1,1,0.9737403,1,1
1,1,0.83377427,9,2
1,1,0.5542058,6,2
1,1,0.8917786,1,1
1,1,0.97297794,1,2
1,0,0.21972403,8,2
0,1,0.7224541,9,1
1,0,0.12106691,6,2
0,0,0.0009792602,8,2
0,0,0.0076736812,8,2
1,0,0.33244312,6,2
0,0,0.00106387,1,2
1,1,0.6427003,9,2
0,0,0.041586872,6,2
0,0,0.0034816088,1,2
1,1,0.9737095,1,1
0,0,0.040585417,8,1
0,1,0.8911445,1,2
1,1,0.9403489,9,2
0,0,0.0037485678,6,1
1,1,0.9658067,1,2
0,0,0.47852775,9,2
0,0,0.442374,1,1
1,1,0.98408026,1,2
0,0,0.1433118,6,2
0,0,0.25702685,1,1
0,0,0.2150763,1,2
1,1,0.90862375,9,1
1,1,0.84024596,8,2
0,0,0.15758537,8,1
1,0,0.31622565,6,1
0,0,0.020381855,1,2
1,1,0.8048877,6,1
0,0,0.020255098,9,2
1,1,0.95465535,1,1
0,0,0.0009979988,1,1
0,0,0.32597128,2,1
1,1,0.8348167,6,1
1,0,0.4081904,1,1
1,1,0.6730625,9,1
0,1,0.7540798,6,1
1,0,0.15435869,8,2
1,0,0.10042919,6,1
0,0,0.025877647,8,2
1,1,0.9400703,1,2
1,1,0.9803625,6,2
0,0,0.008269466,8,2
0,0,0.02288057,8,2
1,1,0.8884428,6,1
0,0,0.34162974,1,1
1,0,0.48190966,6,2
1,1,0.8880893,1,2
1,1,0.7274575,8,1
0,0,0.11154413,8,1
0,0,0.3195998,1,1
1,1,0.88240355,6,1
1,0,0.48985395,6,2
0,0,0.043443132,6,2
1,1,0.90656555,1,1
1,1,0.78330415,9,2
0,0,0.0032749353,8,2
1,1,0.79812557,2,1
0,0,0.027076026,9,2
1,1,0.99061877,8,1
0,0,0.12768406,1,2
0,0,0.2940052,9,2
0,1,0.54344344,2,1
1,1,0.8783907,1,2
1,1,0.6011125,6,1
1,1,0.9837685,1,1
0,0,0.0029429246,9,2
0,0,0.17658953,9,1
0,0,0.0068341806,6,2
0,0,0.07257,9,2
1,1,0.9600606,6,2
0,0,0.017276967,9,1
0,0,0.017554624,9,2
1,1,0.72705114,1,1
1,1,0.97438824,8,1
1,1,0.9337392,6,1
1,0,0.2187836,9,1
1,1,0.8302122,6,1
0,0,0.044347286,6,2
0,0,0.003285076,9,2
1,0,0.46174508,1,1
0,0,0.17027315,1,1
0,0,0.009241051,9,2
1,0,0.4302621,1,1
1,1,0.72235453,1,1
1,1,0.99781585,1,1
0,1,0.63202894,1,2
1,0,0.14311162,1,1
1,1,0.6889109,1,1
1,1,0.71998596,1,2
1,1,0.96517664,2,1
1,1,0.8586001,1,1
1,1,0.9019722,1,2
0,0,0.0058379844,6,2
1,1,0.9456991,1,1
0,1,0.9519192,6,2
0,0,0.00057826535,1,2
0,0,0.0764993,9,1
0,0,0.00041016546,9,2
0,0,0.17818256,1,2
0,1,0.6453961,9,2
0,0,0.02531005,1,2
0,0,0.028624605,8,1
0,0,0.0150309615,8,1
0,1,0.7657801,1,1
1,1,0.9377921,1,1
0,0,0.3749641,9,1
0,0,0.0017186047,1,2
0,0,0.46013415,9,1
1,1,0.7193608,1,1
1,1,0.9519828,1,2
0,0,0.17562811,1,1
1,0,0.3043528,1,2
0,0,0.030131329,8,2
0,0,0.45333838,8,1
0,0,0.13666235,8,1
0,0,0.42451817,9,2
1,0,0.2875009,6,1
1,1,0.92881215,9,2
1,1,0.5682765,1,2
0,0,0.1990498,2,1
0,0,0.01177433,2,2
0,0,0.1855555,1,2
1,1,0.97979933,6,1
1,0,0.26001573,1,1
1,1,0.60121393,1,2
0,0,0.12214116,1,1
1,0,0.37000367,1,1
0,0,0.047108036,8,2
1,1,0.841852,1,1
0,0,0.37091362,2,1
1,1,0.92723244,1,1
0,0,0.09474524,1,2
1,1,0.8681201,8,1
1,1,0.7542019,8,2
1,0,0.21841875,6,2
1,0,0.46819663,8,2
1,1,0.60046786,6,2
1,1,0.8726171,1,2
0,0,0.3383931,1,1
1,1,0.6670796,1,1
1,1,0.99002284,1,1
0,0,0.040300306,1,2
0,0,0.06493086,8,2
0,0,0.21461596,1,1
0,0,0.009191279,8,2
0,0,0.0011892534,2,2
1,0,0.05343519,8,1
0,0,0.30993578,6,2
0,0,0.0005324909,1,2
1,1,0.9339982,6,2
0,0,0.22066095,6,1
0,0,0.19531016,8,1
1,0,0.33756614,6,1
1,0,0.4178405,2,2
0,0,0.0016913362,1,2
1,1,0.664331,9,2
0,0,0.040872306,6,2
1,1,0.94363844,1,1
0,1,0.74725854,1,1
0,0,0.00020642483,1,2
1,1,0.7307353,9,1
0,0,0.19252647,8,2
1,1,0.850434,2,1
0,0,0.022335416,1,2
0,0,0.031128742,6,2
1,1,0.5024066,1,2
1,1,0.75876945,8,1
0,0,0.007994667,1,1
0,1,0.6079457,1,1
1,0,0.22121814,6,2
0,0,0.09380626,6,1
1,0,0.0776462,1,1
1,0,0.21431881,1,1
1,1,0.72859734,6,1
0,0,0.14724189,1,1
0,1,0.7315795,1,2
1,1,0.91127264,1,1
1,1,0.84323025,1,2
1,1,0.9181836,1,1
1,1,0.80658877,6,1
1,0,0.446493,2,1
0,0,0.07624618,1,2
1,1,0.56431293,6,1
0,0,0.12594478,9,2
0,0,0.0016945564,6,1
1,1,0.92815137,2,2
0,1,0.710967,9,2
1,1,0.9401834,1,1
0,0,0.23783414,6,1
1,1,0.6006286,1,2
1,0,0.39911085,1,1
1,1,0.9130764,1,1
0,0,0.0051947497,1,2
0,0,0.1032356,1,2
0,0,0.00946577,1,1
0,0,0.13126785,8,2
0,0,0.007568719,6,1
0,0,0.43701598,1,1
0,0,0.19067726,6,1
0,0,0.06347835,8,2
0,0,0.08926261,9,2
1,1,0.7512379,1,1
0,0,0.041934267,1,2
0,0,0.011711638,8,2
1,0,0.24216172,1,1
0,0,0.0012606707,1,2
0,0,0.018072644,6,2
0,1,0.6614836,9,2
1,1,0.96875125,1,1
0,0,0.00084061373,8,2
1,1,0.96943384,9,2
0,0,0.027201615,8,1
0,0,0.4579062,1,2
0,0,0.057854794,8,2
0,0,0.0035146317,1,2
0,0,0.06558515,2,2
1,1,0.838655,8,2
0,1,0.8883053,9,2
1,1,0.99657094,6,2
0,0,0.068874545,1,1
1,1,0.9413456,9,1
1,1,0.634993,1,1
0,0,0.18917872,6,1
1,0,0.30286288,1,1
1,1,0.5114688,1,1
1,0,0.45614317,1,1
0,0,0.015766177,1,2
0,0,0.3490469,6,1
1,1,0.9615791,1,1
1,1,0.9852556,6,1
1,0,0.31815034,2,2
0,0,0.019077111,1,2
0,0,0.11205522,9,2
1,1,0.97208965,9,1
0,0,0.06861516,8,1
0,1,0.6339236,8,1
0,1,0.57911396,1,1
0,0,0.028259309,6,2
1,1,0.97630674,6,1
1,1,0.81046987,6,2
0,0,0.0371726,1,1
1,1,0.9713362,6,1
1,1,0.73012894,1,1
1,1,0.9281068,1,1
0,0,0.121444814,9,1
1,1,0.7986406,6,2
0,0,0.4595825,1,1
0,0,0.032604307,1,1
0,0,0.0023057845,8,2
0,0,0.3020175,6,1
0,0,0.035048272,3,1
0,0,0.3063141,6,2
0,1,0.891195,6,1
1,1,0.5462144,1,2
0,0,0.2612242,1,1
1,1,0.89488584,1,2
1,1,0.9757322,1,1
1,1,0.933199,1,2
1,1,0.9266121,1,1
0,1,0.6081476,1,2
0,0,0.0589704,9,2
1,0,0.14673139,1,1
1,0,0.4679081,1,2
0,1,0.8572532,2,2
1,0,0.31941628,1,2
0,0,0.15315464,9,2
1,1,0.6229022,1,1
1,0,0.07042655,8,1
0,0,0.043362565,2,2
1,1,0.8047145,1,1
0,0,0.49167448,2,2
1,1,0.7818091,1,2
1,1,0.8090799,1,1
1,1,0.9837472,1,1
0,0,0.011894067,8,1
1,1,0.995184,6,1
1,1,0.9927999,1,1
1,1,0.99524456,6,1
1,1,0.8353922,8,2
0,0,0.0021929762,8,2
1,0,0.28641444,1,1
0,1,0.6834747,1,2
0,0,0.08888646,8,2
0,1,0.5557544,1,1
0,0,0.15451992,9,1
1,1,0.8933194,1,1
0,0,0.26859295,9,2
0,0,0.0010211034,8,1
1,1,0.9709362,1,2
1,1,0.82663554,1,2
0,0,0.2515383,1,1
1,1,0.9013853,9,2
0,0,0.07431582,8,2
0,0,0.0848538,8,1
0,1,0.5684103,9,1
0,0,0.44743633,8,1
0,0,0.08179926,9,2
0,1,0.6795944,8,2
0,0,0.007397448,1,1
1,1,0.9555129,6,2
1,1,0.84269047,8,1
1,1,0.9628399,1,2
0,0,0.1814877,1,2
0,0,0.0248569,6,2
1,1,0.977422,1,1
0,0,0.1270815,8,1
0,0,0.25402474,1,2
1,1,0.9581257,1,1
1,1,0.57086825,1,2
1,1,0.96177596,6,1
1,1,0.93273187,1,1
0,1,0.5981417,1,2
1,1,0.87076503,2,2
1,1,0.7109978,1,2
0,0,0.0018289448,1,1
1,0,0.41334015,8,2
1,1,0.84071946,8,1
1,1,0.8011104,1,2
1,0,0.087589234,9,1
1,0,0.32172176,1,1
1,1,0.9460311,1,1
1,0,0.122853674,8,2
1,0,0.4461861,1,2
0,0,0.0017938663,8,1
1,1,0.9305255,9,2
1,1,0.64009315,6,1
0,0,0.00026725212,1,1
0,0,0.1349762,1,1
0,0,0.009180885,9,2
0,0,0.3489364,1,2
0,0,0.119208954,6,2
1,0,0.38142362,1,2
0,1,0.65935594,6,1
1,1,0.8533224,1,1
1,1,0.9685047,9,1
0,0,0.18303953,6,2
1,1,0.9623699,6,1
1,1,0.9073255,1,1
0,0,0.011883889,6,2
0,1,0.7937704,8,1
1,1,0.82547235,9,1
0,1,0.6427126,6,2
0,1,0.56486654,9,1
1,1,0.6890912,1,2
1,1,0.91628546,1,1
0,0,0.026716199,9,2
1,1,0.96754605,6,2
1,1,0.652147,6,2
1,1,0.8592344,1,2
0,0,0.0022249266,6,1
1,1,0.99148047,1,1
0,0,0.026347114,9,2
0,0,0.007623793,1,2
1,1,0.96826303,1,2
0,0,0.08025566,1,2
0,0,0.42904505,9,2
0,1,0.9160287,1,2
0,0,0.26762885,1,2
1,0,0.08134105,1,2
1,1,0.7186241,1,2
1,1,0.82213324,1,1
0,0,0.07348298,9,1
0,0,0.48042518,9,1
1,1,0.9320433,1,2
0,0,0.0018223944,1,2
1,1,0.75928956,8,2
0,0,0.015484016,1,2
0,0,0.035028797,8,2
1,1,0.99137986,1,1
0,0,0.26892248,1,1
0,0,0.03122361,6,2
0,0,0.043974075,8,1
1,1,0.7638503,6,2
0,0,0.1142966,2,2
0,0,0.010591405,9,2
1,1,0.88141173,9,1
1,1,0.7639966,6,2
0,0,0.2489904,6,1
0,1,0.74739397,9,2
1,1,0.8491637,6,1
1,1,0.99221194,6,1
1,1,0.62365377,9,1
1,0,0.42467758,1,2
1,0,0.21350273,6,1
1,1,0.6960424,1,2
0,0,0.12669699,1,2
1,0,0.009060807,1,2
1,1,0.56758356,1,2
0,0,0.08414333,9,1
0,0,0.043215066,9,2
1,0,0.21197096,6,1
1,1,0.9412873,1,1
1,1,0.83288586,6,2
1,0,0.39939266,5,1
1,1,0.70894706,6,2
1,1,0.978506,6,1
0,0,0.43251547,9,1
0,0,0.020059722,8,2
0,0,0.0143853435,6,2
0,0,0.39395276,8,1
1,1,0.9195075,1,1
0,1,0.63690907,9,1
0,0,0.0046892213,1,2
1,1,0.7667724,8,2
1,1,0.98234814,1,2
0,1,0.6552787,1,2
0,0,0.019783083,9,2
0,0,0.21214949,6,1
0,0,0.007283431,1,1
0,1,0.82489806,1,1
0,0,0.43016022,1,2
1,1,0.8675211,1,2
1,1,0.97107816,6,2
1,1,0.89884466,1,2
0,0,0.46221882,9,1
1,1,0.8381998,1,2
1,1,0.97329426,1,2
0,0,0.16562225,8,1
0,0,0.03133029,8,1
0,0,0.25964928,1,2
1,1,0.94275194,1,2
0,0,0.010823293,1,2
1,1,0.5913445,1,2
0,0,0.05342616,1,2
1,1,0.96871746,8,1
0,0,0.012300671,1,2
1,1,0.85987055,1,2
1,1,0.74187124,1,1
1,0,0.073392786,8,1
0,0,0.2579039,8,2
0,0,0.37407908,1,1
0,0,0.0282977,8,1
1,1,0.7249183,6,2
0,1,0.94130385,1,1
0,1,0.6456906,6,2
1,1,0.65598595,1,1
0,0,0.049788244,1,1
1,1,0.9438378,1,1
0,0,0.0043946914,6,1
0,1,0.9235274,1,1
1,0,0.066561356,6,1
0,0,0.011841353,8,2
0,0,0.28739288,8,2
1,1,0.9199078,1,1
0,0,0.019119583,2,1
0,0,0.4695051,1,2
0,0,0.086767465,8,1
0,0,0.01118777,8,2
0,0,0.013478809,1,2
0,0,0.009665706,8,2
0,0,0.0046172687,9,2
1,1,0.90970635,1,1
1,1,0.8116397,1,2
1,1,0.9174275,6,2
0,0,0.022142049,8,1
1,1,0.99522394,6,1
0,0,0.1022875,1,2
0,1,0.69622564,8,1
0,0,0.045232516,9,1
0,1,0.56998605,8,1
0,0,0.42682558,9,2
0,1,0.76872015,1,1
0,0,0.0021129025,1,2
0,0,0.016096098,8,2
0,0,0.005872702,8,2
1,1,0.8790333,8,1
1,0,0.29864785,8,1
0,0,0.046288047,8,2
0,0,0.017177233,9,1
1,1,0.8703972,6,1
1,1,0.9101552,1,1
1,1,0.96357894,6,1
0,0,0.019192772,8,1
1,1,0.8405887,1,2
0,0,0.24785082,1,1
1,1,0.50042534,8,1
1,1,0.954829,8,2
1,1,0.9835295,6,2
1,1,0.89616,1,1
0,0,0.015008487,8,1
0,0,0.42590362,1,1
0,0,0.0003932609,1,2
1,1,0.99510866,1,1
0,0,0.06683614,6,1
1,1,0.85076314,1,1
1,0,0.20532998,8,1
0,0,0.169268,1,2
0,0,0.014863196,8,2
0,0,0.033136554,6,2
0,0,0.33284143,1,2
1,1,0.7504559,8,2
0,0,0.15373453,1,2
1,1,0.8521099,9,1
0,0,0.13037263,1,2
0,0,0.4917387,1,2
0,0,0.078680605,6,1
1,0,0.15156338,8,2
0,0,0.18941076,1,1
0,0,0.0021564644,1,2
1,1,0.9885678,6,1
1,1,0.91847885,2,1
0,0,0.04463367,8,1
0,0,0.015623901,1,2
0,0,0.0044948985,8,1
1,1,0.9372219,1,1
0,1,0.53018594,9,2
0,0,0.014488702,6,2
1,1,0.8548251,1,1
0,1,0.9098572,1,2
0,0,0.025490094,8,2
1,1,0.9580933,1,1
0,1,0.7665313,1,2
1,1,0.95052344,6,2
1,1,0.5550486,9,2
1,1,0.71937585,1,2
1,1,0.95766354,1,1
0,0,0.03212729,8,2
0,1,0.7113533,6,2
0,0,0.16041675,9,2
0,0,0.086049385,1,2
0,0,0.15445755,8,2
1,1,0.6968265,6,1
0,0,0.19083579,1,2
0,0,0.1271106,6,1
0,1,0.8659244,9,1
0,0,0.12814511,8,1
0,0,0.03776847,9,2
1,1,0.84784454,1,1
0,0,0.00033693528,1,2
0,1,0.7114739,1,1
0,1,0.51580524,1,1
0,0,0.009278097,6,2
0,0,0.2093032,9,1
1,1,0.83079225,1,2
0,0,0.047402266,1,2
0,1,0.5464105,6,1
1,0,0.4313534,8,1
1,1,0.7414334,1,1
0,1,0.7426727,6,1
1,1,0.9418586,1,2
0,0,0.12992407,8,2
0,0,0.04803122,8,2
0,1,0.70947105,3,2
1,1,0.80177504,1,1
1,1,0.9536316,6,1
1,1,0.7195756,1,1
1,1,0.9798093,1,2
0,0,0.09935631,1,2
0,0,0.009695923,9,2
1,0,0.43937752,9,2
0,1,0.8266384,9,1
1,1,0.9549202,8,1
0,0,0.028220633,8,1
0,0,0.019144678,6,2
0,0,6.956402e-05,9,1
1,1,0.9533562,9,2
1,1,0.97288233,9,1
1,1,0.5611305,1,1
1,1,0.9464607,6,2
0,0,0.19830316,6,1
1,1,0.9887531,6,1
0,1,0.6672035,2,1
1,1,0.9605602,1,2
0,0,0.2435468,6,1
0,0,0.00094023364,9,2
0,0,0.03648898,8,2
0,0,0.056394942,8,2
0,0,0.0889279,8,2
0,0,0.112856194,9,2
1,0,0.22840041,6,2
0,0,0.077406146,8,1
0,0,0.084841825,1,2
1,0,0.04556285,8,1
0,0,0.073710755,8,1
1,1,0.96624947,1,2
1,1,0.96586466,1,1
0,0,0.17270502,8,1
0,0,0.0012757921,9,1
0,1,0.76651824,9,2
1,1,0.89358264,1,1
1,1,0.94456714,3,1
1,1,0.82580626,9,1
0,0,0.3087676,8,1
0,0,0.0064303507,1,1
0,0,0.11762362,9,2
0,0,0.31671238,1,1
1,1,0.99603987,1,1
0,0,0.000401227,6,2
1,1,0.69761354,6,1
0,0,0.16255118,8,1
1,1,0.9796672,9,2
1,1,0.93440473,1,1
1,0,0.18368846,9,1
1,1,0.94948447,1,2
0,0,0.39577407,8,2
1,1,0.97041965,1,2
1,1,0.63686836,1,2
0,1,0.6138661,1,2
1,0,0.19167876,8,1
0,0,0.2495401,1,1
1,1,0.94981754,1,2
0,0,0.015837578,9,2
0,0,0.07631688,1,1
0,0,0.17889267,1,2
0,0,0.008949815,1,2
1,1,0.99282527,6,1
0,0,0.017933797,1,2
0,0,0.00027896668,8,2
0,0,0.04432375,1,1
0,0,0.4879919,1,1
0,0,0.008256411,9,2
0,0,0.010466399,8,2
1,1,0.9712477,1,1
1,1,0.984522,1,2
1,1,0.9626786,6,2
0,1,0.538459,9,2
0,0,0.22419947,2,2
0,0,0.024279948,6,2
1,1,0.9180518,9,1
1,1,0.5423597,6,2
0,0,0.02448803,6,2
1,0,0.47981206,2,1
0,0,0.0039887,9,2
1,1,0.9459776,6,1
0,0,0.0097938925,8,1
0,0,0.1460807,6,1
1,1,0.8659431,9,1
0,0,0.25552782,2,2
0,1,0.83542293,9,1
0,0,0.020924069,1,2
0,1,0.85278404,8,1
0,0,0.0054032085,8,1
1,1,0.9832735,1,1
1,0,0.3118518,1,1
0,1,0.9069129,6,2
0,0,0.0143042775,1,1
0,0,0.41423956,1,1
0,0,0.005245329,1,2
0,0,0.44519746,8,1
0,0,0.28131968,9,1
1,1,0.9314254,1,1
1,1,0.87189174,9,2
1,1,0.7542537,9,2
1,0,0.39620292,6,1
1,1,0.818918,6,2
1,1,0.8066941,1,1
1,1,0.96427155,6,2
1,0,0.20565608,8,1
0,0,0.20624034,6,1
0,0,0.08058782,7,1
0,0,0.011913304,6,2
0,0,0.04485392,9,2
0,0,0.034699902,1,2
1,1,0.6863684,8,2
0,0,0.0022959232,6,2
1,0,0.25872046,8,2
0,1,0.6704628,1,1
1,1,0.98514426,6,1
1,1,0.8226993,6,2
1,1,0.78563505,1,2
1,1,0.85134465,1,1
1,1,0.975941,6,1
1,0,0.07907745,6,2
0,0,0.014964276,9,2
1,0,0.4384611,6,1
1,1,0.9972072,1,1
0,0,0.38077852,9,1
1,1,0.950259,1,2
1,1,0.9513863,1,2
1,1,0.9168034,1,1
0,1,0.90307504,1,1
1,1,0.9238313,1,2
0,0,0.05478551,6,2
1,0,0.27346438,1,2
0,0,0.38551155,6,1
0,0,0.000748941,9,1
0,0,0.00044355614,9,1
1,1,0.90783757,1,2
0,0,0.08639967,1,2
1,1,0.8883211,8,1
0,1,0.7706855,1,1
1,1,0.9880953,1,1
1,1,0.8220634,8,2
1,0,0.37193123,1,1
0,0,0.054462675,6,2
0,1,0.7803089,1,1
0,0,0.13494606,8,2
1,1,0.81321657,1,2
1,1,0.7710387,1,2
1,0,0.07424066,9,2
0,0,0.003490564,9,2
1,0,0.14365053,8,2
0,0,0.22682473,1,1
0,0,0.00027934674,8,2
1,1,0.7726203,3,1
0,1,0.5899013,1,1
1,1,0.7651728,6,1
0,0,0.0019898564,9,2
0,0,0.0034895092,1,1
0,0,0.35181996,9,1
0,0,0.38767147,6,2
0,0,0.014244671,8,2
1,1,0.8270343,1,1
0,1,0.52107334,1,2
1,0,0.40853924,9,2
0,0,0.008223235,1,2
0,0,0.034071498,6,1
0,1,0.68165594,1,1
1,0,0.041752912,1,2
0,0,0.032855306,1,2
1,1,0.94535226,1,1
1,1,0.6400053,1,1
1,1,0.6241038,6,2
0,0,0.0073813424,8,2
0,0,0.016585624,9,1
0,1,0.66070104,1,2
1,1,0.9276693,6,2
0,0,0.00039501785,1,2
1,1,0.95416754,1,2
0,0,0.0010078658,9,1
1,1,0.9711195,6,1
0,0,0.1707874,8,1
0,0,0.31148097,1,2
0,0,0.017898258,8,2
0,1,0.77411246,1,1
0,0,0.06343855,9,1
1,1,0.9213227,1,2
0,0,0.26523843,1,1
1,1,0.9863486,1,1
1,1,0.8403828,1,2
1,0,0.28440985,8,1
0,1,0.5890681,6,1
1,1,0.68596697,1,2
1,1,0.9819134,1,1
0,0,0.001650857,9,2
0,0,0.01817971,9,1
0,0,0.101073176,6,1
1,1,0.9249571,1,1
1,1,0.85970944,1,2
1,1,0.8616024,9,1
0,0,0.27515748,6,1
0,0,0.11431691,8,2
0,0,0.0011107314,1,1
0,0,0.3156471,9,1
0,0,0.08668768,1,2
1,0,0.43399644,9,2
1,0,0.34246743,8,1
1,1,0.7047685,9,1
1,0,0.183727,9,1
0,0,0.23815757,9,2
1,1,0.99373513,6,1
0,0,0.013429576,9,2
0,0,0.47361648,8,1
1,0,0.4921988,2,2
1,1,0.8920759,6,1
0,0,0.10149944,1,2
1,1,0.91817504,1,1
1,1,0.77392054,9,2
1,1,0.90379345,1,1
1,1,0.96127844,6,2
1,1,0.856281,6,2
0,0,0.029828515,8,1
0,1,0.9563904,9,1
0,0,0.0007076534,1,2
1,1,0.8735334,9,2
1,1,0.85855037,9,2
1,1,0.8218964,5,1
0,0,0.00036255945,6,1
1,1,0.9424123,1,1
1,1,0.8810524,1,1
0,0,0.0633957,8,1
0,1,0.88333654,6,2
1,0,0.25080633,9,2
1,1,0.80873156,1,1
1,1,0.9791545,9,1
0,1,0.579597,1,1
0,0,0.29707667,1,2
0,0,0.017138716,1,2
1,1,0.8187046,9,2
0,0,0.16378272,6,1
1,1,0.6799898,1,1
1,1,0.73230517,6,1
0,0,0.0017172546,3,2
0,0,0.21581428,9,1
1,1,0.98166955,1,1
0,0,0.14084229,8,1
1,1,0.97797686,1,1
0,0,6.701884e-05,1,2
1,1,0.71699846,6,1
0,1,0.7261999,6,2
1,1,0.7660787,1,1
0,0,0.059130136,8,1
1,0,0.48078534,8,1
1,1,0.9902171,6,2
0,0,0.00057791325,6,2
1,1,0.9977945,1,2
1,1,0.9687752,9,1
1,0,0.06338409,2,1
1,1,0.9801562,1,1
0,0,0.009698785,9,2
0,1,0.97616357,1,1
1,1,0.96823376,1,2
1,1,0.97054493,6,2
0,1,0.96342987,1,2
0,1,0.74050146,1,2
0,0,0.40992093,1,2
0,0,0.0046684183,1,1
0,0,0.04096104,6,2
0,0,0.37602034,3,1
1,1,0.9822275,6,2
0,1,0.74242884,6,1
1,1,0.98563635,6,1
1,1,0.96288157,1,1
0,1,0.7088378,1,2
1,1,0.8657355,6,1
1,1,0.5288051,1,1
1,1,0.9385683,1,2
1,1,0.98323387,1,1
1,1,0.9743071,1,1
1,1,0.9779261,1,1
1,1,0.82253724,6,1
1,1,0.6721006,1,1
0,0,0.01831273,1,2
1,1,0.90523565,6,2
0,0,0.25208393,1,2
0,0,0.017373133,9,1
0,1,0.86661047,8,1
0,0,0.108111985,8,1
1,1,0.9041868,6,2
1,0,0.38997632,8,1
1,1,0.8809016,1,2
0,0,0.026554279,9,1
1,1,0.72236145,1,1
1,1,0.9196319,1,1
1,1,0.9149704,1,2
0,0,0.09597443,2,2
0,0,0.07680986,1,1
1,0,0.27636173,1,1
1,0,0.4101613,8,1
1,0,0.24362881,2,2
1,0,0.08728827,6,1
1,1,0.5886381,1,2
0,0,6.655207e-05,9,2
1,0,0.06689623,9,1
1,1,0.52793556,1,2
1,1,0.58812654,6,1
0,0,0.0052048257,8,1
0,0,0.35009006,6,2
1,1,0.8694625,8,1
1,0,0.40253899,9,1
0,0,0.078690924,1,1
0,0,0.15450816,2,2
0,1,0.95921713,1,2
1,1,0.85691094,6,1
1,1,0.7480977,9,1
0,0,0.28389648,6,2
0,0,0.27057883,1,1
1,1,0.7050343,1,2
1,1,0.5544095,9,2
0,0,0.0110461,1,1
0,0,0.36632898,1,2
0,0,0.012704184,9,1
1,1,0.7840352,6,2
1,0,0.48360312,9,1
0,0,0.070196055,1,2
1,0,0.38179702,2,1
0,0,0.1269417,8,2
0,0,0.12376112,2,2
1,1,0.86486524,1,2
0,0,0.0036850662,1,1
0,0,0.07905386,6,2
0,0,0.11910415,8,2
1,0,0.35424656,8,1
0,0,0.47258705,1,2
1,1,0.99072295,6,2
1,1,0.76154673,6,2
0,1,0.9016905,1,2
0,1,0.5510954,1,1
1,1,0.99614775,1,1
1,0,0.3991978,2,2
1,1,0.9733863,6,2
0,0,0.004770321,8,2
0,0,0.31444475,9,1
1,0,0.029367339,1,1
1,1,0.8179466,1,1
1,1,0.98355293,1,1
1,1,0.7074015,1,2
1,1,0.7008023,1,2
1,1,0.9157332,1,2
0,0,0.0018074447,1,2
0,0,0.38480017,6,1
0,0,0.00066644856,3,1
0,0,0.07619748,9,1
1,1,0.95303303,1,1
1,1,0.9782713,1,1
1,0,0.43309185,1,2
0,0,0.41544244,6,1
0,0,0.032861784,9,1
0,0,0.0008407383,8,2
1,0,0.0038273677,2,2
1,1,0.7409071,9,1
1,1,0.95027953,1,1
1,1,0.95547783,8,2
0,0,0.015736254,1,2
1,1,0.9892909,6,1
1,1,0.908308,1,1
0,1,0.5280946,1,1
0,0,0.0003304525,8,2
1,1,0.7454537,1,1
0,0,0.21776353,1,1
0,0,0.019900965,8,1
0,0,0.0620264,8,1
0,1,0.6826723,8,2
1,1,0.98639596,1,1
1,1,0.7058242,9,1
1,0,0.36865023,6,1
0,0,0.013330891,9,2
0,1,0.8630192,1,2
0,0,0.27408838,2,1
0,1,0.90982735,6,1
1,1,0.970588,9,2
1,1,0.88803786,1,1
0,0,0.00016773077,8,2
1,1,0.9905778,6,2
0,1,0.88650465,6,2
1,1,0.903841,6,1
0,0,0.007902927,8,2
1,1,0.9578536,1,2
0,0,0.07191682,1,2
0,1,0.8544814,1,1
1,0,0.43739304,1,2
0,0,0.015069691,9,2
0,0,0.0711677,8,1
1,1,0.99397403,6,2
0,1,0.5001959,8,2
0,1,0.64880216,1,1
1,1,0.96643186,9,1
0,1,0.9207973,1,1
1,1,0.98049176,1,1
1,1,0.8735754,6,2
1,1,0.8557911,1,2
0,0,0.020050684,1,2
1,1,0.88800234,6,1
0,0,0.21686359,2,2
0,0,0.28429392,8,1
0,0,0.008864272,6,2
1,1,0.93963087,1,1
1,1,0.88136756,1,1
1,0,0.38038936,1,2
1,1,0.90621006,1,1
0,1,0.6295722,1,2
1,1,0.89843833,6,1
1,0,0.112106636,2,2
1,1,0.90381604,1,2
1,1,0.8752999,9,1
0,1,0.97956514,6,2
1,1,0.992527,1,1
0,0,0.005989152,1,1
1,1,0.84196115,2,1
0,0,0.22021514,6,1
0,0,0.04946554,8,1
1,1,0.84751135,1,1
1,1,0.9341574,6,2
0,0,0.21009837,9,1
0,0,0.0070920214,1,2
0,0,0.04069988,8,1
1,0,0.03607444,6,2
1,1,0.8570526,1,1
0,0,0.22337362,8,1
1,0,0.124623775,8,1
0,1,0.5806766,9,2
1,1,0.5700278,1,1
1,1,0.5457137,6,2
0,1,0.9222718,6,1
1,1,0.98082757,1,1
1,1,0.75290835,1,1
1,1,0.9124035,1,2
0,0,0.17171,6,1
0,0,0.04422583,8,1
0,0,0.014363475,8,2
1,1,0.9416292,6,2
0,0,0.44006944,2,1
0,0,0.23191844,1,2
1,1,0.8648297,8,1
1,1,0.97063994,1,2
1,0,0.38334975,1,1
1,0,0.45409343,1,1
1,1,0.98251134,6,1
0,0,0.11582396,6,2
0,1,0.85517204,1,1
1,1,0.9771888,1,2
0,0,0.23472863,9,2
1,1,0.5046297,8,1
1,1,0.8125558,6,2
0,0,0.022926552,1,2
0,1,0.8821199,6,2
0,0,0.12726343,9,1
1,1,0.89552325,1,2
1,1,0.9902204,6,1
1,1,0.7413991,1,1
1,1,0.9186401,1,2
0,0,0.3755326,8,1
1,0,0.17295526,8,1
1,1,0.59372014,1,2
0,1,0.5753683,1,2
1,1,0.9988172,9,2
0,0,0.0823196,9,1
0,0,0.029394805,9,2
0,0,0.012833647,8,2
0,0,0.0027484598,1,1
0,1,0.6795618,1,1
1,1,0.92205274,8,1
0,0,0.37430394,1,1
1,1,0.77998084,6,1
0,0,0.03520919,2,2
0,0,0.45655102,6,1
1,1,0.5242731,1,1
1,0,0.07419309,8,2
0,1,0.7520515,3,1
0,0,0.1561661,1,2
1,1,0.8143287,6,2
1,1,0.6414742,8,1
0,0,0.054994456,8,2
1,1,0.9661632,1,2
1,1,0.8777366,9,1
0,0,0.112502284,9,1
0,0,0.018091613,8,2
0,1,0.94549197,9,2
0,0,0.04264209,8,1
0,0,0.0042404393,8,1
0,0,0.13401495,1,2
0,0,0.14330254,6,2
0,0,0.055827398,6,2
1,1,0.9873661,1,2
0,0,0.038027436,6,2
1,1,0.8326159,2,2
0,0,0.17947339,1,2
1,1,0.9929092,2,2
0,0,0.081103645,1,1
1,1,0.7442228,9,2
0,0,0.016884279,9,1
0,0,0.14680499,1,2
1,1,0.97295165,6,2
1,0,0.47504398,2,1
1,1,0.7612046,2,1
1,1,0.9978619,1,1
0,0,0.0672823,8,1
1,1,0.55636007,1,1
0,0,0.114780284,9,1
1,0,0.026415432,6,1
0,0,0.07477791,8,2
0,0,0.077862985,1,2
1,1,0.9691188,3,1
0,1,0.61549187,8,1
1,1,0.96606475,1,2
1,1,0.93718606,1,1
0,0,0.00060613145,9,2
0,1,0.9263345,1,1
0,0,0.01750316,9,2
1,1,0.803362,2,1
1,1,0.83782566,1,2
1,1,0.6713777,8,1
1,1,0.9897842,1,2
1,1,0.93118405,1,1
0,0,0.08624806,8,1
1,1,0.978079,1,2
1,1,0.9632252,6,1
0,0,0.30318913,8,1
1,0,0.10249196,6,1
0,0,0.00567638,9,2
1,1,0.77423584,1,1
1,1,0.87884086,2,1
0,0,0.0019687102,9,2
0,0,0.21781452,1,2
1,1,0.989817,6,1
0,0,0.0048611416,6,2
1,1,0.71717864,3,2
0,1,0.560046,8,2
1,1,0.86398035,6,1
1,1,0.97887003,1,1
1,1,0.9155584,6,2
0,0,0.08387956,8,2
0,0,0.0103327595,9,1
1,1,0.9232637,6,2
0,0,0.0062750173,8,2
0,0,0.13535784,6,2
0,0,0.073704444,8,1
0,0,0.042976737,8,1
0,0,0.24923737,8,1
0,0,0.02219728,1,2
0,0,0.01757396,6,1
0,1,0.7145619,8,1
0,1,0.5736362,2,2
1,1,0.85493374,1,1
1,0,0.2234976,2,1
0,0,0.26749226,2,2
0,0,0.018356234,1,1
1,1,0.6377538,6,1
0,0,0.08381862,9,1
0,0,0.28358316,1,2
0,0,0.20644201,9,1
0,0,0.26092806,1,2
0,0,0.21797873,1,2
0,0,0.42583838,1,1
0,0,0.13897854,8,2
0,0,0.004612163,8,2
1,1,0.93670505,6,1
0,0,0.013628429,3,1
1,1,0.689686,1,1
1,1,0.97317886,6,1
0,1,0.6681601,1,2
0,0,0.18769842,6,2
1,1,0.86669827,1,2
0,0,0.037130255,9,2
1,1,0.97690135,1,1
1,0,0.4801203,9,1
1,1,0.92103773,1,1
1,1,0.97067106,6,2
1,1,0.7306871,8,2
1,0,0.010706821,8,2
1,1,0.8760255,1,1
1,1,0.99950683,1,1
0,0,0.4643808,9,1
1,0,0.4673333,1,1
0,0,0.46576518,1,2
1,1,0.7070653,1,1
0,1,0.7410477,1,2
1,1,0.7431878,1,1
1,1,0.8322753,6,1
1,1,0.9617591,9,2
0,0,0.0149600515,9,2
1,0,0.30669427,9,1
0,0,0.13977198,1,2
0,0,0.09267298,9,2
0,0,0.015109234,8,2
1,1,0.92970365,1,1
1,1,0.6698108,6,1
0,1,0.72151506,1,2
0,1,0.86851513,1,1
1,1,0.99735594,6,2
0,0,0.068167284,1,2
0,0,0.4599279,6,1
0,0,0.14279747,2,2
1,1,0.9644399,8,1
1,1,0.85929316,1,1
1,0,0.28053755,6,2
0,0,0.40904096,2,1
0,1,0.9467551,1,1
1,1,0.5259613,1,2
1,0,0.3605692,1,1
0,0,0.0028436058,1,1
0,0,0.16133758,8,2
0,1,0.7704239,6,1
0,0,0.093267635,1,1
0,1,0.6112517,1,1
0,0,0.11754065,1,1
1,1,0.9962119,6,1
1,0,0.47028306,1,1
1,1,0.9068456,1,1
1,1,0.9693877,1,1
0,1,0.8362732,9,2
1,1,0.8204731,6,1
1,1,0.9559501,1,1
0,0,0.3727387,9,2
0,0,0.011454544,8,2
1,0,0.38102803,2,1
0,0,0.12088307,9,1
0,0,0.23147397,6,2
0,1,0.53602207,6,1
1,1,0.8028343,9,1
0,0,0.49428874,1,1
1,1,0.9935096,1,1
0,0,0.20145811,6,2
0,0,0.37811014,8,1
0,0,0.22575267,3,1
1,1,0.5107252,1,1
0,0,0.12792517,2,1
1,1,0.82051224,1,1
1,1,0.9522256,1,1
0,0,0.0075989477,1,1
1,1,0.6208745,6,2
1,1,0.9524999,1,1
1,1,0.8047592,1,1
0,0,0.11552445,1,2
0,0,0.021374997,6,2
0,1,0.82799965,1,1
1,0,0.23826198,1,1
0,0,0.00647012,3,1
0,1,0.5925893,6,1
1,0,0.49521795,1,1
1,1,0.6494364,6,1
0,0,0.009852122,1,1
0,0,0.22570504,9,2
1,1,0.85718745,1,1
0,0,0.008834231,2,2
0,0,0.057560656,6,2
1,1,0.6925875,1,1
0,0,0.024214279,6,1
1,1,0.97987765,1,1
0,0,0.0014500894,8,2
0,0,0.05967015,1,1
1,1,0.9567384,6,2
0,0,0.36528787,8,1
1,1,0.8592804,1,2
0,0,0.033662334,1,1
0,0,0.43147048,1,1
0,1,0.58133143,8,1
1,1,0.8989426,1,2
0,0,0.038598225,9,2
0,0,0.2125393,6,2
0,0,0.060955457,3,1
0,0,0.005067941,8,1
0,0,0.32291982,8,2
0,1,0.66773796,6,2
1,1,0.74429804,1,1
0,0,0.040694218,9,2
1,1,0.88944626,1,2
0,0,0.026290335,9,2
1,1,0.8554207,1,1
0,0,0.10887806,1,1
0,0,0.06385487,8,2
0,0,0.033070993,8,2
0,0,0.040424984,6,1
1,0,0.40577298,1,2
0,0,0.022137094,8,2
0,0,0.083739854,9,1
0,0,0.025643576,6,2
1,1,0.5974615,8,2
1,0,0.21528813,6,1
1,1,0.83828324,6,1
0,0,0.0041958294,9,2
0,0,0.14246692,8,1
1,1,0.9376362,6,1
1,1,0.98322946,1,1
1,1,0.99568236,1,2
1,1,0.5976315,8,1
1,0,0.3945716,6,1
0,0,0.28521606,9,1
1,0,0.2101564,2,1
1,1,0.8968926,6,2
1,1,0.9636475,1,1
0,0,0.049501047,8,2
0,0,0.05950271,6,1
1,1,0.97111624,8,1
0,1,0.9043836,1,2
1,1,0.7229778,6,2
1,0,0.045011465,8,1
1,1,0.8982088,9,1
1,0,0.32491904,6,2
1,1,0.8396789,1,1
0,0,0.47748277,2,2
0,0,0.037974034,9,1
0,0,0.20259497,9,1
0,0,0.26838776,1,1
0,0,0.073103346,9,2
0,1,0.8453451,1,2
1,1,0.9424987,6,2
0,1,0.70622116,9,2
1,0,0.137361,9,1
1,1,0.8159169,6,1
1,1,0.74979424,9,2
0,1,0.8165683,6,1
0,0,0.0018617158,8,1
0,0,0.01089043,9,2
0,0,0.4105288,2,1
1,1,0.5356065,1,2
1,1,0.959547,6,2
0,0,0.33360398,1,2
1,1,0.9779245,1,1
0,0,0.00062736054,8,2
0,1,0.5877833,9,1
1,1,0.92404723,1,1
1,1,0.92552984,9,1
1,0,0.46090505,9,1
1,1,0.890093,2,2
1,1,0.8807237,9,1
0,0,0.02339854,1,2
1,1,0.9332426,1,2
1,1,0.98638713,1,1
0,0,0.08357382,9,1
1,0,0.33278707,1,2
1,0,0.49997962,1,1
0,1,0.69790846,9,2
0,0,0.12239951,1,2
1,0,0.031997908,9,2
1,1,0.9042944,1,1
0,0,0.056566644,6,2
0,0,0.15641472,8,2
0,0,0.021900032,6,2
0,0,0.2784508,8,2
1,0,0.45587346,1,2
1,1,0.51742846,9,2
0,0,0.27357048,3,2
0,0,0.26897556,1,2
0,0,0.058580406,9,2
1,1,0.89267755,1,1
1,0,0.043199867,9,2
0,0,0.02417994,8,2
0,0,0.0026407007,1,1
0,0,0.49176672,1,2
1,1,0.94831866,1,1
0,0,0.19438584,8,1
0,1,0.5501258,9,2
0,0,0.0076635825,9,2
0,1,0.9792571,1,1
0,1,0.5077945,6,1
1,0,0.46156964,1,2
0,0,0.26339704,1,1
0,0,0.01324469,8,2
1,1,0.5953159,6,2
0,0,0.108012736,8,2
1,1,0.9989048,6,1
1,1,0.9574407,6,2
1,1,0.66589665,1,1
1,1,0.7551151,1,1
1,1,0.8898648,1,2
0,0,0.2948567,9,2
0,0,0.0003343197,6,2
0,0,0.0017784617,8,2
0,1,0.9436172,1,2
0,0,0.021048933,1,1
0,0,0.40974686,8,2
1,1,0.8726724,1,1
1,0,0.3865645,9,1
1,1,0.99915636,6,1
0,0,0.20543118,1,2
0,0,0.002674149,9,1
1,1,0.9838749,1,2
1,1,0.9904631,1,2
0,0,0.4625371,1,2
0,0,0.050497156,8,2
1,1,0.69031805,1,1
1,1,0.9406181,1,2
1,1,0.76559114,6,2
0,0,0.44027078,9,2
0,0,0.35430712,2,2
1,0,0.12521781,8,1
1,1,0.73191535,1,2
1,1,0.7452149,6,2
0,0,0.004623045,1,2
1,1,0.78098655,6,1
0,1,0.7380193,9,2
0,0,0.47132403,8,1
1,1,0.8477138,1,1
1,1,0.9394364,1,2
0,0,0.0013556044,1,1
0,1,0.79729944,9,1
0,1,0.9757273,8,1
1,1,0.9979894,6,1
0,0,0.114724055,8,1
0,0,0.067896545,8,2
1,1,0.8949469,1,2
1,0,0.2817826,1,2
1,1,0.9688668,1,1
0,0,0.004954244,1,2
1,1,0.99002916,6,1
0,0,0.0016362423,1,1
0,0,0.020964755,8,2
1,1,0.91696656,1,1
1,1,0.99261063,1,1
0,1,0.75132793,1,2
0,0,0.024204079,1,2
1,1,0.67004806,6,1
0,0,0.070091404,1,1
1,1,0.973663,1,2
0,0,0.36255282,8,2
1,1,0.939368,1,1
0,1,0.5409753,1,2
0,0,0.15625994,9,1
1,1,0.5395368,1,2
1,1,0.96142566,1,1
1,1,0.98804104,1,1
1,0,0.42093137,8,2
0,1,0.75106895,1,2
0,1,0.91869605,8,1
1,1,0.86267465,1,2
1,1,0.9639808,6,1
0,0,0.0047270525,1,2
0,0,0.1283863,9,1
0,0,0.05447538,9,2
0,0,0.032924682,8,2
1,1,0.8584271,2,2
1,1,0.9738225,1,1
1,1,0.9095914,6,2
0,0,0.113374524,8,2
1,1,0.8676775,1,1
0,0,0.41017807,8,1
0,0,0.18535537,1,1
1,1,0.8776225,1,1
1,1,0.87425864,6,1
0,0,0.17427461,6,1
1,1,0.5598467,6,1
0,0,0.3140688,8,1
0,0,0.24112296,8,1
1,1,0.70944905,1,1
1,1,0.99085206,6,1
1,1,0.97374403,6,1
0,0,0.060339127,2,2
0,0,0.0042748926,1,1
1,1,0.91825515,1,2
0,0,0.0057818578,2,2
0,0,0.029058887,2,2
0,0,0.005184135,2,2
1,1,0.6620057,6,1
0,0,0.01439047,8,1
1,1,0.97999716,6,1
1,1,0.9660613,1,1
1,1,0.8254716,1,2
0,0,0.02307785,2,2
0,0,0.0057079988,1,1
0,0,0.011642921,8,2
1,1,0.82139546,9,2
1,1,0.5267269,1,2
0,0,0.24085379,1,2
0,0,0.00055180583,1,2
1,1,0.95308465,1,1
1,0,0.39906675,3,2
0,0,0.13928358,8,1
1,1,0.9132366,1,1
0,0,0.0011048123,6,1
1,1,0.66231537,1,2
0,0,0.21551226,1,1
0,0,0.016749682,1,2
1,1,0.9705067,1,1
0,0,0.30263746,1,2
0,0,0.015448125,6,2
1,1,0.8939961,1,2
1,0,0.03985506,9,1
0,0,0.017050304,9,2
0,1,0.77348965,2,2
1,1,0.969776,6,2
1,1,0.9870402,1,1
1,1,0.9577657,1,2
1,1,0.57077336,8,1
0,0,0.0003710565,1,2
1,1,0.95166713,6,1
0,0,0.10191084,6,2
0,0,0.0054765623,5,2
1,0,0.25922963,1,2
0,0,0.036465224,8,1
0,0,0.012552903,9,1
1,1,0.9637842,1,2
1,0,0.13149895,6,1
0,0,0.011702999,6,1
0,0,0.061798956,8,2
1,1,0.9912475,6,1
0,0,0.085750245,6,1
0,0,0.004991751,1,2
0,0,0.015314227,8,1
1,1,0.56081676,6,1
1,0,0.48344165,1,1
1,1,0.99038154,6,2
0,0,0.0010207114,8,2
0,0,0.011210338,1,2
0,0,0.15381126,1,2
0,0,0.0021960752,9,1
0,0,0.10719809,1,2
1,1,0.8877377,6,1
0,0,0.0071207243,8,1
0,0,0.0131870825,3,2
1,1,0.9814571,1,1
0,0,0.0167565,8,1
0,0,0.00082906213,6,1
1,1,0.93085814,1,1
1,1,0.816136,1,2
0,0,0.016935209,1,2
1,0,0.33849075,6,2
0,0,0.08674601,9,2
0,1,0.55000055,1,1
1,1,0.9561136,1,2
0,0,0.01370628,8,2
0,1,0.60805064,1,1
0,1,0.66389793,8,2
0,0,0.026542997,8,1
0,0,0.01681383,6,1
1,0,0.060477566,2,1
0,0,0.002341324,8,2
0,0,0.008829564,8,2
0,0,0.23926923,2,2
0,1,0.8935736,1,1
1,0,0.060226936,1,2
0,0,0.037669018,8,2
0,0,0.13619594,9,2
0,0,0.004246954,8,2
1,0,0.40482238,9,2
1,1,0.964698,1,2
0,0,0.030660726,6,2
0,0,0.053100582,6,2
1,1,0.6622705,9,2
1,0,0.36485556,6,1
0,1,0.5204815,1,1
0,0,0.0062899557,2,2
1,1,0.96630734,9,1
1,1,0.66076297,8,2
1,1,0.79661316,1,1
1,1,0.84246147,1,1
1,1,0.95165086,2,1
0,0,0.00014178792,1,1
1,1,0.8546623,9,2
0,1,0.70631576,1,1
1,1,0.95998335,6,2
1,1,0.80650765,1,1
0,1,0.52450466,9,1
0,0,0.004096173,1,1
0,0,0.033887666,6,1
1,1,0.92420584,6,1
1,1,0.9859492,1,1
1,1,0.99006534,1,1
1,1,0.72487384,1,1
1,1,0.6283808,2,2
1,0,0.06895472,9,2
1,1,0.97667444,1,1
0,0,0.091372766,1,2
1,1,0.7008123,9,2
1,1,0.66403645,1,2
1,1,0.9623531,1,1
0,0,0.35052985,9,2
1,1,0.7194687,6,1
1,1,0.9328745,1,1
0,0,0.0014046517,9,2
1,1,0.9307053,1,2
1,1,0.6937895,9,1
1,1,0.85078055,8,1
0,1,0.77137035,9,1
1,1,0.90166354,6,1
1,1,0.60339385,6,2
1,1,0.9925653,9,2
0,0,0.0048647225,6,2
1,1,0.8788299,1,1
0,1,0.507488,2,1
0,0,0.4259419,6,2
0,0,0.493941,1,1
0,1,0.718481,2,1
0,0,0.0033731482,9,1
1,0,0.48743498,2,1
1,1,0.90611744,1,2
1,1,0.73365635,6,1
0,1,0.7434249,1,2
0,0,0.0023182242,5,2
1,1,0.8248238,6,1
0,0,0.03171163,1,2
1,1,0.5282298,5,2
1,0,0.46946582,9,1
1,1,0.96233964,1,1
0,1,0.79072756,1,1
0,0,0.05435647,8,2
1,1,0.8889337,1,1
1,1,0.97114074,1,1
0,0,0.1513327,9,1
0,0,0.09673445,9,2
1,1,0.6202408,8,2
1,1,0.9267071,1,1
1,1,0.9690043,1,2
1,0,0.424205,1,2
1,1,0.94632363,1,2
0,0,0.08350213,9,1
1,1,0.74193364,1,2
0,1,0.69042933,1,1
1,1,0.7966973,1,2
1,0,0.40144402,8,2
0,1,0.5697245,9,2
0,0,0.048373736,6,2
1,1,0.83305085,6,1
0,0,0.16226938,9,2
1,1,0.7814245,1,1
0,1,0.90210116,1,1
0,0,0.36836052,8,2
1,1,0.9709272,1,2
1,1,0.8473148,2,1
1,0,0.48252586,6,2
0,0,0.32549465,1,2
0,0,0.08734381,8,1
1,1,0.7453237,6,1
1,1,0.9656939,1,2
1,1,0.82369167,1,1
0,0,0.009689676,1,1
1,0,0.10242566,8,2
1,1,0.8302174,1,1
1,1,0.99074453,1,1
1,1,0.7078951,8,2
1,1,0.8963029,9,1
1,0,0.18789138,6,2
0,0,0.027706724,1,2
1,1,0.8832315,1,2
1,1,0.85788614,1,1
1,1,0.5332221,8,2
1,1,0.9830579,1,1
1,1,0.8626343,6,1
1,1,0.9427805,1,2
1,1,0.70810765,1,1
1,1,0.8384483,1,2
0,0,0.03235982,9,2
1,1,0.69068736,6,1
1,0,0.047819823,1,2
0,0,0.03467473,9,1
1,1,0.98705715,1,1
1,1,0.981857,6,1
0,0,0.14571524,1,1
1,0,0.2596108,8,1
0,0,0.0015019244,8,2
0,1,0.6197742,1,1
1,1,0.9618717,1,1
0,0,0.37425953,1,2
0,0,0.13870685,1,2
0,0,0.04094372,1,2
0,0,0.028801428,1,2
1,1,0.7256749,1,1
1,1,0.9871682,1,1
0,1,0.6579729,1,2
1,1,0.65565085,1,1
0,0,0.056181643,5,1
0,0,0.28495827,2,2
1,1,0.9079397,6,1
0,0,0.032084547,6,2
1,1,0.699468,1,2
1,1,0.58348954,9,1
1,1,0.9446754,6,2
0,1,0.8627845,8,1
0,1,0.9002307,1,1
1,1,0.82581085,1,1
0,1,0.6990093,1,1
1,0,0.37891176,8,1
1,1,0.98608416,1,2
1,1,0.6722603,8,1
1,0,0.3554446,3,1
1,1,0.90361583,1,1
1,1,0.69305724,9,2
0,0,0.19220152,6,1
0,0,0.111820124,6,1
1,1,0.9488956,1,1
1,1,0.9044859,8,2
1,0,0.25492123,9,1
0,0,0.0014389778,8,2
0,0,0.075692944,9,2
1,1,0.51405936,1,1
1,0,0.2735854,1,1
0,0,0.062005762,6,2
1,1,0.92717606,6,1
0,0,0.012476433,8,1
1,1,0.83339566,8,2
1,1,0.9391562,6,1
0,0,0.07241475,1,2
1,1,0.73298573,1,1
1,1,0.9510888,9,1
0,0,0.08106828,2,1
1,0,0.11503843,1,1
0,0,0.03188921,1,2
0,0,0.023777848,8,2
0,0,0.09452822,2,1
0,1,0.7641662,1,2
1,1,0.9629281,6,2
1,1,0.9214229,1,1
0,0,0.0007723045,1,1
1,1,0.5166151,1,2
0,0,0.021630948,1,1
0,0,0.00022616918,8,1
0,0,0.08853102,9,1
0,0,0.006642063,1,2
0,0,0.033649407,9,1
0,0,0.0018508515,9,1
0,0,0.2614448,1,1
1,1,0.8871224,9,2
0,0,0.1776632,2,2
1,1,0.9843051,1,1
0,0,0.02655238,8,1
1,1,0.90803164,6,1
0,0,0.101216,9,2
0,0,0.20391916,9,1
1,1,0.94083595,1,1
0,0,0.0924084,8,2
1,0,0.46239877,1,1
1,0,0.46592438,9,2
1,1,0.9345897,6,2
0,0,0.03528998,8,1
0,0,0.003318175,2,1
0,0,0.029002596,9,2
1,0,0.35819802,8,1
0,1,0.9292302,1,1
1,1,0.95901906,3,1
1,1,0.93733954,1,1
0,0,0.020329006,9,2
1,1,0.69569343,1,2
0,0,0.0048816376,6,1
0,0,0.0013911725,8,1
1,1,0.95735425,1,2
1,1,0.9950931,6,1
0,1,0.9662818,6,2
0,0,0.1442412,9,1
1,1,0.6245763,1,2
1,1,0.89791745,1,1
0,0,0.040933475,8,1
0,0,0.01386578,8,1
0,1,0.9478602,1,1
0,0,0.079158954,8,1
1,1,0.9706519,9,2
0,0,0.35802203,2,1
0,0,0.00014664647,1,2
0,0,0.06333782,1,2
1,0,0.2050734,3,2
1,0,0.41426173,1,2
1,1,0.6129335,1,2
0,0,0.009131921,1,1
0,0,0.0018464942,9,1
1,1,0.9463272,6,1
1,1,0.9778245,1,1
1,0,0.13029243,1,1
0,1,0.9253719,1,1
0,0,0.024504814,8,1
0,0,0.03809837,9,2
0,0,0.021133605,1,1
1,1,0.6759649,6,1
0,0,0.018892273,9,1
0,1,0.54185915,1,1
0,1,0.8935605,1,1
0,0,0.007397231,6,1
1,1,0.7487277,6,2
1,1,0.95988655,1,1
0,0,0.008058824,8,2
0,0,0.24332552,8,2
1,1,0.67875814,9,1
1,1,0.99382037,1,1
1,1,0.99177074,1,2
1,1,0.9448464,6,2
0,1,0.8049938,1,2
0,0,0.004036661,9,1
1,0,0.35363165,2,2
1,1,0.9939043,6,1
0,0,0.00066078396,6,2
0,0,0.4380413,6,1
0,0,0.06839159,6,2
0,0,0.0014566053,1,2
1,1,0.9926394,8,1
1,1,0.91421837,1,1
0,1,0.63320124,9,1
0,0,0.12591556,9,2
0,0,0.33938834,8,1
0,1,0.59029907,6,2
1,0,0.3144158,8,2
1,1,0.99565566,1,1
0,0,0.41562656,6,1
1,1,0.8003893,6,2
1,1,0.7114201,6,1
0,1,0.5566829,9,1
1,1,0.55774105,9,2
0,0,0.017909124,8,1
1,1,0.90695715,1,2
1,0,0.38813156,1,1
0,0,0.38782147,1,1
0,0,0.00013198658,1,1
0,0,0.052928157,1,1
0,1,0.5888727,8,1
1,1,0.79377323,9,1
0,0,0.0012092245,1,2
0,0,0.00032038838,1,2
0,0,0.20697682,1,2
0,0,0.04041924,6,1
0,0,0.03362304,6,2
0,0,0.11526761,1,2
0,0,0.1302323,8,1
0,0,0.18977183,1,1
1,1,0.9257792,9,2
0,0,0.06267027,1,1
1,1,0.9990388,1,1
0,0,0.07597983,8,2
0,1,0.6157869,6,2
1,1,0.96482307,6,1
1,1,0.61753094,1,1
1,1,0.93092895,6,1
0,0,0.0708993,5,2
0,0,0.014852558,6,1
1,1,0.98309106,9,1
1,1,0.99708986,9,2
1,1,0.7792675,8,1
0,0,0.38083762,1,2
1,1,0.62972474,1,2
1,1,0.9063919,6,2
1,1,0.7084779,6,1
1,1,0.7695296,1,2
1,1,0.7729714,8,1
0,1,0.68533003,1,2
1,1,0.95676714,1,2
0,0,0.11923026,3,1
1,1,0.87359196,1,1
0,0,0.016815089,6,2
0,0,0.009865266,9,2
0,0,0.00078313163,1,2
0,0,0.0043944307,8,1
1,1,0.75949234,1,1
1,1,0.8064756,6,1
0,0,0.30691206,8,2
0,0,0.04913268,3,2
1,1,0.93148476,9,1
0,0,0.020063907,1,2
1,1,0.9439861,1,2
1,0,0.11819884,1,1
0,0,0.00085014227,1,1
0,0,0.20173539,9,1
0,0,0.059253693,2,1
1,1,0.61383396,6,1
1,1,0.84372336,1,1
0,1,0.5341994,1,1
0,0,0.014902024,8,1
0,0,0.17846932,9,2
1,1,0.9310152,9,2
0,1,0.7291977,2,1
0,0,0.018216051,6,1
1,1,0.98087275,9,2
0,0,0.0038436062,6,2
1,1,0.6477633,8,2
1,1,0.9339996,1,1
1,1,0.87334156,8,2
0,0,0.0018010213,9,1
0,0,0.25939223,3,1
0,0,0.0765062,2,2
0,0,0.12670416,8,1
0,0,0.0023617325,8,1
0,0,0.0439609,8,1
0,0,0.04912677,8,2
0,0,0.00090569974,8,1
0,0,0.045840465,6,1
1,1,0.9437328,1,1
1,1,0.9424981,1,2
1,1,0.9688465,1,1
0,0,0.00043619776,1,2
1,1,0.9538408,2,1
0,0,0.13662526,9,1
1,1,0.98872304,6,1
0,1,0.59991586,9,1
1,1,0.659513,1,1
0,0,0.4726914,1,1
0,0,0.069651075,2,2
0,1,0.79034513,9,2
1,1,0.99305916,9,1
0,0,0.00014541042,1,1
0,0,0.10122927,9,2
1,1,0.5514727,8,1
1,1,0.63840485,1,2
1,0,0.095196836,2,2
0,0,0.034282185,9,2
1,1,0.9083102,1,2
0,0,0.11221529,1,1
0,0,0.009571665,9,2
1,1,0.9851112,1,1
1,0,0.49435633,9,1
0,1,0.8144169,6,1
1,1,0.7238621,1,1
1,1,0.99591184,1,1
1,1,0.66632164,6,2
1,1,0.80840945,9,2
1,1,0.98318094,1,2
0,0,0.011491389,8,2
0,0,5.5435194e-05,1,1
1,1,0.63468415,2,1
1,0,0.2321431,6,1
0,0,0.3079395,1,1
1,1,0.9524898,6,2
0,0,0.05640871,8,1
1,1,0.8039182,1,1
0,0,0.027129225,3,1
0,0,0.40088403,6,1
1,1,0.9427849,1,1
0,0,0.20168734,8,1
1,1,0.9595319,1,1
1,1,0.9522163,2,2
1,1,0.8747465,1,1
1,0,0.23326568,1,1
1,1,0.98295397,6,2
1,1,0.9480804,8,1
1,1,0.6949778,6,2
0,0,0.00965986,9,1
0,0,0.01824335,8,1
1,1,0.7149572,6,1
1,1,0.8864671,9,2
1,1,0.93306357,6,1
1,1,0.56704265,6,1
1,1,0.99865013,6,1
0,1,0.7134642,6,1
0,1,0.6637353,9,2
0,0,0.4386705,6,1
1,1,0.86906135,1,1
0,1,0.74357957,8,2
0,1,0.5282636,8,1
0,0,0.20132181,2,2
0,0,0.00025480665,1,2
0,0,0.00072441937,1,2
0,0,0.1705222,8,1
1,0,0.33400527,1,2
0,0,0.43853068,6,1
1,1,0.670295,1,2
0,0,0.3497067,8,2
1,1,0.6376736,6,2
1,1,0.9270732,6,1
0,0,0.011588363,9,2
0,1,0.5555593,1,1
0,0,0.1359819,6,1
0,0,0.014602442,8,1
0,0,0.0020604017,2,2
0,0,0.094598725,8,2
1,1,0.9566605,6,1
1,0,0.12333275,1,2
0,0,0.11115831,8,1
0,0,0.038669404,1,2
1,1,0.50014186,6,1
0,1,0.50426894,9,2
1,1,0.7198016,1,2
0,1,0.63451624,6,2
1,1,0.84934235,1,1
0,0,0.16112567,9,1
0,1,0.65965974,1,1
0,0,0.06661823,8,2
1,1,0.96359175,1,2
1,1,0.8256868,1,1
1,1,0.9816004,1,1
0,0,0.32106015,1,1
1,1,0.99479055,7,1
1,1,0.74480873,1,1
0,0,0.33279198,1,2
0,1,0.75644344,6,1
0,1,0.97006255,6,1
0,1,0.7379338,1,1
1,1,0.91186607,1,2
0,0,0.001465821,9,1
1,1,0.9605132,6,1
1,0,0.49827838,9,1
0,0,0.0019629223,9,2
0,0,0.0031880324,1,2
1,1,0.9690561,1,1
1,1,0.9803873,9,1
0,0,0.008805838,2,2
0,0,0.15053754,2,2
0,1,0.52024513,9,2
1,1,0.77513176,6,2
0,0,0.0026264014,9,2
0,0,0.18376857,9,1
1,1,0.8144469,6,2
0,0,0.25144565,6,2
0,0,0.0005107297,8,2
1,1,0.9372629,6,1
0,1,0.56080467,8,2
1,1,0.729005,8,1
1,1,0.9625453,6,1
1,0,0.25744095,9,2
0,0,0.3051347,9,1
0,0,0.4220054,1,2
0,0,0.42152753,8,1
0,0,0.056474455,1,1
0,0,0.32558978,2,1
0,0,0.30388045,8,2
0,0,0.03448142,9,2
1,1,0.6132178,9,2
1,1,0.967567,6,1
1,1,0.9453153,1,2
1,1,0.9789529,1,1
1,1,0.7048676,8,1
1,1,0.66586846,1,2
1,1,0.84562266,8,1
1,0,0.39752698,1,2
1,1,0.8039908,1,1
0,0,0.051012885,1,1
0,0,0.03770404,1,2
0,0,0.18067639,1,2
1,1,0.9114328,1,2
0,0,0.16584699,8,1
1,0,0.32418388,2,2
1,1,0.9614127,1,1
0,0,0.0154468585,8,1
1,1,0.96105623,1,1
0,0,0.32590747,9,1
1,1,0.8480811,9,1
0,0,0.35449547,8,1
0,0,0.018703884,8,1
1,1,0.91965204,9,1
0,0,0.23107743,8,2
1,1,0.7779963,1,1
1,0,0.14592826,1,1
0,0,0.10723848,8,1
0,0,0.2870174,8,1
1,1,0.6296923,1,2
1,1,0.9364057,9,1
1,1,0.9730147,1,2
1,1,0.6735414,2,2
1,1,0.98761845,1,2
0,0,0.10405561,6,2
0,0,0.009609674,1,1
1,1,0.95611686,9,2
0,1,0.5691838,8,2
0,0,0.30193385,6,2
1,1,0.9419053,6,2
0,0,0.008478317,1,1
0,0,0.0002882113,9,1
0,0,0.07522958,2,1
0,0,0.0006711115,8,2
1,1,0.96389073,6,1
1,1,0.7308102,1,2
0,0,0.26350278,1,2
1,0,0.020957146,1,2
0,1,0.97154474,1,2
0,1,0.6500956,6,1
0,0,0.27819943,9,1
1,1,0.90787077,9,1
0,0,0.4492224,6,1
1,1,0.65866816,1,2
0,0,0.07325492,1,1
1,1,0.550854,1,1
1,1,0.9516275,8,1
1,1,0.97683275,1,2
0,0,0.4110524,8,1
1,0,0.22392398,8,2
1,1,0.9521368,1,1
0,0,0.012385371,9,2
0,0,0.0988019,1,2
1,1,0.9343639,9,1
0,0,0.06685988,1,2
1,1,0.95643365,6,1
0,0,0.008681056,1,1
0,0,0.032929093,9,2
0,0,0.16159134,8,1
1,1,0.9777052,1,1
0,0,0.04800245,8,2
0,0,0.21598035,9,2
1,1,0.900429,1,2
0,0,0.2545234,8,2
1,1,0.89369786,6,2
1,0,0.11676276,6,1
0,0,0.028462384,6,1
1,1,0.9887255,8,1
0,0,0.033438914,8,2
1,1,0.96930647,1,1
1,1,0.89586353,1,2
0,0,0.02263923,9,2
1,1,0.7209685,9,2
0,0,0.18428075,8,2
1,1,0.8830188,9,1
0,0,0.014666969,8,1
1,0,0.13195422,1,2
0,0,0.29102215,9,1
1,1,0.9724691,1,1
1,1,0.94940096,1,1
1,1,0.96720815,1,1
1,1,0.74932986,9,1
0,0,0.25536907,8,2
0,0,0.00087657286,8,2
0,1,0.96182865,3,1
1,1,0.9720886,9,1
1,0,0.34868258,1,1
1,1,0.8587843,6,1
0,0,0.22550152,6,1
0,0,0.021176508,8,2
0,0,0.22484498,1,1
1,1,0.9735433,6,1
1,1,0.8564978,6,2
0,0,0.16868393,8,1
0,0,0.107758135,6,2
0,1,0.6565988,9,2
0,0,0.017441627,9,2
1,0,0.42389306,6,1
1,1,0.7700997,6,1
0,0,0.39916655,8,1
1,1,0.91549814,1,1
1,1,0.7113249,2,2
1,1,0.7494713,8,1
1,1,0.9051026,9,1
0,0,0.11143797,6,2
0,1,0.5323044,8,2
1,1,0.511018,1,2
1,1,0.95472914,1,1
1,1,0.76913714,8,2
1,1,0.67529565,1,1
0,0,0.2620774,6,2
0,1,0.7509872,1,2
0,1,0.568111,1,1
1,1,0.9277544,1,2
1,1,0.7262689,6,1
1,0,0.19427477,6,2
0,0,0.35960603,6,2
1,1,0.9900333,2,2
1,1,0.9857305,6,2
1,1,0.9339688,1,2
0,0,0.025703715,6,2
1,1,0.6667921,1,1
1,1,0.9712196,6,1
1,1,0.79324615,1,2
1,1,0.8484021,1,1
0,0,0.0061222124,9,2
0,0,0.40293264,2,1
1,1,0.97888625,1,1
1,1,0.87641656,8,2
1,1,0.8110967,1,2
0,0,0.0035210268,1,1
0,0,0.2973242,8,1
0,1,0.7656955,6,2
0,0,0.12860723,5,2
1,1,0.6660155,9,1
0,0,0.007137529,8,1
0,0,0.19100878,1,1
1,0,0.43955535,1,1
1,1,0.8090601,9,2
0,0,0.12306563,9,2
0,0,0.088725574,8,2
1,1,0.916719,6,2
1,1,0.96191394,6,2
0,0,0.10086187,1,2
0,0,0.02406383,9,2
0,0,0.041203514,8,1
1,1,0.9829622,1,1
1,1,0.7713441,9,2
0,0,0.16134077,8,2
1,1,0.8020783,2,1
1,1,0.9492653,1,1
0,0,0.24345465,8,1
1,0,0.37424043,6,2
0,0,0.0041960347,1,1
1,1,0.9304098,1,2
0,0,0.03941768,1,2
0,0,0.23054707,6,2
1,0,0.06770874,1,2
1,1,0.96611786,1,1
1,1,0.8803539,1,2
1,0,0.26425624,1,2
0,0,0.01084455,1,2
0,0,0.08981943,8,2
1,1,0.9444546,1,1
1,1,0.7423352,6,1
0,0,0.080679886,8,2
1,1,0.85662705,8,1
0,0,0.20101894,6,1
0,1,0.6097781,8,1
1,1,0.92122847,1,1
1,1,0.6025815,1,1
0,1,0.5275124,8,2
0,0,0.01915394,9,2
0,1,0.53579885,1,2
0,0,0.04788705,6,2
1,1,0.8155342,8,1
0,0,0.005972577,8,1
0,0,0.0670992,6,1
1,1,0.93128204,1,2
1,1,0.97686505,1,1
1,1,0.7673501,1,1
0,0,0.0032430752,9,1
0,0,0.23804925,8,2
1,1,0.81379986,6,1
0,1,0.89670163,9,1
0,1,0.7923473,9,1
0,0,0.0019969163,1,1
1,0,0.4318978,9,1
1,1,0.68307805,8,1
1,0,0.3275764,9,2
0,0,0.020812083,8,2
1,1,0.50724393,1,2
1,1,0.98098445,1,1
1,1,0.9018742,6,2
1,1,0.8390427,1,1
0,0,0.09580424,8,1
1,1,0.9960813,1,2
1,1,0.53800005,2,2
1,0,0.2649011,6,2
0,1,0.5139189,1,2
0,0,0.10579642,8,2
0,0,0.09272125,1,2
0,0,0.012391585,1,2
0,0,0.08089299,8,2
0,0,0.16707338,1,2
0,1,0.6117396,1,2
0,0,0.015286115,8,2
1,1,0.98572576,9,1
0,0,0.02429195,8,2
0,0,0.032765638,2,2
1,1,0.50554246,6,2
1,1,0.70494765,8,1
1,1,0.90356976,6,1
1,1,0.6194789,9,2
0,0,0.02691969,8,2
1,0,0.28727415,7,2
1,1,0.9075993,9,1
0,0,0.043070093,8,2
1,1,0.8720653,6,1
1,1,0.91939807,1,1
1,1,0.99823076,1,1
0,0,0.07375744,8,2
0,0,0.18730938,8,2
0,0,0.06928926,8,2
1,1,0.51534843,1,1
1,0,0.4211269,1,1
1,1,0.9223805,1,1
1,1,0.5106824,1,1
1,1,0.8549641,6,1
1,1,0.6006784,6,2
0,1,0.9541503,1,1
1,1,0.95961905,1,1
1,0,0.18528196,1,2
1,1,0.91640997,1,2
1,1,0.84228814,2,2
1,1,0.93354857,1,1
0,1,0.7000921,7,2
1,1,0.70974404,1,1
0,1,0.84511185,6,2
1,1,0.979575,9,2
1,1,0.9470645,6,1
0,0,0.12096148,8,1
1,1,0.6377617,6,2
1,1,0.9674761,6,1
0,0,0.0008534375,8,2
0,0,0.02470495,8,1
0,0,0.3728347,1,1
1,1,0.8685256,6,2
1,1,0.6900129,6,1
0,0,0.052539703,6,2
1,1,0.83823127,1,1
1,0,0.3872917,6,1
0,0,0.040745467,8,2
0,1,0.570489,6,1
0,0,0.44783896,6,1
0,1,0.80038905,8,2
0,1,0.98499703,1,1
1,1,0.98681474,1,1
1,1,0.7488681,1,1
1,1,0.8716412,1,1
0,0,0.00028723228,8,2
0,0,0.2935335,9,1
1,1,0.61915624,9,1
0,0,0.0007298781,8,2
0,0,0.48919624,1,1
1,1,0.83146477,9,1
1,1,0.7073174,1,1
1,1,0.91355747,6,1
0,0,0.032591376,1,2
0,1,0.96896535,1,2
1,1,0.9718878,1,2
0,0,0.39653006,8,1
1,0,0.20634001,9,1
0,1,0.9132883,1,2
1,1,0.9355864,1,2
1,0,0.3813209,2,1
1,0,0.496221,9,1
0,0,0.21718045,9,1
0,0,0.060982797,2,1
0,0,0.004203729,9,1
1,1,0.9398577,1,2
0,0,0.09871734,9,1
1,0,0.19603357,1,1
0,0,0.003447771,1,2
0,0,0.0009555462,9,2
1,0,0.19923803,1,1
1,1,0.73067206,8,2
0,0,0.041899502,8,2
1,1,0.979607,6,1
0,0,0.0013445535,1,1
1,1,0.9577792,8,1
1,0,0.22808667,8,2
0,0,0.4214492,1,1
0,0,0.36091533,9,2
1,1,0.6258524,1,1
0,1,0.5545722,6,1
0,0,0.17119935,1,1
1,1,0.83068526,1,1
0,1,0.81610423,1,2
0,1,0.9429218,9,1
1,1,0.9432986,6,1
0,0,0.19144072,8,1
1,0,0.2963242,1,2
0,0,0.0051107197,9,1
1,1,0.9861967,6,1
0,0,0.24521463,8,1
1,1,0.7208259,6,1
0,0,0.21053578,9,2
1,0,0.42472473,8,1
0,0,0.03618222,8,2
0,0,0.365126,9,1
1,1,0.93068445,1,2
1,1,0.66262037,1,2
1,1,0.92602164,1,2
1,1,0.89945096,1,1
1,0,0.05810154,2,2
1,1,0.92560905,9,2
1,1,0.5300958,8,2
0,0,0.037327934,6,1
0,0,0.025208365,9,1
0,0,0.4978432,9,2
1,1,0.932389,9,2
1,1,0.7416806,6,2
0,0,0.0034484235,1,1
1,1,0.9518212,1,1
1,1,0.9326239,6,1
1,1,0.99561596,6,1
0,0,0.023244787,8,1
0,0,0.45154127,8,2
1,1,0.9684903,1,1
1,0,0.21338126,8,1
1,1,0.91121143,1,1
0,1,0.5159145,1,2
0,0,0.29068398,8,1
0,0,0.09961295,1,1
1,1,0.8996735,8,1
0,0,0.019862682,6,2
0,0,0.02693472,6,2
1,1,0.71295744,6,1
1,1,0.512014,1,1
0,0,7.893718e-05,1,2
1,1,0.9879533,9,2
0,0,0.05740905,1,2
1,0,0.11054404,8,1
0,0,0.03902337,1,1
0,0,0.18794121,8,1
0,1,0.9692303,2,1
0,0,0.17018402,9,2
1,1,0.97513956,6,1
1,1,0.8488252,9,2
1,1,0.88060004,1,1
0,0,0.00010036981,6,1
1,1,0.9741935,9,1
1,1,0.5584034,9,2
0,0,0.31919628,1,2
0,0,0.4258123,1,1
0,0,0.43659842,8,1
0,1,0.5718236,8,2
1,0,0.020460196,1,1
1,1,0.58364487,1,2
0,0,0.16118097,9,2
1,1,0.73491144,6,1
1,0,0.3356477,8,2
0,0,0.10304589,8,2
1,1,0.8696077,1,2
0,0,0.069129944,8,2
1,0,0.2563256,6,2
1,1,0.9591532,1,2
1,1,0.940489,1,1
1,1,0.9617944,1,2
0,0,0.0021410985,1,2
1,1,0.7278204,1,2
0,0,0.08180831,1,2
0,0,0.06805932,1,1
0,0,0.49789533,1,2
1,1,0.8752803,1,2
0,0,0.018290613,8,1
1,1,0.6639675,1,2
0,0,0.07879466,1,2
1,1,0.96566963,1,2
1,1,0.95476353,1,1
1,0,0.060733486,1,2
1,1,0.95463145,1,2
0,0,0.19957058,6,2
0,0,0.0034363724,8,2
1,1,0.63152194,1,1
1,1,0.95996463,2,1
0,0,0.041375887,8,2
0,0,0.011879919,8,1
1,0,0.25733376,8,1
1,1,0.9952879,6,1
0,0,0.112526335,1,2
1,1,0.9884574,1,1
0,0,0.2928812,9,2
1,1,0.97421885,2,1
0,1,0.87303877,9,1
0,0,0.10183392,1,2
1,0,0.40363234,8,2
0,0,0.015243417,9,2
1,0,0.45572716,1,2
1,1,0.56975365,1,1
1,1,0.83648425,8,1
1,0,0.35492775,1,2
1,1,0.94500273,1,1
0,0,0.03448246,6,1
0,0,0.35487947,9,2
1,1,0.8804185,1,1
1,1,0.7724281,6,2
1,1,0.826359,8,2
1,1,0.97464323,9,1
1,1,0.78183043,9,2
1,1,0.9353369,1,1
0,0,0.18550491,9,1
0,1,0.60960627,6,1
1,1,0.92851084,6,2
1,0,0.19977899,8,1
0,0,0.002031655,1,1
0,0,0.02621742,3,1
0,0,0.012546386,1,2
0,1,0.8844057,1,2
1,1,0.9573525,9,1
0,0,0.07149368,8,1
0,0,0.11140105,2,1
1,1,0.8610192,6,2
0,0,0.24142236,8,1
1,1,0.7128335,1,2
0,0,0.06314886,6,1
1,1,0.9589693,1,2
0,0,0.14704251,1,2
1,1,0.748203,6,2
0,1,0.90855134,9,1
1,1,0.92199314,9,1
0,0,0.19780663,9,1
1,1,0.8711302,1,2
0,0,0.20099345,2,2
1,1,0.9365616,1,2
0,0,0.2872967,8,1
0,0,0.0004779769,1,1
0,0,0.042622246,6,2
1,1,0.88409024,1,2
1,0,0.062318385,1,2
1,1,0.9622571,1,1
1,1,0.92428577,1,1
1,1,0.50762504,6,1
1,1,0.99124134,1,1
0,0,0.011789998,8,1
0,0,0.022945434,6,2
1,1,0.94255704,6,1
1,1,0.60186905,8,1
1,1,0.982672,6,1
0,0,0.21227688,1,2
1,1,0.9409009,1,1
0,0,0.026755836,1,1
0,0,0.3243569,1,2
1,1,0.77131313,1,2
0,1,0.9345325,6,1
0,0,0.002760527,8,1
1,0,0.4700643,1,2
0,0,0.42212498,1,2
0,0,0.2189025,1,2
1,1,0.9487636,1,1
1,1,0.9043204,1,2
1,1,0.9176386,1,1
0,1,0.5173136,6,1
0,0,0.180104,3,1
1,1,0.6220239,9,1
1,1,0.5118782,6,2
1,1,0.9911527,1,1
0,0,0.0020214673,8,2
1,1,0.8109425,9,1
0,0,0.024581708,8,2
0,0,0.02044069,8,1
1,1,0.63124776,1,1
0,1,0.7940227,6,1
0,0,0.013559023,8,2
0,0,0.0051189964,9,1
1,1,0.94003785,6,1
1,1,0.8517464,1,2
1,1,0.6145821,2,2
0,0,0.22212946,8,2
1,1,0.8810434,1,2
0,1,0.6917,9,1
1,0,0.4513624,6,2
1,1,0.89577156,9,1
0,0,0.047712717,9,1
0,0,0.29250348,1,1
0,0,0.13068698,1,2
0,0,0.036694504,9,2
1,1,0.66928446,1,2
1,1,0.9294426,6,1
0,0,0.00023169923,1,1
0,0,0.43269962,8,1
1,1,0.99624985,1,1
0,1,0.52295434,1,1
1,1,0.8931274,6,1
0,0,0.09220396,8,2
1,1,0.9616873,1,1
1,1,0.9245568,6,2
0,0,0.19343878,1,2
1,1,0.68960303,1,1
1,0,0.04652509,1,1
1,0,0.26702067,8,2
1,1,0.83516246,1,1
0,0,0.055602927,8,1
1,1,0.9502815,6,1
0,0,0.43464556,1,2
1,0,0.3024668,8,2
0,0,0.2528535,8,1
1,0,0.45435223,6,2
0,0,0.0062729963,9,2
1,1,0.9250678,8,1
1,1,0.93938327,6,1
0,0,0.0657065,8,2
0,1,0.8245123,1,1
0,0,0.009545112,6,1
0,0,0.05156544,8,1
0,0,0.0068071513,9,2
1,1,0.6644989,1,1
1,1,0.99052644,6,1
0,0,0.04218197,8,2
0,1,0.59761065,1,2
1,1,0.9986292,2,2
0,0,0.053475775,6,2
0,0,0.21867184,8,1
1,1,0.9886685,1,2
0,0,0.055199873,1,2
0,0,0.32138848,8,1
0,0,0.001129323,9,2
0,0,0.016152093,9,2
0,0,0.16228025,8,1
1,1,0.94707274,6,2
1,1,0.9648529,1,1
1,0,0.297488,9,2
0,1,0.7015841,1,2
0,0,0.008716669,9,2
1,1,0.9663765,1,2
1,0,0.35804763,9,1
0,1,0.53699243,1,1
1,0,0.16713811,1,1
0,0,0.044174835,9,2
0,0,0.00043520078,8,2
1,1,0.8790079,6,1
0,0,0.031422634,3,2
1,1,0.99789596,1,1
1,1,0.5688628,1,2
0,1,0.95157236,6,1
0,0,0.10762233,9,1
1,1,0.98641485,9,2
1,1,0.9792629,6,1
0,0,0.30678225,8,1
0,0,0.1329629,9,2
1,1,0.9492771,1,1
0,0,0.04429716,9,1
0,0,0.35671195,9,1
1,1,0.97188437,1,2
0,1,0.64531773,6,1
0,0,0.090921246,8,2
0,0,0.25977352,1,2
1,1,0.79608566,2,2
0,0,0.051037688,1,2
0,0,0.037563883,9,2
1,1,0.9791682,1,2
1,1,0.90016836,1,1
0,0,0.0037543883,1,2
1,0,0.45832482,1,2
1,1,0.9827247,1,2
0,0,0.0034678057,9,2
1,0,0.3260158,8,1
0,0,0.20683822,9,1
0,0,0.033930566,8,1
1,1,0.92084175,1,2
1,1,0.8090794,6,2
1,1,0.8802661,6,1
0,1,0.81008315,8,1
1,1,0.8937511,1,1
0,0,0.3221901,6,2
1,1,0.7760407,9,2
1,1,0.8995032,6,1
1,0,0.077200666,8,1
1,1,0.95536005,9,1
1,1,0.95980114,6,2
1,1,0.9839797,1,1
0,0,0.0003775638,1,2
0,1,0.60719156,6,1
1,1,0.6916652,1,2
0,0,0.3866433,2,1
0,0,0.36373404,1,2
1,1,0.956848,6,1
0,1,0.68514615,1,1
0,0,0.12775877,1,2
0,0,8.779938e-05,2,2
1,1,0.90648603,1,2
0,0,0.16312775,1,2
1,1,0.72319466,2,1
0,0,0.07163676,9,1
1,1,0.52212965,1,1
1,1,0.93879694,1,1
0,0,0.06878489,9,1
0,0,0.07145227,9,1
0,1,0.6088591,9,2
1,0,0.25515443,6,2
1,1,0.77546537,1,1
1,1,0.93202156,1,2
0,0,0.08885117,1,1
0,1,0.6556007,1,2
1,1,0.82099724,1,1
0,0,0.15126841,8,1
1,1,0.9789621,1,1
1,1,0.90279764,1,2
0,0,0.0751448,6,2
0,1,0.92012876,9,1
1,1,0.997551,1,1
0,0,0.03743624,7,2
1,0,0.47905174,6,2
0,0,0.3537699,1,2
1,0,0.31604338,6,2
0,0,0.0058737076,9,2
1,1,0.9957562,1,1
0,0,0.06883205,9,1
1,0,0.48075348,6,1
1,1,0.9941022,6,1
1,0,0.4352461,9,1
0,0,0.008872491,1,1
0,0,0.011139564,9,2
1,1,0.83388466,6,1
1,1,0.98693943,1,1
0,0,0.023223486,1,2
1,1,0.8815972,6,2
0,1,0.51512843,1,1
0,0,0.049852237,8,2
0,0,0.20032294,8,2
0,0,0.047819152,9,1
1,0,0.2831479,9,1
1,1,0.95873135,8,1
0,0,0.33325428,8,2
0,0,0.06590839,9,1
0,0,0.19326691,9,1
1,0,0.4761955,6,2
0,0,0.13701905,1,2
0,1,0.5285192,8,1
1,1,0.85273826,1,1
1,0,0.36684537,1,2
0,0,0.00264407,6,2
0,0,0.004093237,9,2
1,1,0.89839923,6,1
0,0,0.4314825,1,2
1,1,0.8945969,1,1
0,0,0.21886995,8,1
0,1,0.7979021,1,1
0,0,0.26277572,6,2
1,1,0.96621263,9,1
0,0,0.14500247,1,1
1,0,0.27052912,2,2
0,0,0.036603075,8,1
1,1,0.865487,1,1
0,0,0.020489588,9,2
0,0,0.07626083,9,2
0,0,0.2710083,1,2
0,0,0.0011117206,9,2
0,0,0.055280324,9,2
0,0,0.39429486,2,1
1,1,0.6733338,1,2
1,0,0.36915198,6,1
0,0,0.00046453197,8,1
0,0,0.105864346,6,1
0,0,0.1716572,9,1
1,1,0.602562,1,2
0,0,0.34006825,6,1
1,1,0.93174094,9,1
0,0,0.003461311,9,1
1,1,0.95759904,1,2
0,0,0.1821048,6,1
1,1,0.8692052,6,1
1,1,0.9576741,1,1
0,0,0.14244968,1,2
0,0,0.17122966,9,1
1,1,0.93930614,8,1
1,1,0.65992546,2,2
0,0,0.005883327,9,1
1,1,0.97035193,9,1
0,0,0.012288673,2,2
0,1,0.8202675,6,1
0,1,0.6492529,2,1
0,0,0.11145187,8,2
0,0,0.001846351,8,1
0,1,0.64053875,9,1
1,1,0.89567,9,2
0,0,0.046399683,3,2
1,1,0.75131536,1,1
1,1,0.99313956,9,1
1,1,0.5463544,1,2
0,0,0.37436026,6,2
0,0,0.4227354,9,1
0,0,0.048459698,9,2
0,0,0.12638798,1,1
1,0,0.29801455,9,1
0,1,0.5953992,1,1
1,1,0.95031434,1,2
1,0,0.43050638,1,1
1,1,0.987965,1,2
0,0,0.026426757,8,2
1,1,0.8661066,6,1
0,0,0.03592436,8,2
0,0,0.061545193,6,1
1,1,0.53930753,3,1
1,0,0.18154377,6,2
0,0,0.0027977098,9,1
1,1,0.9920936,6,2
1,1,0.8241729,9,1
1,1,0.98332065,1,1
0,1,0.57378054,1,2
0,0,0.46109605,1,1
1,1,0.9241853,1,2
0,0,0.053292554,8,2
0,0,0.34452966,8,1
0,1,0.9470287,1,2
0,1,0.609208,2,2
1,1,0.9534378,1,1
1,1,0.9763049,6,2
0,0,0.12008942,3,1
1,1,0.69193447,1,2
1,0,0.48143542,9,1
1,1,0.9842771,6,1
0,1,0.8435519,1,1
1,0,0.26547074,9,2
0,0,0.014931003,1,2
1,1,0.5959302,8,2
1,1,0.9354711,1,1
1,1,0.63196456,1,2
0,0,0.1641507,6,1
1,0,0.41427,2,2
0,0,0.3978081,9,1
0,0,0.00145271,9,1
0,0,0.0015985714,6,2
1,1,0.98586977,1,1
0,0,0.20158972,8,1
0,0,0.14941418,1,2
0,0,0.058882993,8,2
1,1,0.8163357,1,1
0,0,0.03648332,8,1
1,1,0.9204531,1,2
0,1,0.5879681,1,2
1,1,0.8834557,9,1
1,0,0.42704165,2,2
1,1,0.9480607,1,1
0,0,0.028370554,6,1
0,0,0.24773979,1,1
0,0,0.0057207863,9,2
0,0,0.0402055,1,2
1,1,0.98492855,1,1
0,0,0.033600792,8,1
1,1,0.9814248,6,2
0,0,0.10842647,6,2
0,0,0.21701363,8,2
1,1,0.9015657,9,2
0,0,0.023910528,8,1
0,1,0.65952146,1,1
1,1,0.9549773,1,2
1,1,0.8893983,1,1
0,0,0.13196522,1,1
0,0,0.18448485,1,1
0,1,0.64077026,1,2
0,1,0.8810566,9,2
1,1,0.87758124,1,2
0,0,0.0077664093,1,1
0,1,0.9738071,1,1
0,0,0.19101983,8,1
0,0,0.11845824,6,1
0,0,0.020385569,6,1
1,0,0.15080342,1,1
1,1,0.6700456,6,2
0,0,0.0018377423,1,1
0,0,0.001192768,6,2
0,0,0.30940813,1,1
0,0,0.16487338,9,1
1,0,0.4756208,1,1
0,0,0.24921645,1,1
1,1,0.8486114,6,2
0,0,0.058588907,1,1
0,0,0.014042089,8,1
0,0,0.094324544,1,1
0,1,0.7831958,8,1
1,0,0.35234296,2,1
0,0,2.8247137e-05,1,1
1,0,0.39118,1,2
0,1,0.52221674,1,1
1,0,0.2575334,8,1
1,1,0.6711414,8,1
0,0,0.43401468,9,1
0,0,0.47628912,1,2
0,1,0.5910974,2,1
0,0,0.18799019,8,1
1,1,0.94345844,1,1
1,1,0.90226775,9,2
1,1,0.96468127,9,1
1,1,0.99531376,1,2
0,0,0.10231148,6,1
0,0,0.0030431515,9,1
1,1,0.595965,8,1
1,1,0.6483126,1,2
1,1,0.9946631,1,1
1,0,0.45088866,6,1
0,0,0.047127392,1,2
0,0,0.28426743,9,1
1,1,0.9535206,1,2
0,0,0.006194898,8,1
1,1,0.82982105,9,1
0,0,0.096067175,8,1
0,0,0.05297827,9,1
0,0,0.3867247,6,1
0,0,0.48302397,9,2
0,0,0.029615624,8,2
1,1,0.9796212,1,1
0,0,0.081812195,1,1
0,0,0.2906075,1,2
1,1,0.91365427,9,2
0,0,0.009329486,6,2
0,0,0.45643833,6,2
0,0,0.031607293,8,1
0,0,0.001327478,8,1
0,1,0.8122615,1,2
1,1,0.83029497,3,1
0,0,0.0020332916,8,1
0,1,0.85283226,1,1
0,0,0.021857062,1,2
0,0,0.00044175523,9,2
0,0,0.3655098,1,1
0,0,0.08847307,8,1
0,0,0.010162182,1,1
1,1,0.81864256,6,2
0,1,0.89011174,1,1
0,0,0.23580468,1,1
1,1,0.95783204,1,1
0,0,0.01928159,9,1
0,0,0.00797469,2,1
0,0,0.08164241,3,1
0,0,0.17073447,9,2
1,1,0.9047864,1,2
0,1,0.9833282,1,2
0,0,0.19609174,8,1
1,1,0.9900227,1,1
0,1,0.8480204,6,2
1,1,0.94451755,6,1
0,0,0.024509398,8,2
0,1,0.84196556,6,2
0,0,0.35177973,1,2
1,1,0.5531691,9,1
1,1,0.9072417,1,1
0,0,0.110363714,6,1
1,0,0.016713258,8,2
1,0,0.07468208,9,2
1,1,0.7190033,1,1
1,1,0.5693966,6,2
0,0,0.002521478,9,1
1,1,0.95821995,6,1
0,0,0.37472868,6,2
0,0,0.21106462,1,1
0,0,0.098019406,6,1
0,0,0.037696216,8,1
1,1,0.9974784,1,1
0,0,0.39732844,9,1
0,0,0.0021614877,6,2
1,0,0.0633055,1,2
1,1,0.89988583,1,1
0,0,0.025726404,8,2
0,0,0.043186083,9,2
1,1,0.9918017,1,1
0,0,0.36704144,8,2
0,1,0.6089956,9,2
1,1,0.96657336,1,1
1,1,0.8703129,1,2
0,0,0.14641191,6,2
0,1,0.8883567,1,2
0,0,0.06652612,9,2
1,1,0.8859522,8,1
0,0,0.016102104,8,2
1,1,0.80917555,8,1
1,1,0.6466051,1,2
1,1,0.9341812,6,1
1,1,0.98027176,6,2
1,1,0.9458041,6,1
0,0,0.33861366,8,1
0,0,0.005080864,9,2
0,0,0.049599487,9,1
1,1,0.93642074,6,2
0,0,0.039841566,8,1
1,1,0.650073,6,1
0,0,0.320866,1,2
1,1,0.92320836,1,2
0,0,0.022766585,9,2
0,0,0.008918883,8,2
1,1,0.92236227,1,2
1,1,0.92057127,1,2
1,1,0.98879915,1,1
0,0,0.029395249,1,2
0,0,0.00028294438,6,2
1,1,0.8581217,1,2
1,1,0.98117656,1,2
1,1,0.9405429,9,1
1,1,0.96829164,2,2
0,0,0.078529544,8,1
1,1,0.94764835,1,2
0,0,0.07003846,1,2
0,0,0.0059749265,8,1
0,0,0.0441245,8,1
0,0,0.0005436694,6,2
0,1,0.84249794,6,1
1,1,0.9537205,1,1
0,1,0.7190242,1,2
1,1,0.9391301,9,2
1,0,0.44887018,6,2
0,0,0.012131319,8,2
0,1,0.59875226,9,1
0,0,0.22713038,1,1
0,1,0.5086735,6,1
1,1,0.67675334,9,1
0,0,0.02543209,9,2
0,0,0.18219389,1,2
1,1,0.5339757,1,1
1,0,0.36358258,6,1
0,0,0.09231958,8,1
1,0,0.3749031,9,2
1,1,0.63897693,6,2
1,1,0.99514115,1,1
0,0,0.022923784,2,1
0,0,0.00782569,9,1
1,1,0.7496212,1,1
0,0,0.05050316,8,1
0,0,0.37752607,9,2
1,1,0.6926373,6,2
1,0,0.31148598,8,1
1,0,0.4899716,1,1
0,0,0.38501915,1,2
1,1,0.9909531,1,1
1,0,0.37279156,1,2
1,1,0.9299554,9,1
0,0,0.046243757,1,1
1,1,0.6736433,8,2
1,0,0.18972422,1,1
1,1,0.8234944,7,2
1,1,0.9683927,1,1
0,0,0.027474927,9,1
1,1,0.51860034,1,2
0,0,0.034086373,6,1
0,0,0.16863663,1,2
1,0,0.24678311,6,2
1,1,0.87086236,8,1
0,0,0.4645489,1,1
1,1,0.9548327,1,1
0,0,0.00042788323,1,1
1,1,0.8029217,1,2
0,0,0.25271896,6,2
1,1,0.59927094,1,2
1,1,0.9441633,1,2
0,0,0.33787876,6,1
0,0,0.029296694,6,1
0,0,0.45063528,6,1
0,0,0.07314532,1,2
0,0,0.0008602037,1,1
0,0,0.4755086,8,1
1,1,0.85016054,1,1
1,1,0.7594874,9,1
1,1,0.9633226,1,1
1,0,0.041024625,8,2
0,0,0.24967581,1,2
1,0,0.43926486,1,1
1,1,0.9038237,9,1
0,1,0.7769681,1,1
0,0,0.17796455,1,2
0,0,0.03308938,8,2
1,1,0.96592695,6,1
1,1,0.87312293,1,2
1,0,0.18970667,6,2
1,0,0.4297749,1,2
0,0,0.14906713,8,2
1,1,0.5170632,8,1
0,0,0.12006513,9,2
0,0,0.37259224,1,1
1,1,0.82366425,6,2
1,1,0.53368366,6,2
1,1,0.68548304,1,2
1,1,0.89439285,1,2
1,0,0.22917931,8,1
0,0,0.16399555,8,2
0,1,0.8163827,1,1
0,0,0.003220379,1,2
1,0,0.38120097,6,1
0,0,0.07955705,6,2
0,1,0.6233964,1,1
1,1,0.636101,6,2
0,0,0.24841239,8,1
1,1,0.6396544,9,1
0,0,0.09915122,8,1
0,1,0.67996967,1,1
0,1,0.69652736,8,1
0,0,0.028484281,9,2
0,0,0.16927162,1,2
1,1,0.98519635,1,2
0,0,0.47560927,1,1
0,0,0.016438674,9,2
0,0,0.0034692066,1,2
1,1,0.8766545,1,1
0,0,0.097634226,1,2
1,1,0.6518801,1,1
1,1,0.87145305,9,1
0,0,0.09651419,8,2
0,0,8.275702e-05,6,2
1,1,0.9098448,1,1
0,0,0.009412168,8,1
0,0,0.0032942048,1,2
1,1,0.87787044,1,2
0,0,0.078701295,8,1
1,1,0.6353746,9,1
1,1,0.6581052,9,1
1,1,0.8427907,8,1
0,0,0.3691037,6,1
0,0,0.07765482,8,1
1,1,0.97923124,6,1
0,0,0.06537074,8,2
1,0,0.2155072,8,2
0,1,0.50932634,8,1
0,0,0.22320464,8,1
1,1,0.50950134,8,1
1,1,0.9730153,1,1
0,0,0.09680145,9,2
1,1,0.8244992,2,1
1,1,0.8886884,6,1
0,1,0.6785525,1,2
0,0,0.16503197,3,1
1,1,0.9911972,1,1
1,1,0.8107945,1,1
1,1,0.99425405,6,1
0,0,0.17104182,1,1
1,1,0.8179565,9,1
1,1,0.96775615,9,1
0,1,0.773709,8,1
0,0,0.47275174,6,1
0,0,0.0055062626,1,1
0,0,0.1981233,1,2
1,1,0.9594612,1,2
0,0,0.00051761867,1,2
0,0,0.46906644,1,1
0,0,0.034111828,1,1
1,1,0.66386086,1,1
0,0,0.0016901601,1,2
1,1,0.8149145,1,2
1,1,0.6936374,1,1
1,1,0.5859725,1,1
0,1,0.5117926,1,2
0,0,0.46897456,2,1
1,1,0.7723846,1,2
0,0,0.013948363,6,2
1,1,0.97423005,8,1
0,0,0.14596474,2,1
1,1,0.96798253,1,2
0,0,0.1539013,1,2
0,0,0.01969787,8,2
1,1,0.75753844,1,2
0,0,0.0459986,9,2
0,0,0.034387764,2,1
0,0,0.3034688,2,1
0,1,0.9525886,1,2
0,0,0.013967671,9,2
0,0,0.078189775,7,2
0,0,0.00901207,9,2
0,0,0.2490322,9,1
1,1,0.5485921,1,1
0,0,0.11098637,2,2
1,1,0.7281651,9,1
0,1,0.79729265,1,1
0,0,0.42197654,6,2
0,0,0.17900679,9,2
0,0,0.26188946,1,1
1,1,0.9668137,6,1
1,1,0.8253284,1,2
1,1,0.8228243,1,1
1,1,0.6261799,1,2
0,0,0.33270738,6,2
1,1,0.90008175,6,2
1,0,0.12248617,2,1
1,1,0.91401374,8,1
0,0,0.068229675,6,2
1,1,0.97178483,1,1
1,0,0.40207747,1,1
1,1,0.7985805,1,1
1,1,0.903898,6,1
0,0,0.17111985,8,1
1,1,0.99341995,1,1
1,0,0.20368867,1,2
0,0,0.0074241795,8,1
1,1,0.8604674,1,2
1,1,0.7865395,9,2
0,0,0.03284702,6,1
0,0,0.33248857,1,1
0,0,0.0075585176,9,1
1,1,0.8114512,6,2
1,1,0.98775464,9,1
0,1,0.69574636,1,2
1,1,0.93173504,8,1
1,1,0.58725846,1,1
1,1,0.8824428,3,1
0,0,0.06538545,8,1
0,0,0.3117495,1,2
0,0,0.009491831,9,2
1,1,0.9795798,9,1
0,0,0.4737392,6,2
0,1,0.9994777,1,1
1,1,0.9338164,1,1
0,0,0.016031636,8,1
1,1,0.721528,6,2
0,0,0.07842604,2,1
1,0,0.30805352,8,2
1,1,0.8833948,3,1
1,1,0.8170474,1,1
0,1,0.8950568,1,1
0,0,0.27435592,9,2
1,0,0.08250809,8,2
1,1,0.8728869,1,1
0,0,0.12880178,6,2
1,1,0.794491,1,1
1,1,0.9535026,6,1
0,0,0.039584156,9,2
1,1,0.7744419,9,2
0,0,0.0034204014,9,2
0,1,0.5908574,1,1
1,1,0.9124209,1,1
0,0,0.030865919,8,1
1,1,0.95509565,1,2
1,1,0.9338411,6,2
1,1,0.7560075,1,2
1,1,0.95252645,6,1
0,0,0.26110294,6,1
0,1,0.9316721,9,2
0,0,0.27108663,1,1
0,1,0.7697486,1,2
1,0,0.29329902,9,2
1,1,0.87695473,6,2
0,1,0.7360872,9,1
0,0,0.028361222,1,2
1,0,0.037685692,1,2
1,1,0.9643111,8,1
1,1,0.98606455,9,2
0,0,0.00065288803,9,2
1,1,0.8956361,1,1
1,1,0.8535669,1,1
0,1,0.80795056,1,2
0,1,0.78876823,6,1
0,0,0.007881429,9,2
1,1,0.6824765,1,1
0,0,0.48155478,2,2
0,1,0.7982401,1,2
1,1,0.9418758,1,2
1,1,0.82046676,1,1
0,0,0.34763083,1,2
0,0,0.07501572,9,2
0,1,0.54916066,1,2
1,0,0.28177175,1,1
0,1,0.59810287,1,2
0,0,0.0013096157,8,2
1,0,0.35541594,8,2
0,1,0.9851046,9,2
1,1,0.6073179,8,1
0,0,0.43291,6,2
1,1,0.89590216,1,1
0,1,0.71026963,1,2
1,1,0.97924614,6,1
1,1,0.9173711,8,1
1,1,0.71871,6,2
0,0,0.03840299,1,2
0,0,0.31522602,1,1
1,1,0.95935965,6,2
0,0,0.26839814,9,2
1,0,0.0832709,1,1
0,0,0.45203087,3,2
0,0,0.00042277196,1,1
1,1,0.7923049,1,2
0,0,0.22275047,1,2
0,0,0.0061024046,8,1
0,0,0.011724003,9,2
1,1,0.9950918,1,1
0,0,0.08737666,9,2
1,1,0.9952531,1,1
1,0,0.16744941,8,1
0,0,0.18181552,1,2
0,0,0.1885789,8,2
1,1,0.9759626,6,1
1,1,0.9502973,6,2
0,1,0.986016,9,1
1,1,0.7474252,6,1
1,1,0.92724156,1,2
0,1,0.692532,1,2
0,0,0.0009975177,8,2
0,0,0.10377933,1,2
1,1,0.6311802,8,1
0,0,0.038782503,6,2
1,1,0.7126491,6,2
1,1,0.857138,8,2
0,0,0.03479552,9,1
1,1,0.5398918,6,2
1,1,0.87917393,9,2
1,1,0.7691808,6,2
0,1,0.5995764,6,2
0,0,0.031294897,6,2
1,1,0.5640757,1,1
1,1,0.51227903,6,1
0,0,0.01621407,6,2
0,0,0.0073899035,6,1
1,1,0.7656255,8,2
0,0,0.33107513,9,1
1,1,0.8552559,8,1
1,1,0.9347502,6,2
1,0,0.08689068,1,2
0,0,0.0043072477,1,1
1,1,0.91200477,1,1
0,0,0.082510665,1,2
1,0,0.17232423,8,1
1,1,0.93655324,1,1
0,0,0.009331689,8,1
0,1,0.596018,8,1
1,1,0.57728237,8,1
0,0,0.13232106,9,2
0,0,0.0006047091,9,2
0,0,0.38470754,1,2
1,1,0.6756317,6,2
1,0,0.2376813,2,2
1,1,0.7717144,6,2
1,1,0.97891366,1,1
1,1,0.99106115,1,1
0,0,0.031133695,8,2
1,1,0.9272802,1,1
0,1,0.619971,2,2
1,1,0.97778726,1,1
1,1,0.50334483,2,2
0,0,0.03311709,9,2
0,0,0.0025070596,9,2
0,0,0.004566385,8,1
1,1,0.8622931,1,2
0,0,0.37670103,1,1
0,1,0.54267174,6,2
1,0,0.06001795,8,2
1,1,0.92371035,1,1
1,1,0.95034426,1,1
0,1,0.5084808,8,1
1,1,0.74636585,1,2
0,0,0.004128518,9,1
0,0,0.011665764,8,1
0,0,0.14378071,8,2
1,0,0.39159006,8,2
1,1,0.94877326,1,2
0,0,0.08819489,1,2
0,1,0.50957936,1,1
0,0,0.060300943,1,2
0,0,0.013938155,8,2
0,0,0.016827762,8,2
1,1,0.78334475,9,2
0,0,0.45389006,9,2
1,1,0.98012114,1,1
0,0,0.3442153,6,1
0,0,0.07156173,9,2
1,1,0.99725854,1,1
1,1,0.7987227,3,1
1,1,0.97476,1,1
0,0,0.0469634,8,2
1,1,0.9493679,1,2
0,0,0.0001646583,9,2
0,0,0.46103978,1,2
1,1,0.64750624,1,1
0,0,0.19964984,6,2
0,0,0.122283116,6,2
1,1,0.9664825,1,1
1,0,0.4051251,1,2
1,0,0.27077416,8,2
1,1,0.94867593,1,1
0,0,0.2150863,8,1
1,1,0.8406878,6,1
0,0,0.26186273,1,2
0,0,0.0058236746,6,2
0,0,0.1993644,8,1
0,0,0.45551464,1,2
0,0,0.079082064,9,1
1,1,0.8485039,1,2
0,0,0.02603328,1,2
1,1,0.6166569,8,1
0,0,0.00040298147,9,2
0,0,0.0144805275,8,2
0,0,0.0064534293,6,2
0,0,0.0016054644,1,1
0,0,0.008367696,1,2
0,0,0.009642938,6,2
0,0,0.415394,1,2
0,0,0.0076945983,6,1
0,0,0.03076344,1,1
1,1,0.6968776,6,2
1,1,0.52753365,8,1
0,0,0.48403454,3,2
1,0,0.0026141377,7,1
0,0,0.26913735,9,2
1,0,0.48149368,8,1
0,1,0.53986835,9,2
0,1,0.8628983,1,1
1,1,0.8128739,1,1
0,0,0.27248448,6,2
1,1,0.94229394,1,1
1,1,0.75662583,1,2
1,1,0.8806031,6,2
0,0,0.0023160747,9,1
0,0,0.053581636,9,2
0,0,0.15688258,9,1
0,1,0.51405686,1,1
0,0,0.23598893,1,2
1,1,0.98349434,1,1
1,1,0.81188864,1,1
1,0,0.36791763,9,2
0,0,0.18045512,1,1
1,1,0.5371973,1,1
0,0,0.11675802,1,2
1,1,0.88401544,2,2
0,0,0.11794564,6,1
1,1,0.9936387,9,1
1,1,0.91349965,6,2
1,1,0.9484923,1,2
1,1,0.80279636,1,1
0,0,0.013775002,1,2
1,0,0.45337474,1,1
1,1,0.9175633,9,1
0,0,0.28008378,8,1
1,1,0.9746708,1,2
1,1,0.54369575,8,1
0,0,0.0137692895,1,2
0,0,0.20346062,1,2
0,0,0.0046614883,9,2
1,1,0.62943465,6,2
1,1,0.7042791,6,2
1,1,0.82186675,6,2
0,0,0.4285812,8,1
0,0,0.32548064,9,2
1,0,0.137171,6,2
0,0,0.0017499102,1,2
1,1,0.99258924,6,1
0,0,0.025515739,9,1
1,1,0.6041517,1,2
0,0,0.018093472,1,2
0,0,0.36773747,9,1
1,0,0.43844208,1,1
0,1,0.5637953,1,1
1,1,0.9532856,6,1
1,1,0.94364154,9,2
0,1,0.7562088,1,1
1,1,0.75307614,1,2
1,1,0.65854806,1,2
1,1,0.95446837,2,2
0,0,0.115479484,1,2
0,0,0.23460343,2,2
1,1,0.6562828,1,2
1,1,0.5662564,1,1
1,1,0.9970567,1,1
1,1,0.78940696,1,1
1,1,0.5620597,8,1
0,1,0.7439134,3,2
0,0,0.10162987,9,2
0,1,0.5978669,6,2
0,0,0.17374058,6,2
1,1,0.9985688,6,2
0,0,0.021208571,6,1
0,0,0.037833635,6,2
0,0,0.16243334,1,1
1,1,0.9779911,6,1
0,0,0.40388453,9,2
1,1,0.9373951,1,2
1,1,0.500781,1,2
0,0,0.033119492,9,2
0,0,0.03486958,6,2
0,0,0.0017177869,9,2
0,0,0.057799406,9,2
1,1,0.54685616,1,2
0,0,0.00019650465,9,2
0,0,0.16511898,8,2
0,0,0.30276722,8,1
0,1,0.71259224,1,1
0,0,0.027698906,1,2
0,0,0.07606147,8,1
0,0,0.039294016,8,2
0,1,0.8876139,1,2
1,1,0.9933996,6,2
0,0,0.0075992863,8,1
1,0,0.28182855,1,2
0,0,0.03691889,1,1
1,0,0.41668496,1,2
0,0,0.3569173,1,1
0,0,0.024402676,1,2
1,1,0.953683,9,1
0,0,0.003623925,1,1
0,0,0.105863065,8,1
1,1,0.9615712,1,1
0,0,0.008336294,1,2
0,0,0.25102952,1,2
1,1,0.97671425,6,2
0,0,0.460938,8,1
0,0,0.0013698152,1,1
0,0,0.0043345485,8,1
1,1,0.9492412,1,1
0,0,0.2529867,1,2
1,1,0.6217185,1,1
1,1,0.94013536,6,2
0,1,0.8028747,1,2
0,0,0.10912748,1,2
1,1,0.72717553,8,1
0,0,0.12283055,6,2
1,1,0.61207455,1,1
0,0,0.1831534,1,1
1,1,0.9381665,1,2
0,0,0.45208314,1,2
1,1,0.9081267,1,1
1,1,0.8184319,9,1
0,0,0.23935866,9,1
1,1,0.94451,1,2
0,1,0.81071687,6,2
0,0,0.024641976,9,2
1,1,0.6320253,1,2
1,1,0.65965635,2,1
1,1,0.9654264,8,2
0,0,0.45321843,1,1
0,1,0.6512785,8,2
1,0,0.00474479,9,2
0,0,0.43510574,9,1
1,1,0.981918,6,1
1,1,0.92342585,1,1
1,1,0.9164452,6,2
1,1,0.508531,6,2
0,0,0.18810922,9,1
0,0,0.13929299,9,2
1,1,0.9541029,1,1
1,1,0.9603183,6,1
1,0,0.3607453,8,2
1,1,0.98909223,1,2
1,1,0.7754067,9,1
1,1,0.8083548,2,1
1,0,0.26138416,6,2
1,1,0.9931356,1,1
1,1,0.9184323,1,2
1,1,0.53426254,6,2
1,1,0.94111013,1,2
1,1,0.97789794,6,1
0,1,0.58718723,1,1
0,0,0.1968112,8,2
0,0,0.06976463,1,2
1,1,0.9581302,6,2
0,0,0.4049394,8,2
1,1,0.8226692,3,2
0,1,0.6675741,8,1
1,1,0.9718655,1,1
0,0,0.17446655,6,2
0,0,0.012340366,2,2
1,1,0.9158371,6,2
1,1,0.97559446,6,1
0,0,0.36775166,9,1
1,1,0.8677748,6,1
0,1,0.76614344,1,1
1,1,0.9963438,1,1
0,0,0.00048396786,8,1
1,1,0.6131628,9,2
1,1,0.5736334,8,1
1,1,0.93779737,6,1
0,0,0.045147955,1,2
1,1,0.81944263,9,1
0,0,0.040691465,6,1
0,1,0.58880556,1,1
1,0,0.23705772,6,2
1,0,0.37635776,6,2
0,0,0.037978098,9,2
1,1,0.93576854,6,2
0,0,0.05102334,8,1
1,0,0.11434914,9,2
1,1,0.54847467,1,1
1,1,0.6638392,1,2
0,1,0.6468857,9,1
0,0,0.015468177,1,2
1,0,0.42473853,1,1
1,0,0.37743264,6,2
0,0,0.026950048,8,1
0,1,0.8624612,1,2
0,0,0.29623428,1,2
1,1,0.8186808,9,2
0,1,0.8926374,2,1
1,1,0.76903135,1,2
1,1,0.6798238,1,1
0,0,0.27246428,6,2
1,0,0.37939954,1,2
1,1,0.90948427,1,2
1,1,0.80907744,1,1
1,1,0.90677714,1,1
0,0,0.190149,9,1
1,0,0.03982354,9,1
1,1,0.5103211,1,1
1,1,0.9853065,1,1
1,1,0.96824473,6,1
0,1,0.70886236,1,2
0,0,0.1202238,6,2
1,0,0.4490603,8,1
0,0,0.29599828,1,1
1,1,0.9807263,1,2
1,1,0.84395593,1,2
1,1,0.7382988,1,1
0,0,0.037856925,9,2
0,0,0.2808706,6,1
1,1,0.9420686,8,2
0,0,0.015484619,8,2
0,0,0.39579365,1,2
0,0,0.0051242104,6,1
0,1,0.50339144,1,2
0,0,0.012610918,8,2
0,0,0.08098938,1,2
1,1,0.5099004,6,2
1,1,0.99935955,1,1
1,0,0.40319738,9,2
0,0,0.0024531551,6,2
0,1,0.92704874,6,1
1,0,0.02664843,9,2
0,0,0.1834506,8,1
1,0,0.48866096,1,2
0,0,0.09209364,1,2
0,0,0.26806423,1,2
1,1,0.5445242,1,2
0,0,0.3106854,8,1
1,1,0.89952165,1,1
1,0,0.42540443,9,1
1,1,0.8166698,6,1
0,0,0.016834123,2,2
0,0,0.019111728,9,2
0,0,0.03177562,8,1
0,1,0.5339855,9,1
1,1,0.62978727,1,1
1,1,0.90245277,6,1
0,0,0.20702597,1,2
0,1,0.8679967,1,1
0,1,0.6787198,9,2
1,1,0.60749614,8,1
1,1,0.92298144,8,2
1,1,0.9701245,9,1
1,1,0.79251784,9,1
1,1,0.97326344,1,1
1,1,0.93252647,1,2
1,1,0.84751487,1,2
0,0,0.18666965,6,2
1,1,0.96379274,6,1
0,0,0.1487621,1,1
0,0,0.18199402,1,2
0,0,0.44338617,6,1
1,0,0.022737347,8,2
0,0,0.14649124,9,1
0,1,0.82104045,6,1
0,0,0.22827652,2,2
0,1,0.7368014,1,2
1,1,0.8900744,8,2
1,0,0.27839068,1,2
1,1,0.94032425,1,1
0,0,0.00054665044,1,2
0,0,0.16220617,6,1
1,1,0.968329,6,2
1,0,0.11066959,1,2
1,1,0.9752921,1,1
1,0,0.3871633,1,2
0,0,0.34023732,8,1
1,1,0.7168563,9,1
1,1,0.9989071,1,1
0,0,0.004413984,8,2
1,0,0.30409,8,2
0,0,0.05089356,1,2
1,1,0.8258505,6,1
0,0,0.0070020976,1,1
1,1,0.99226016,6,1
0,0,0.007203968,6,2
1,1,0.92434865,9,1
1,0,0.17627189,1,2
1,1,0.98625815,8,1
1,1,0.6700221,9,1
0,0,0.31466255,9,2
0,0,0.16321959,1,2
0,0,0.08932044,8,2
0,0,0.0017078765,8,1
0,1,0.69587195,2,1
1,1,0.97680885,1,1
1,1,0.93300116,1,1
1,1,0.9211069,9,2
0,0,0.49974406,8,1
0,1,0.8188513,1,2
1,1,0.98503834,1,1
0,0,0.34928048,1,1
1,1,0.97195303,1,1
1,1,0.56862134,9,1
0,1,0.77434474,1,1
1,1,0.7795151,8,1
0,0,0.12649572,6,1
0,0,0.0055502774,1,2
1,1,0.66871876,2,1
0,1,0.50128007,8,1
0,0,0.017786212,8,1
1,1,0.9204992,9,1
0,0,0.4495298,9,2
0,0,0.4453528,1,2
1,1,0.9369404,6,1
0,0,0.032275513,9,1
0,0,0.28206855,6,1
1,1,0.9107067,9,2
0,0,0.39876148,1,1
1,1,0.75496596,1,1
0,0,0.4566018,8,2
1,1,0.84638816,6,1
1,1,0.57616496,1,1
1,1,0.9959265,1,1
0,0,0.027594103,9,1
0,0,0.39788803,1,2
0,0,0.013937598,9,2
1,1,0.59972733,1,2
0,0,0.032796144,8,2
1,1,0.8529989,8,1
0,0,0.0021768867,9,1
0,0,0.04593228,8,1
1,1,0.99092674,6,1
0,0,0.06799842,6,2
1,1,0.9569125,1,2
0,0,0.07861331,6,1
1,0,0.46731713,6,1
0,0,0.084292054,6,2
0,0,0.37725827,6,1
1,1,0.8248049,8,1
0,1,0.64970803,9,2
0,1,0.7960412,1,1
1,0,0.34608945,8,1
1,1,0.9385288,6,1
1,1,0.97522163,9,1
0,0,0.013405229,6,2
1,1,0.66234535,1,1
1,1,0.6313682,1,1
0,0,0.014999657,9,1
1,1,0.9857348,1,2
1,1,0.92081004,8,1
0,0,0.062088843,2,2
0,0,0.11948745,1,1
0,0,0.06678743,6,2
1,1,0.9231834,1,2
0,0,0.11261214,2,1
1,1,0.9879171,6,1
0,1,0.891334,1,2
1,1,0.9879803,1,1
1,1,0.9080548,1,2
1,1,0.980645,6,1
1,1,0.9730258,1,2
1,1,0.97804844,9,1
1,1,0.85599166,1,1
1,1,0.7691219,6,1
0,0,0.12381,6,2
1,0,0.13993458,3,2
0,1,0.65548193,6,1
1,0,0.38161153,1,2
0,0,0.069020145,1,1
1,1,0.93166023,6,1
1,1,0.5795768,8,2
0,1,0.6903102,2,2
1,1,0.97269744,1,1
0,0,0.017946862,1,2
0,0,0.36886597,8,1
1,1,0.9074317,1,2
0,0,0.0005219601,8,1
1,1,0.97709835,1,2
0,0,0.06664302,9,2
1,1,0.9867574,1,1
0,0,0.058235683,1,2
1,1,0.9588526,6,2
0,0,0.13729501,1,2
0,0,0.008257435,8,1
0,0,0.0082100425,8,1
1,1,0.92338425,9,2
0,0,0.14131777,9,1
0,1,0.7454155,1,1
0,0,0.21876343,9,1
0,1,0.90560496,2,1
0,1,0.9921256,1,1
1,1,0.92088574,9,2
1,1,0.83141077,1,1
0,0,0.0034350127,1,2
1,1,0.9453966,6,2
0,0,0.031771325,6,2
1,0,0.18021263,8,2
0,0,0.061944313,8,2
0,0,0.016022027,6,2
0,0,0.0363286,8,2
1,1,0.78619415,1,1
0,0,0.29225343,8,1
0,1,0.68151915,1,1
1,1,0.68938017,9,1
1,0,0.14450681,1,2
1,1,0.99029714,1,1
0,0,0.15529037,1,1
1,0,0.10106063,8,1
0,0,0.05094547,8,1
0,0,0.12474446,1,2
1,0,0.11221476,6,1
1,0,0.07563877,6,2
1,1,0.97459406,9,2
1,1,0.7994586,8,1
1,1,0.89269626,1,1
0,0,0.013266782,1,2
1,0,0.40002647,2,1
1,1,0.90908253,1,1
1,1,0.9067052,1,1
0,0,0.023416128,8,1
1,1,0.94217354,1,2
0,0,0.07216602,6,1
0,1,0.97324526,1,1
0,0,0.1238311,1,1
1,1,0.963482,6,2
0,0,0.39792895,1,2
0,0,0.03649328,1,2
0,0,0.4963466,8,1
1,1,0.9123037,1,1
0,1,0.63194746,9,2
0,0,0.0026456472,8,1
1,0,0.35877824,8,1
1,1,0.99556065,6,1
0,0,0.00057765277,8,2
0,0,0.008459686,1,1
0,0,0.2318463,6,1
0,0,0.097531155,6,2
1,1,0.95866126,1,1
0,0,0.0045941276,1,1
0,0,0.26008797,9,2
0,0,0.05994349,6,1
0,0,0.21105783,1,1
1,0,0.42016038,1,2
1,1,0.9886889,1,1
1,0,0.3336656,9,1
0,0,0.017132081,9,2
0,1,0.8730206,8,1
1,0,0.20021945,1,2
1,1,0.8607975,9,1
0,0,0.00051833136,9,2
1,1,0.9836611,1,2
1,0,0.072752394,9,1
0,0,0.16476035,8,1
1,1,0.9213834,2,2
0,0,0.054114852,1,2
1,1,0.9233131,6,2
1,1,0.9000581,1,1
1,0,0.13531327,2,2
0,0,0.20061494,8,1
0,0,0.022681896,1,1
1,1,0.9263447,2,1
1,1,0.7736545,1,2
1,1,0.9335416,6,1
1,1,0.9849252,6,1
1,1,0.5462099,6,1
0,1,0.91548336,8,2
0,0,0.23199375,6,2
1,1,0.75820917,1,1
0,0,0.0043080417,1,1
1,1,0.997914,1,1
0,0,0.057991307,9,2
1,1,0.8511637,1,2
1,1,0.9675021,6,1
1,1,0.79338396,6,2
1,1,0.7890276,9,1
0,0,0.003238242,8,1
1,1,0.8449257,9,1
1,1,0.9597661,1,2
0,0,0.18499167,8,2
0,0,0.0031548566,8,1
0,0,0.0019331052,9,1
0,0,0.17210539,8,1
1,1,0.8936293,1,1
1,0,0.3721055,1,2
1,1,0.98907834,6,2
0,0,0.12743276,9,1
0,0,0.2985425,1,2
0,1,0.6962042,6,2
0,0,0.09787037,8,1
1,1,0.9534643,1,1
0,1,0.6510539,9,2
0,0,0.28814098,8,1
1,1,0.9535943,9,2
1,1,0.85285705,1,2
1,1,0.8541098,1,1
0,0,0.018015066,1,2
0,1,0.6985759,6,2
0,1,0.59794605,1,2
0,0,0.0002528341,1,2
0,0,0.09835966,9,1
1,1,0.64367855,1,1
0,0,0.14384103,6,2
1,1,0.9738887,6,2
1,1,0.76539993,1,2
0,0,0.014056197,6,2
0,1,0.5502343,1,2
0,0,0.47185597,1,2
0,0,0.0010961357,1,2
1,1,0.8742756,6,2
1,1,0.96090406,1,1
1,1,0.9701737,9,2
0,0,0.10497122,2,2
1,0,0.33467546,1,2
1,1,0.9223487,1,2
1,0,0.4537618,1,1
0,0,0.017896146,2,1
1,1,0.68884474,8,2
0,1,0.82539815,1,1
1,0,0.36026576,2,2
0,1,0.57880306,9,1
0,0,0.025923243,8,2
0,0,0.12662236,2,2
0,1,0.660883,3,2
0,0,0.18661147,1,2
1,1,0.95701975,6,1
1,1,0.7062682,1,2
0,1,0.79542744,6,1
1,1,0.8027562,1,1
1,1,0.79125106,1,1
1,1,0.91746515,1,2
0,1,0.60267144,1,1
1,1,0.95871854,2,1
0,0,0.49754608,1,1
1,1,0.89874065,6,2
0,0,0.2274314,8,1
1,1,0.5842851,9,2
1,0,0.2816963,1,1
0,0,0.24340199,1,1
1,1,0.8740905,6,2
1,1,0.9388099,1,1
1,0,0.034423254,9,2
0,0,0.43581823,8,2
1,0,0.18337399,1,2
1,1,0.741838,6,1
1,0,0.34543186,8,1
0,1,0.77633,1,2
0,0,0.18472078,1,1
0,0,0.016378893,3,1
0,0,0.039520737,1,1
1,1,0.8775447,6,1
1,1,0.999035,1,1
1,1,0.62927604,1,1
0,0,0.019597398,9,2
1,1,0.8749882,1,1
1,1,0.9803617,1,1
0,1,0.56691587,6,2
0,1,0.9871306,1,1
1,1,0.9364752,1,2
0,0,0.0020614679,1,1
0,0,0.12226197,6,2
0,0,0.25773194,1,1
1,0,0.30493572,9,2
1,1,0.9682828,1,1
0,0,0.0087370835,9,2
0,0,0.026365591,8,2
1,1,0.97031736,1,1
1,1,0.94178534,6,1
0,1,0.7888741,1,1
0,0,0.32181817,8,1
1,0,0.48857597,1,2
0,0,0.061883196,9,2
0,0,0.35346973,9,1
0,0,0.2601002,1,2
0,0,0.005347444,9,2
0,0,0.1932359,8,1
0,1,0.8944911,1,1
1,1,0.9535092,1,1
1,1,0.9387181,1,2
1,1,0.5308835,2,1
0,0,0.015776295,8,2
1,1,0.99300236,6,1
1,1,0.82637537,1,1
0,0,0.06240986,9,1
1,1,0.91389614,1,2
1,1,0.53978336,1,1
1,1,0.8413411,1,1
1,1,0.9242694,1,1
1,0,0.39206365,1,1
0,0,0.44476578,9,1
1,1,0.99602747,1,1
0,0,0.2181879,9,2
0,0,0.0014175855,9,2
0,0,0.42576846,1,2
0,0,0.00014527861,6,2
0,0,0.02559789,2,2
0,0,0.16494843,9,1
0,0,0.0020784896,6,1
1,1,0.93677557,6,2
1,1,0.88124675,1,1
0,0,0.080931835,1,2
0,0,0.2215207,7,1
1,1,0.96097684,1,2
0,1,0.91939545,1,2
0,0,0.04910656,1,2
1,1,0.92906916,6,1
1,1,0.9246123,1,2
1,1,0.7912765,1,2
0,0,0.25314838,1,2
0,0,0.45275518,2,1
1,0,0.44168636,1,1
0,0,0.046145327,8,2
0,1,0.8928789,7,1
0,0,0.0394811,5,2
0,0,0.35695648,1,1
1,1,0.91247964,1,2
0,0,0.1673384,1,1
1,1,0.94757366,1,1
1,1,0.9667332,1,1
0,0,0.26255924,9,1
0,0,0.3561397,1,1
1,0,0.45602718,6,2
1,1,0.83812034,1,2
1,1,0.80868226,7,1
0,0,0.025633195,1,2
1,1,0.8155643,6,2
1,1,0.63413024,1,1
0,0,0.38021266,9,2
1,1,0.65131027,1,2
0,0,0.043032646,8,2
0,0,0.40682644,1,1
1,0,0.40003204,2,2
1,1,0.8414746,1,1
0,0,0.035652272,1,2
0,0,0.004825303,1,1
1,1,0.96091264,1,2
0,0,0.009740335,1,1
1,1,0.928513,6,2
1,1,0.89190054,1,1
1,1,0.5582343,9,1
1,1,0.5608916,6,1
0,0,0.072679915,8,1
0,1,0.5294158,9,1
1,1,0.9416561,1,2
0,0,5.203016e-05,9,2
1,1,0.9816483,1,1
1,1,0.73128694,9,2
0,0,0.01068755,8,2
0,0,0.07734963,8,1
0,0,0.07289639,9,2
1,1,0.8877017,1,2
1,1,0.70970535,6,1
0,0,0.019808212,1,2
0,0,0.3902408,1,1
0,0,0.07854486,8,1
1,1,0.93168575,6,2
1,1,0.8095078,8,1
0,0,0.21138565,1,1
1,1,0.9455657,6,1
1,1,0.9638978,1,1
0,0,0.012439616,8,2
1,1,0.9731555,6,1
0,0,0.0025561117,6,1
0,1,0.9567607,1,1
1,1,0.8202884,1,1
1,1,0.5760306,9,1
1,1,0.8857562,8,2
0,0,0.10015028,8,2
0,0,0.022388628,9,1
1,1,0.5974658,9,1
0,0,0.004160199,1,2
0,0,0.06658843,6,1
0,1,0.602994,1,1
0,0,0.12824334,8,2
1,1,0.9626926,2,2
1,1,0.73821294,6,2
0,1,0.9679359,1,1
1,1,0.5221659,6,2
1,1,0.89941007,1,2
1,0,0.20264453,1,2
0,0,0.017087024,3,1
0,1,0.78042364,1,1
0,1,0.8589907,6,2
0,0,0.32922754,9,2
1,1,0.9747868,8,1
0,0,0.009468435,8,1
1,0,0.12208102,9,2
0,0,0.12794065,8,2
1,0,0.26731977,9,2
0,0,0.16706236,1,2
0,0,0.15015855,6,1
0,0,0.040957905,1,2
0,0,0.09598876,6,2
0,0,0.0866229,8,2
1,1,0.91328347,6,2
1,1,0.75252473,1,1
0,0,0.0067230524,6,2
1,1,0.99247336,1,2
1,1,0.9844029,6,1
1,1,0.9183146,1,2
1,1,0.85099375,1,2
0,0,0.053111043,2,2
1,1,0.99679846,1,2
1,1,0.6757492,1,2
1,1,0.5881857,9,1
1,1,0.913896,1,2
0,0,0.016669175,8,2
0,0,0.37103596,8,1
0,0,0.39596736,8,1
1,0,0.39843154,1,2
1,1,0.8702759,2,2
0,0,0.24925983,6,1
1,1,0.9368038,1,1
1,1,0.9840057,6,1
0,0,0.00013349166,1,2
1,1,0.89046586,1,2
1,1,0.9566995,1,2
1,1,0.5694927,1,1
0,0,0.010370902,9,2
1,1,0.7041974,1,2
0,0,0.3839561,1,2
0,0,0.005604485,1,1
0,0,0.022434857,3,2
1,1,0.90506023,9,1
0,0,0.013201566,3,2
0,0,0.0014648108,9,1
1,1,0.83478564,1,2
0,0,0.2309295,8,2
1,1,0.9523915,1,1
0,1,0.8357493,1,2
0,0,0.14918567,6,2
0,0,0.08969722,8,2
1,0,0.057718087,6,2
1,1,0.9071594,6,2
0,0,0.4131612,1,1
1,1,0.7742814,8,1
0,0,0.113139845,6,1
0,0,0.07591294,1,2
1,1,0.9526689,1,1
0,0,0.0020930306,6,2
0,1,0.88183695,1,1
1,0,0.34536985,8,2
1,1,0.84190565,1,1
0,1,0.93466115,2,2
0,0,0.19466099,8,1
0,0,0.0039624698,9,2
0,0,0.3949433,1,1
1,1,0.9316892,6,1
0,0,0.2928103,1,1
0,0,0.27940506,1,1
1,0,0.08194123,6,2
0,1,0.65224195,6,2
0,0,0.30631614,8,2
0,0,0.06733071,8,1
0,0,0.27418175,6,1
1,1,0.7876496,1,1
0,0,0.055748887,9,1
0,0,0.02298517,9,1
0,0,0.037851416,9,2
1,1,0.9273844,1,1
1,1,0.9287667,9,1
1,1,0.8262469,1,1
0,0,0.0028346353,8,2
1,1,0.9267285,1,2
0,0,0.03591517,1,2
1,0,0.39242306,1,1
1,0,0.18884133,1,1
0,1,0.76705074,1,1
0,0,0.041923415,6,1
0,0,0.031057196,1,2
1,0,0.43422848,1,1
0,0,0.00057989603,1,2
0,1,0.56674945,9,2
0,1,0.8527995,1,1
0,0,0.03185535,9,2
0,0,0.14200844,1,2
1,1,0.9142055,1,1
0,1,0.68032604,9,2
0,0,0.47315976,1,1
0,0,0.2911942,1,1
1,1,0.9481296,1,1
1,1,0.7786871,1,1
1,1,0.94860446,1,2
0,0,0.049295716,1,2
0,0,0.0063612345,9,2
0,0,0.048551515,1,1
1,1,0.99593157,6,1
0,0,0.08259413,1,1
1,1,0.6019592,2,1
1,0,0.48127916,1,1
1,1,0.8383325,1,1
0,0,0.010683597,9,2
1,1,0.9210508,1,1
0,0,0.00021122796,2,2
0,0,0.00019247731,6,2
0,0,0.0613121,8,2
1,1,0.5033146,9,1
0,1,0.50278395,1,1
0,0,0.19766901,8,1
0,0,0.47464332,8,1
1,1,0.96344525,1,1
0,0,0.48070726,2,2
1,1,0.87340313,2,2
0,0,0.006953647,6,2
1,0,0.15961282,1,2
0,0,0.39222923,1,2
1,1,0.92391676,1,1
1,1,0.61267334,1,1
0,0,0.13414817,1,1
1,1,0.87926596,6,2
1,1,0.95153654,7,1
1,1,0.6105036,9,1
1,1,0.519584,9,1
0,0,0.09846568,1,1
1,1,0.5205692,1,1
0,0,0.44518444,8,2
1,1,0.8488929,8,1
0,0,0.051539224,6,2
0,0,0.024227843,6,1
1,0,0.30369517,6,2
1,1,0.91084474,6,2
0,0,0.121108286,8,1
1,1,0.9549606,1,2
0,1,0.8188376,9,1
1,1,0.97027934,2,1
0,0,0.4605188,6,2
0,0,0.057026777,8,1
1,1,0.8210403,1,1
1,1,0.72475976,1,2
0,0,0.3897498,1,2
0,0,0.0025347942,9,2
0,0,0.07477522,8,1
0,0,0.11518069,1,1
0,0,0.0017017672,9,2
0,0,0.13005549,8,1
0,0,0.0025869037,8,1
0,0,0.24938612,9,1
0,0,0.42583993,9,1
0,0,0.45588645,8,1
1,1,0.76837564,1,2
0,0,0.3956007,1,1
1,0,0.21413405,2,2
1,1,0.58777976,6,2
0,1,0.61047137,1,1
1,1,0.519391,6,1
1,1,0.9132095,6,2
1,0,0.1348936,1,1
0,0,0.03652561,8,1
1,1,0.8435274,1,1
1,1,0.9946313,9,2
0,1,0.67637223,6,1
0,0,0.014464198,8,1
0,0,0.3669894,1,1
1,1,0.9754522,6,2
1,1,0.94607323,1,1
0,0,0.14834693,9,1
1,1,0.9929085,1,2
1,0,0.18167078,9,1
0,0,0.0006273737,9,2
0,0,0.0006290307,8,2
0,0,0.07020276,8,1
0,0,0.23814273,8,1
0,1,0.88481593,2,1
0,0,0.45028338,6,2
1,0,0.37539056,8,1
0,0,0.17226171,9,2
0,0,0.00027016242,9,2
1,1,0.82543564,9,1
1,1,0.85244435,6,2
0,0,0.036260203,8,2
1,1,0.53175014,6,1
0,0,0.00019161007,1,1
0,1,0.9852077,1,2
1,0,0.027659405,1,1
0,0,0.024619648,9,2
0,1,0.6615523,6,1
0,0,0.09117667,6,1
1,0,0.2063496,9,1
0,0,0.48100644,9,1
1,1,0.56370425,1,2
1,0,0.12677576,9,1
0,0,0.054377455,1,2
1,0,0.45811966,1,1
0,0,0.0015037884,1,1
0,1,0.57444,2,1
1,0,0.17440498,9,1
1,0,0.05279052,2,1
1,1,0.97521317,1,2
1,1,0.9956896,1,2
1,1,0.97848195,6,1
1,1,0.9093814,1,1
1,1,0.9204586,1,1
0,1,0.832919,1,1
0,0,0.41215262,8,2
0,0,0.06409812,8,1
0,1,0.92450285,3,1
1,1,0.8814849,9,1
0,1,0.6988162,8,1
1,1,0.9809418,1,1
0,0,0.06099761,6,2
1,1,0.93637216,1,2
0,0,0.27412733,1,1
1,1,0.7520533,9,1
1,1,0.9529898,9,2
0,1,0.5977415,1,2
0,1,0.7714977,2,1
0,1,0.68176746,9,1
0,0,0.006526051,1,2
0,0,0.00194939,8,1
1,0,0.35099748,6,1
0,0,0.11028483,1,1
1,1,0.9501885,1,1
1,1,0.78596616,9,2
0,0,0.0071606124,8,2
1,0,0.42822057,8,1
1,1,0.83811873,6,1
1,1,0.94328105,9,1
1,1,0.9873548,1,1
0,0,0.0004279065,9,1
1,1,0.9409481,1,1
0,0,0.0011585178,6,2
1,1,0.9991949,6,1
1,1,0.8113307,6,2
1,1,0.74613726,1,2
0,0,0.14872625,9,2
1,1,0.75221765,9,1
0,0,0.03691716,1,2
1,1,0.94651824,6,2
0,0,0.043676965,9,2
1,1,0.9860902,1,2
0,0,0.00075511663,9,1
0,0,0.00023183072,1,2
0,0,0.27968758,1,2
1,0,0.19315073,1,2
1,1,0.8839287,1,2
0,0,0.03268645,8,2
0,0,0.035984423,1,2
0,0,0.19369113,1,2
1,1,0.9251187,2,1
1,1,0.92693007,1,2
0,0,0.41871455,1,1
0,0,0.036282796,6,2
1,1,0.5484644,6,1
0,0,0.29858488,9,1
1,1,0.97181153,1,1
0,0,0.09763359,9,2
0,0,0.0014726269,8,2
1,1,0.9912369,9,1
0,0,0.24034837,9,2
0,0,0.0020788487,1,1
1,1,0.6975753,2,2
0,0,0.121913806,1,2
1,1,0.79491156,1,1
1,1,0.98205477,1,1
0,1,0.5182065,1,2
1,1,0.9922861,1,1
0,1,0.6256402,1,1
0,0,0.12716325,8,2
0,0,0.0037135754,2,2
0,0,0.061040767,9,1
0,1,0.5989048,9,2
0,1,0.8492811,1,1
0,0,0.045496996,1,1
1,1,0.9570501,1,1
1,1,0.9256736,3,1
1,0,0.056708157,8,2
0,1,0.7939168,1,2
0,0,0.002621598,9,2
1,1,0.543773,9,1
1,1,0.7438677,9,2
1,1,0.95507747,6,2
0,0,0.0042832205,1,1
0,0,0.048169214,9,2
1,1,0.95000577,1,2
0,0,0.38407078,9,2
1,1,0.9561584,1,1
1,1,0.96815044,1,1
0,0,0.15634581,8,2
0,0,0.03100855,8,2
0,0,0.22479479,8,1
0,0,0.04378768,1,2
0,1,0.8692125,9,1
1,1,0.71899605,1,2
1,1,0.89227176,6,1
1,1,0.9884015,1,2
0,0,0.2589251,6,1
0,0,0.004270914,6,1
0,0,0.33866534,1,2
1,1,0.93195844,8,2
0,0,0.3232658,8,1
1,1,0.7153681,1,2
0,0,0.21855883,8,1
1,1,0.75212634,8,2
0,0,0.03705656,1,2
1,1,0.88614255,6,1
0,0,0.0067801536,8,1
0,0,0.0029056158,6,2
0,0,0.020320123,8,2
0,0,0.041424785,1,2
1,1,0.66118056,6,2
0,0,0.016134076,1,2
1,1,0.975579,1,1
1,1,0.6317967,6,1
0,1,0.5886014,8,1
0,0,0.028788472,9,2
1,1,0.9907188,1,2
0,0,0.0040797517,9,1
0,0,0.004713743,3,2
1,0,0.04224585,9,2
1,1,0.95578164,1,1
1,1,0.7418106,8,1
0,0,0.17819253,1,1
0,0,0.08104963,6,2
0,0,0.48583642,1,1
0,0,0.007895902,8,2
0,0,0.2988586,8,2
1,1,0.8698368,6,2
0,1,0.532113,6,2
0,0,0.12140242,8,1
0,0,0.0035463215,9,2
1,1,0.9745437,1,1
0,0,0.0054319077,1,1
1,1,0.71429074,9,1
1,1,0.94332814,1,1
0,0,0.071770184,8,2
1,1,0.9613218,1,1
1,1,0.9644925,1,1
1,1,0.95770174,6,1
0,0,0.35432437,9,1
0,0,0.06147639,8,2
1,1,0.55119956,1,1
0,0,0.17106004,9,1
0,0,0.05782912,1,1
0,0,0.077017695,9,1
0,1,0.7029447,6,1
0,0,0.46867365,1,2
1,1,0.8057217,8,1
1,1,0.7749204,6,2
0,0,0.00010130976,1,2
1,1,0.93092984,1,1
0,0,0.017103273,3,1
1,0,0.19718556,8,1
0,0,0.35839072,8,1
0,0,0.28326115,1,2
0,0,0.15519105,9,1
1,1,0.84311247,1,2
0,0,0.15021516,3,2
0,0,0.047866993,1,1
0,0,0.34222263,8,2
0,1,0.8237827,6,1
0,1,0.56533355,9,2
0,0,0.44945073,5,2
0,1,0.6888589,6,1
0,0,0.06676669,6,2
1,0,0.103426926,6,2
0,0,0.24505852,2,1
0,0,0.074264064,9,2
1,1,0.6351677,6,1
1,1,0.9879027,1,1
1,1,0.94585454,1,1
0,0,0.11810986,6,2
0,0,0.022433544,8,1
1,1,0.9041936,1,1
1,1,0.79365546,6,2
1,1,0.95008475,1,2
1,0,0.14508495,1,2
1,1,0.92764425,6,1
1,1,0.88347495,6,2
0,0,0.0047594537,6,2
0,0,0.007336625,1,1
0,0,0.06537855,1,2
1,1,0.8914207,1,1
0,0,0.33417556,8,2
0,1,0.56459224,6,1
1,1,0.6998902,1,2
1,1,0.53085953,1,2
1,1,0.98370427,1,1
1,0,0.3070596,1,2
1,1,0.5940225,1,1
0,1,0.57861394,1,2
1,1,0.8784183,1,2
0,0,0.0028960742,9,2
0,0,0.36892632,9,2
1,1,0.9646906,6,2
1,1,0.96613777,1,1
0,0,0.40083602,1,1
1,1,0.733909,9,2
1,1,0.83153135,9,2
0,1,0.555014,1,2
1,1,0.9717792,1,1
1,1,0.92883277,1,2
1,1,0.79511136,8,2
0,0,0.038923815,6,2
0,0,0.13446166,6,2
0,1,0.96880555,1,2
1,1,0.95874256,1,2
0,0,0.055182345,9,1
0,1,0.73038334,1,2
1,1,0.9630053,6,2
0,0,5.848364e-05,8,1
0,0,0.0013435199,1,2
1,1,0.9585231,1,1
0,1,0.5365146,2,2
0,1,0.91107905,2,1
0,0,0.2971122,8,1
0,0,0.031570483,8,2
0,0,0.08722753,1,2
1,1,0.84141773,2,1
1,1,0.97874147,1,1
1,0,0.42985028,9,2
0,0,0.42549127,1,1
1,1,0.96480834,9,1
0,0,0.0012451576,9,2
0,0,0.19815372,1,1
1,1,0.9891509,1,1
1,1,0.9543601,6,1
0,0,0.20911282,1,2
1,1,0.6984388,8,2
1,1,0.95551604,1,1
0,0,0.13539481,1,1
1,0,0.26591662,6,1
0,0,0.21707255,1,2
0,0,0.017869556,1,2
0,1,0.90321565,1,2
0,0,0.30219573,1,1
1,1,0.6921739,1,1
0,0,0.029924452,8,2
1,1,0.8284911,2,2
0,0,0.0015531185,1,2
0,0,0.02097362,1,1
0,0,0.004458318,1,2
0,0,0.0013402808,6,1
1,1,0.96269536,1,1
0,0,0.01380641,8,2
1,1,0.7178098,1,2
0,1,0.94580996,2,1
1,0,0.43961257,8,2
0,0,0.2502822,6,1
0,1,0.5478625,9,1
1,1,0.93650377,1,1
0,0,0.3134102,8,2
0,0,0.022584643,1,2
0,0,0.02419564,9,2
1,0,0.30542278,8,2
0,0,0.11030579,9,2
0,0,0.0047353352,8,1
1,0,0.29884234,6,2
1,1,0.9787916,1,1
1,1,0.9962734,9,1
0,0,0.00810123,6,2
1,0,0.36143473,6,2
0,0,0.031140052,8,2
0,1,0.6657237,1,1
1,1,0.77793515,1,2
0,0,0.44272733,8,2
1,1,0.9500881,1,1
1,1,0.91496885,1,2
1,0,0.109011605,1,2
0,0,0.46196145,1,2
1,1,0.98475003,1,1
1,1,0.6865594,1,1
0,0,0.0013690203,8,2
0,0,0.23105645,9,2
0,0,0.073713884,1,1
1,1,0.9551682,1,1
0,0,0.123163484,8,2
1,1,0.95574194,6,1
0,0,0.07245176,6,2
0,0,0.16063255,1,2
1,0,0.35377178,9,2
0,0,0.3683871,1,2
0,0,0.025340285,8,1
1,1,0.9445489,6,2
0,0,0.008007799,8,2
0,1,0.93898875,1,2
0,0,0.29197264,1,2
1,1,0.93201363,1,1
1,0,0.3196512,1,1
1,1,0.95898324,2,1
1,1,0.844546,6,1
0,0,0.01370274,9,2
1,1,0.7525416,1,2
0,0,0.014404544,2,1
1,0,0.38736317,1,1
0,0,0.030428618,1,2
0,0,0.0051785335,6,2
0,1,0.6642689,6,1
1,0,0.015407644,2,2
0,0,0.009546883,1,2
1,0,0.12226734,3,2
1,1,0.97545844,1,2
1,1,0.88964087,6,1
0,0,0.027784046,6,1
1,1,0.95913893,1,1
0,0,0.025237627,8,2
0,0,0.059664275,9,2
1,1,0.9348681,1,1
1,1,0.8610069,1,2
0,0,0.0011366811,6,2
1,1,0.8065452,2,2
0,0,0.014643805,6,1
1,0,0.23048048,1,2
1,1,0.8747828,6,1
0,0,0.17173557,1,2
1,0,0.17984554,3,2
1,1,0.9707746,8,1
0,0,0.023903117,2,2
1,1,0.61495215,1,2
1,1,0.9817826,1,1
1,1,0.71483845,6,1
0,0,0.07149941,1,1
0,0,0.0014320163,8,1
0,0,0.2256759,6,2
1,1,0.82001626,9,1
0,0,0.28848326,6,1
0,0,0.4148086,1,2
0,0,0.009636774,6,2
1,1,0.8403498,9,2
0,0,0.16887373,8,1
0,0,0.15174186,1,1
1,1,0.8867397,9,1
0,0,0.008044427,8,2
1,1,0.7755456,1,2
1,1,0.9212875,2,2
0,0,0.22455159,1,2
1,1,0.99362975,9,1
0,0,0.0020501728,7,2
0,0,0.49444574,8,2
0,0,0.41726488,9,1
1,1,0.67162746,6,2
0,0,0.024969127,1,2
0,0,0.06946949,8,1
0,0,0.23546588,1,1
1,1,0.94531447,1,1
1,1,0.7431766,1,1
1,1,0.94986004,1,1
0,0,0.0982036,8,1
0,0,0.39009067,2,2
0,0,0.055792514,9,1
1,1,0.6229135,1,2
0,0,0.4029939,9,2
1,0,0.48551884,1,1
0,0,0.008593801,9,2
0,0,0.117446385,3,1
0,0,0.15846488,9,2
1,1,0.9628,1,2
0,0,0.07259196,6,2
0,0,0.30394328,3,2
1,1,0.9330758,1,1
1,1,0.990568,6,2
1,1,0.9738627,6,1
1,0,0.09117116,8,2
0,1,0.9216617,6,2
1,1,0.9078311,9,1
0,0,0.015816854,2,2
0,0,0.4994486,6,2
0,0,0.0013737777,8,2
1,1,0.9730705,2,2
0,0,0.16454485,8,1
0,1,0.51223713,1,2
1,1,0.97991586,1,2
1,0,0.35422465,1,2
1,0,0.16766174,8,1
1,1,0.9546469,6,2
1,1,0.8129538,1,2
1,1,0.8418132,1,2
0,0,0.00054657436,9,2
1,1,0.6506977,8,1
1,1,0.90338296,2,2
1,1,0.92261285,8,1
0,1,0.5340678,6,2
1,0,0.47657022,6,2
1,1,0.9961952,1,1
1,1,0.99564725,9,1
1,1,0.5660658,1,1
0,1,0.9688451,1,2
0,0,0.035844654,9,1
0,0,0.019599443,8,1
0,0,0.008746869,9,2
1,1,0.9244313,6,1
1,1,0.87993234,6,2
0,0,0.020316536,9,1
1,1,0.9790774,8,1
1,0,0.090852894,9,1
1,1,0.8472373,1,1
0,0,0.46395496,8,2
1,1,0.96632427,6,1
0,0,0.0019287311,8,1
1,1,0.9761919,1,1
1,0,0.17391172,1,2
0,0,0.0800236,6,1
0,1,0.6752271,1,2
1,1,0.9710433,6,1
0,0,0.27798447,1,2
0,1,0.67074186,1,2
1,1,0.8659949,1,1
1,1,0.9575834,1,1
1,1,0.7885384,1,2
1,0,0.13218045,9,2
1,0,0.03196565,6,2
0,0,0.31408036,6,1
1,1,0.93990153,6,2
1,1,0.8912377,9,2
0,1,0.60791606,1,1
0,0,0.45402876,9,2
0,0,0.03055415,8,2
1,0,0.39459258,8,2
0,0,0.024475321,1,2
0,0,0.09630344,6,2
0,0,0.0038208265,6,1
1,1,0.9814649,2,2
1,1,0.9477473,1,2
0,0,0.2390247,2,1
0,0,0.26593864,8,2
1,1,0.83614916,1,2
0,0,0.06774155,9,2
1,1,0.96677285,6,1
1,1,0.9676046,6,2
0,0,0.1188663,1,2
1,1,0.9778661,9,2
0,0,0.1667643,1,2
0,0,0.1360406,1,1
1,1,0.6862138,6,2
1,1,0.7933858,9,1
1,1,0.85542786,3,2
0,0,0.4556407,9,1
0,0,0.078114726,1,2
0,1,0.7849413,1,2
0,0,0.44837248,1,1
1,0,0.4819137,9,1
0,0,0.3287994,1,1
0,0,0.08341518,9,1
0,0,0.34239355,8,1
1,1,0.53696895,6,2
0,0,0.030381221,1,2
1,1,0.865356,6,1
1,1,0.9653553,9,1
1,1,0.9137895,1,2
0,0,0.08819246,9,1
0,0,0.0073230695,8,2
1,1,0.72218364,1,1
1,1,0.7060627,1,2
1,0,0.071364164,1,2
0,0,0.046629664,8,2
1,1,0.8473738,1,2
0,0,0.24505967,9,1
1,1,0.92815304,1,1
0,0,0.0064355405,1,2
1,0,0.15077627,9,1
1,1,0.96943486,1,1
0,0,0.0359764,9,2
1,1,0.7167645,1,1
1,1,0.98083407,1,2
0,0,0.1490962,3,2
0,0,0.087161735,1,2
0,0,0.18491535,1,2
1,1,0.71196413,1,1
0,0,0.14506817,9,1
1,1,0.9675748,1,1
0,1,0.52934927,1,1
0,0,0.033635743,9,2
1,1,0.9532717,1,1
1,1,0.7319291,1,1
1,1,0.6534134,1,1
1,0,0.014103133,6,1
0,0,0.003141396,1,2
1,0,0.04387253,6,1
0,0,0.3310987,1,2
1,1,0.8536981,9,2
1,1,0.93384767,1,2
1,1,0.87285465,9,1
0,0,0.448734,9,2
1,1,0.9616322,1,1
1,0,0.14129256,9,1
1,0,0.11854766,1,2
0,0,0.02202407,9,1
1,1,0.73384,6,2
0,0,0.19407743,9,1
1,1,0.67701125,9,1
0,0,0.035513785,1,1
0,0,0.0373928,8,2
1,1,0.9232728,6,2
1,1,0.9819204,6,2
1,1,0.7295747,9,2
0,0,0.0017023513,6,1
1,1,0.8756045,1,1
1,1,0.84083027,1,2
0,0,0.05176047,1,1
0,0,0.22399803,8,2
0,0,0.3958964,1,2
1,1,0.56173766,1,2
0,0,0.16562584,1,1
1,1,0.8807842,6,2
0,0,0.08863723,8,2
0,0,0.21589005,9,1
0,0,0.3045742,1,2
0,1,0.802387,9,2
0,0,0.012061061,9,2
1,1,0.88896793,1,1
1,1,0.9377066,1,1
0,0,0.37631825,1,1
1,1,0.77636164,1,2
1,1,0.64445573,1,2
0,1,0.6091712,6,1
0,0,0.18035547,1,2
1,1,0.86719096,2,2
0,0,0.09433368,1,1
0,1,0.58813995,2,2
0,0,0.0007965762,1,1
0,0,0.23615994,6,1
1,1,0.57076937,6,2
0,0,0.0004929075,8,1
0,0,0.00013306185,9,2
0,1,0.5269468,6,2
0,0,0.2898466,1,1
0,0,0.046700116,6,2
0,0,0.001710453,9,1
0,0,0.10128013,9,1
0,0,0.013243226,9,1
1,1,0.94178164,8,2
1,1,0.9470016,1,2
1,1,0.70155716,9,1
0,0,0.047057513,9,1
1,0,0.15174195,1,2
1,1,0.932002,6,2
1,0,0.4388812,8,2
1,1,0.9685355,9,1
1,0,0.29042262,2,1
1,1,0.5116002,1,2
0,0,0.06427338,8,1
1,1,0.96585965,1,1
0,0,0.04717789,1,2
1,1,0.8965927,6,2
1,1,0.9881522,9,2
0,1,0.7626684,6,1
0,0,0.009954467,1,2
0,0,0.043611646,6,2
1,1,0.9773343,1,2
1,0,0.4802054,1,1
1,1,0.89449596,1,1
1,1,0.56690496,1,1
1,1,0.87260914,1,2
0,1,0.8643502,8,1
0,0,0.008847439,8,1
1,1,0.95603764,1,2
0,0,0.002603693,9,2
1,1,0.5637072,6,1
0,0,0.021242082,1,1
0,1,0.58827394,8,1
0,0,0.041658763,1,2
0,0,0.31553742,1,2
0,0,0.011261767,1,1
0,0,0.109698504,6,2
1,1,0.8512549,8,2
0,1,0.9487528,9,2
0,0,0.007518238,9,1
1,1,0.8404454,1,2
1,1,0.9555626,1,1
1,1,0.52757174,1,1
1,0,0.3632498,8,1
0,1,0.7344977,1,1
1,1,0.84912425,6,2
1,1,0.8633739,1,2
1,1,0.9190183,6,2
1,1,0.9699127,6,1
1,1,0.6380181,1,2
1,1,0.8812302,1,2
0,0,0.22232918,1,2
0,0,0.16376065,1,2
0,0,0.29447973,9,1
0,0,0.13673846,1,1
1,0,0.38604015,8,1
0,0,0.0834821,8,2
1,1,0.9461749,1,2
0,0,0.009648472,1,2
1,1,0.9849355,1,1
1,1,0.67845476,8,1
0,0,0.008867788,8,2
1,1,0.8111346,1,1
1,1,0.91757244,1,1
0,1,0.6159138,6,1
0,0,0.06152586,1,1
0,0,0.027462378,1,2
1,1,0.82056445,1,1
1,1,0.9122224,1,1
0,0,0.10291977,9,2
0,0,0.1937629,8,1
0,0,0.17039138,8,2
0,1,0.6358208,8,1
0,1,0.8891863,6,2
1,1,0.9451402,1,2
1,1,0.8971281,1,2
0,0,0.37266213,6,2
1,1,0.87157476,1,1
1,1,0.86538154,8,1
1,1,0.9903222,1,1
0,0,0.0050416766,1,1
0,0,0.43991148,1,1
0,0,0.07256235,8,1
0,0,0.009707849,9,2
0,0,0.03351558,9,2
0,0,0.00052092824,8,2
1,1,0.9810383,9,1
1,1,0.9712208,1,1
0,0,0.0014031302,9,2
1,1,0.86721265,9,2
1,1,0.8423638,1,2
1,1,0.7667696,1,1
1,1,0.7899546,1,1
0,0,0.3459625,6,2
0,0,0.06780025,1,1
0,0,0.009244273,9,2
0,1,0.8152946,1,1
1,1,0.5937095,1,2
1,1,0.7810761,8,1
1,1,0.9889627,1,1
1,1,0.9978818,1,1
1,1,0.972692,1,1
1,0,0.17830281,2,1
0,1,0.69280136,9,1
1,1,0.9626328,1,1
1,1,0.5608708,1,2
0,0,0.047401376,1,2
0,0,0.05544641,1,1
1,1,0.901401,1,1
0,0,0.005495192,9,1
0,0,0.40991825,6,2
0,0,0.38250473,1,1
1,1,0.99348783,1,1
1,1,0.88930947,1,1
0,0,0.35392028,8,2
0,0,0.06869011,1,1
1,1,0.93266404,6,2
1,1,0.6498124,1,1
0,1,0.92136085,1,1
1,1,0.92114025,9,1
1,1,0.9568779,1,2
0,0,0.20719369,1,2
1,1,0.8475892,6,2
0,0,0.35594493,6,2
1,1,0.98322695,6,2
0,1,0.80627775,9,2
1,1,0.8470777,1,1
1,1,0.7697786,1,2
0,0,0.0065385588,8,2
0,0,0.00022215015,6,2
0,0,0.06842093,9,1
1,1,0.9551728,1,2
0,0,0.15888537,9,2
0,0,0.00090337626,1,2
0,0,0.27760008,2,1
0,0,0.00070579525,6,2
0,0,0.022544317,6,1
0,1,0.9130912,9,1
0,0,0.029924626,1,2
1,1,0.8166814,1,2
0,0,0.3715223,9,1
1,0,0.2557408,1,2
0,0,0.48493245,6,2
0,1,0.6769394,1,2
0,1,0.59554344,1,2
1,1,0.9403583,9,1
1,1,0.91697353,6,2
0,0,0.071045324,9,2
0,1,0.8661924,8,1
0,0,0.34395486,9,1
1,1,0.71798784,8,1
1,0,0.1315343,3,1
1,1,0.96452963,1,1
1,1,0.94704413,6,1
0,1,0.75585335,1,2
0,1,0.8963934,6,2
1,1,0.6642753,1,1
0,0,0.003450766,1,2
1,1,0.5110467,6,2
0,0,0.06501837,1,1
0,0,0.17386408,1,2
1,1,0.97102386,6,2
1,1,0.98972684,9,1
1,1,0.9429336,1,1
1,1,0.995933,1,1
1,1,0.6267352,9,1
1,1,0.84713537,6,1
0,0,0.11710872,2,2
0,0,0.020323712,2,1
1,1,0.80955833,6,2
0,0,0.10988831,9,2
0,0,0.0018611914,6,2
0,0,0.12711628,8,2
0,0,0.00015509487,9,1
0,0,0.3859192,2,2
1,1,0.88684,6,2
0,0,0.05879591,9,2
0,0,0.26524827,1,2
0,0,0.17151465,6,1
0,0,0.0049314997,8,2
1,1,0.96831053,1,1
1,1,0.99501204,6,1
1,0,0.1788323,9,1
0,1,0.62232697,1,2
0,0,0.16936246,8,2
0,0,0.052360956,1,2
0,0,0.0028168636,1,2
1,1,0.83742046,1,2
0,0,0.00019713596,1,2
0,0,7.985198e-05,2,1
1,1,0.94358844,6,1
0,0,0.45496112,1,2
1,1,0.93682224,1,1
0,0,0.03027029,8,1
1,1,0.88690275,1,1
0,0,0.2906009,2,2
1,1,0.9923477,1,1
0,1,0.5387197,1,2
0,0,0.0037174574,1,2
1,1,0.68868816,9,2
1,0,0.20946972,8,1
0,0,0.010929454,8,1
1,1,0.56181765,1,1
0,0,0.17765339,6,1
0,0,0.016376043,1,2
0,0,0.09539705,8,2
1,1,0.8587493,1,1
1,1,0.94379354,1,2
0,0,0.0045125573,9,1
0,0,0.0016177663,6,2
1,1,0.9950494,1,2
1,1,0.93113613,6,1
0,0,0.070845634,6,2
1,1,0.9821547,1,1
1,1,0.9608866,1,2
0,0,0.00029978695,1,2
0,0,0.0074496246,8,2
1,1,0.84409326,9,2
1,1,0.8853599,1,2
0,0,0.054889854,9,1
0,1,0.8592569,6,1
1,0,0.37450045,1,1
1,0,0.3892319,1,1
0,0,0.052601427,9,2
0,0,0.0013443949,1,1
1,1,0.94719326,6,1
1,1,0.9667026,1,1
0,0,0.21355578,9,1
1,1,0.96841174,1,1
0,0,0.1911789,1,1
0,0,0.0032288362,6,1
0,0,0.003704151,8,1
1,1,0.82101953,1,2
1,1,0.79309464,1,2
1,0,0.48804992,1,1
0,0,0.28451535,8,1
0,0,0.014019912,8,2
0,0,0.00044391613,6,1
1,1,0.94824976,1,1
0,0,0.2494324,2,2
0,0,0.31295487,6,1
1,1,0.73290753,6,1
0,1,0.7695595,8,2
0,1,0.9222051,1,2
1,0,0.18049625,1,1
0,0,0.11648555,1,2
1,1,0.978999,9,1
1,1,0.6503641,8,1
0,0,0.06925887,9,2
1,0,0.20538293,9,1
0,1,0.733815,1,1
1,1,0.9988696,6,2
0,0,0.017791094,9,2
0,1,0.9069377,1,2
0,0,0.26705363,8,2
1,0,0.43864974,9,2
0,1,0.8883369,1,2
1,1,0.89689934,9,2
1,1,0.9080963,1,2
1,1,0.6592593,9,1
0,0,0.01822586,1,2
0,0,0.46267694,3,2
1,1,0.9288986,6,1
0,0,0.34622997,1,2
1,0,0.0629971,9,1
1,1,0.98304594,6,2
0,0,0.14531673,8,1
1,1,0.9363497,1,1
0,0,0.015283051,2,2
0,0,0.024221627,9,1
0,0,0.03515431,9,1
1,1,0.812599,1,2
0,0,0.09052689,6,1
0,0,0.013416112,6,1
1,1,0.9034602,1,1
0,0,0.2827859,9,1
1,1,0.6668321,8,2
1,1,0.7081852,2,2
1,1,0.9781578,1,1
1,1,0.81859356,1,2
1,1,0.83610773,1,1
0,0,0.0033534244,8,2
1,1,0.72197455,1,2
1,0,0.20105276,1,2
1,1,0.95606524,1,1
0,0,0.28195655,8,2
1,1,0.53893274,6,1
0,0,0.12869474,8,1
1,1,0.6789045,1,2
1,0,0.22830305,6,2
0,0,0.062500484,8,1
0,0,0.33857334,8,2
0,0,0.017134065,8,1
1,1,0.86380017,8,1
0,0,0.42359743,1,2
1,1,0.92125005,6,2
1,1,0.6346879,1,2
0,0,0.021874476,9,2
1,1,0.9981192,6,2
0,0,0.46911404,1,2
1,1,0.6422311,1,1
1,0,0.32845265,8,2
0,0,0.30790764,1,1
1,1,0.7062762,1,1
0,0,0.33334717,6,2
1,1,0.9260014,1,2
0,0,0.036385573,6,2
1,1,0.77421486,1,1
1,0,0.017630681,6,2
0,0,0.025627282,9,1
0,0,0.27832437,6,2
1,1,0.80733585,1,1
0,0,0.25249466,1,2
1,0,0.3734305,6,1
1,1,0.7364719,1,1
1,1,0.90732086,6,1
0,1,0.6306256,9,1
0,0,0.21870206,8,1
0,0,0.3747891,6,1
1,1,0.94105613,1,2
1,1,0.9785766,1,1
1,1,0.76087105,1,2
0,1,0.8931875,6,2
0,0,0.088706225,8,1
1,1,0.8424112,2,1
0,0,0.41466227,1,2
1,1,0.98593116,9,2
0,1,0.6892646,1,1
0,0,0.03521752,8,2
1,1,0.9480593,6,1
0,0,0.03472067,8,2
0,0,0.07755314,2,1
1,1,0.9462929,1,1
0,0,0.17801732,6,2
1,1,0.8995207,1,2
1,1,0.9110572,1,1
1,1,0.5343116,6,1
1,1,0.68835783,1,2
1,0,0.38564485,6,2
1,1,0.9854048,1,1
0,0,0.038121257,3,1
0,0,0.11229681,9,1
1,0,0.3814667,1,1
0,0,0.003430295,9,2
0,0,0.123720296,1,1
1,1,0.99738294,8,1
0,0,0.13772456,9,1
1,1,0.9942287,1,1
1,0,0.07490163,1,1
1,1,0.71888644,2,2
1,0,0.0368039,8,1
1,1,0.99102706,6,2
1,1,0.7468125,1,1
1,1,0.9576091,1,2
0,0,0.0032415327,9,1
0,1,0.8404834,8,2
0,0,0.03098979,9,2
1,1,0.9105131,6,2
1,1,0.9680176,1,1
0,0,0.0014596483,1,1
0,1,0.92130196,8,1
1,1,0.7613204,6,1
0,0,0.3456375,6,1
0,0,0.0015932606,8,2
0,0,0.2956842,6,1
1,1,0.65260863,8,1
1,1,0.55655664,9,1
1,1,0.93125457,6,1
1,1,0.96433884,1,1
1,0,0.34843716,1,1
0,0,0.00083269016,1,1
0,0,0.005633627,6,1
0,1,0.7215544,1,2
0,0,0.0127916755,9,1
1,1,0.9621669,1,1
0,0,0.01000158,8,1
0,1,0.8628691,2,1
1,1,0.9780211,9,1
1,1,0.73034894,1,2
1,0,0.44344518,1,2
1,1,0.979882,1,1
0,0,0.14752032,2,1
0,1,0.6353026,6,1
1,1,0.9217803,1,1
1,1,0.8082853,1,1
0,0,0.052157965,8,2
1,0,0.21730253,1,1
0,0,0.38757893,1,2
0,0,0.008480085,8,1
1,1,0.9882908,6,1
1,1,0.90101874,6,2
1,1,0.8232364,9,1
1,0,0.14005427,8,1
0,0,0.230401,9,1
0,0,0.097257584,8,1
0,0,0.021356752,6,1
0,0,0.00875414,8,2
1,0,0.40035677,8,1
0,0,0.057855483,1,1
0,0,0.09955452,8,2
1,1,0.97956026,1,2
1,1,0.92166597,6,2
0,0,0.0025465654,1,2
1,0,0.308591,9,1
0,0,0.012384549,9,1
0,0,0.224678,9,2
1,0,0.46224207,1,2
1,1,0.9009818,1,1
0,0,0.10903375,9,1
0,0,0.1574633,9,1
0,0,0.034189127,6,2
1,1,0.7880518,9,2
1,0,0.2726952,1,1
0,0,0.16063565,8,1
0,0,0.0032681718,1,2
1,1,0.90579176,6,2
0,1,0.94457406,1,2
0,0,0.008879975,6,2
0,0,0.07231354,1,2
0,0,0.15705316,8,2
1,1,0.8243538,1,2
0,0,0.002412414,8,2
0,0,0.001759003,2,2
1,1,0.9729475,6,1
1,0,0.44471443,8,1
0,1,0.5266002,1,2
0,0,0.10969102,8,2
0,1,0.82373285,6,2
0,0,0.15370557,8,1
1,1,0.9807475,1,1
0,0,0.13140573,1,1
1,1,0.9869399,1,1
0,0,0.17191635,6,1
0,0,0.09681948,6,1
1,1,0.9406787,1,2
1,1,0.9629343,2,2
0,0,0.13689399,9,1
0,0,0.017368013,9,2
0,1,0.5116053,2,1
0,0,0.32394847,6,1
1,1,0.89521664,9,2
1,1,0.98032975,1,2
1,1,0.7526926,2,2
0,0,0.0019595462,8,2
0,0,0.11821729,6,2
1,1,0.9149418,1,1
1,1,0.91477114,1,2
0,1,0.82211626,6,2
1,1,0.88632715,6,1
0,0,0.21252632,6,2
1,1,0.70324904,1,2
0,0,0.3115934,1,1
1,1,0.9917755,6,1
0,1,0.9498622,1,2
1,1,0.97682786,1,1
0,1,0.8808516,1,1
1,1,0.6674846,1,1
0,0,0.061505765,1,2
1,1,0.75548804,6,2
0,0,0.035831224,9,1
1,0,0.1433803,8,2
1,0,0.28235373,9,2
1,1,0.96601814,1,2
1,1,0.80538887,9,1
0,1,0.6406283,9,2
0,0,0.047710452,8,1
0,0,0.13995303,8,2
1,1,0.8278756,1,1
1,1,0.7983243,1,2
0,0,0.019627023,1,2
1,1,0.91881555,1,1
1,1,0.8013593,6,2
1,1,0.69688666,1,1
0,1,0.61021644,1,1
0,0,0.4495259,6,2
0,0,0.0051836576,6,2
1,0,0.33641168,2,2
1,1,0.9317702,1,1
0,0,0.023468902,5,2
1,1,0.97971857,9,1
0,0,0.0019856696,8,2
0,0,0.46296176,1,2
0,0,0.004913475,9,1
1,1,0.8981068,9,1
0,0,0.14498049,9,1
0,0,0.19800632,8,1
0,0,0.13480662,9,1
1,1,0.6375079,8,2
0,0,0.096779235,8,1
1,1,0.9586219,1,1
1,1,0.97867364,1,1
1,0,0.2060533,8,1
1,1,0.6560593,6,2
0,0,0.2002631,1,2
0,0,0.3905472,9,1
1,0,0.43821093,8,2
0,0,0.18651184,8,2
0,1,0.86937535,1,1
1,1,0.98303485,1,1
0,0,0.16040674,6,1
1,1,0.9470462,1,1
0,0,0.0015234287,8,1
1,1,0.6050122,9,2
1,1,0.9498326,9,1
1,1,0.96967167,1,1
1,1,0.89050215,6,1
1,1,0.8029435,9,2
1,1,0.7251829,1,2
0,0,0.06811142,8,2
1,1,0.6429277,1,2
1,0,0.48500237,1,2
0,0,0.012004902,1,1
1,1,0.78891015,6,2
1,0,0.39695016,6,1
1,0,0.303516,8,1
0,0,0.14295714,9,1
1,1,0.61627966,9,1
0,0,0.4122857,6,2
0,0,0.0012034172,9,1
0,0,0.01695014,1,1
1,1,0.69239134,1,1
0,0,0.35960433,8,1
0,0,0.0003384542,1,2
1,1,0.9331551,6,2
0,0,0.17926733,9,1
0,0,0.24011913,9,1
0,0,0.07835866,6,1
1,0,0.06829474,6,2
0,0,0.00097255927,1,1
0,0,0.4449711,6,2
1,0,0.32666454,1,1
1,0,0.26258603,9,1
0,0,0.010980748,8,1
0,0,0.055616636,9,1
1,0,0.2532187,6,2
1,1,0.93940043,9,1
0,0,0.08472,8,1
0,0,0.085446045,6,2
0,0,0.10563352,1,1
1,1,0.9229794,8,1
1,1,0.9965628,6,1
0,0,0.00016177564,9,1
1,1,0.87362623,1,2
1,1,0.93709266,6,1
0,1,0.60426533,8,1
1,1,0.9321296,1,1
1,1,0.9845852,9,1
0,0,0.2443876,9,1
1,1,0.602651,8,1
1,1,0.99239445,1,1
1,1,0.9083102,1,1
0,1,0.626976,9,1
0,1,0.98825794,1,1
1,1,0.8010905,1,1
0,0,0.034013655,1,1
0,0,0.29022962,6,1
0,0,0.011095822,3,2
0,0,0.0051411204,8,1
1,1,0.91123253,1,1
1,1,0.8399366,1,2
1,1,0.84926075,1,1
0,1,0.5104381,1,1
1,1,0.9137097,1,2
0,0,0.045868494,9,1
1,1,0.96889305,1,2
0,0,0.07173892,8,2
1,1,0.86294997,1,2
0,1,0.5124535,8,1
0,0,0.23533568,8,1
0,0,0.011180113,8,2
0,0,0.18918689,1,1
0,0,0.25379544,8,2
1,1,0.80404973,1,2
0,0,0.05720814,8,2
0,0,0.039616797,8,2
0,0,0.23992568,8,1
0,0,0.40734828,1,1
0,0,0.25220937,1,2
0,1,0.51962996,1,1
1,0,0.11703607,1,2
1,1,0.9699111,1,2
0,0,0.2870616,1,1
1,1,0.97242224,8,1
0,0,0.2097117,9,2
0,0,0.2535469,8,1
1,1,0.69395405,6,2
1,0,0.32366714,8,1
0,0,0.042084746,6,1
0,0,0.07291415,9,1
1,1,0.9885606,1,1
0,0,0.25347626,1,2
1,0,0.14967813,8,1
0,0,0.21462,6,1
1,1,0.82642853,6,2
0,0,0.04079236,1,2
1,1,0.74979705,1,1
1,1,0.9401241,1,1
1,1,0.93410546,1,1
0,0,0.0651618,6,2
1,1,0.62018263,8,1
1,1,0.9785917,1,1
1,0,0.4891,8,1
0,0,0.03896215,8,1
0,0,0.051552035,8,1
0,0,0.1069012,1,1
0,0,0.010872744,8,1
0,1,0.85977405,9,2
1,1,0.78107226,1,1
0,0,0.014689507,6,2
1,1,0.79387134,1,2
0,0,0.48947164,1,1
0,0,0.03494735,8,2
1,1,0.97847885,6,1
0,0,0.02450687,9,2
1,1,0.66882086,6,2
0,0,0.34963632,5,2
0,0,0.035787366,8,1
0,0,0.17376937,1,2
1,1,0.97480845,1,1
1,1,0.8642083,1,1
0,0,0.0068818736,8,2
1,1,0.6973874,1,1
0,0,0.2315003,8,1
1,0,0.3531034,9,2
1,1,0.69652516,1,1
0,0,0.4765671,1,2
1,1,0.51073575,1,1
0,0,0.049686074,8,2
1,1,0.51072824,3,2
1,1,0.79348445,1,2
1,1,0.86159074,1,2
1,1,0.9568936,1,1
1,1,0.58229816,1,2
0,0,0.043786395,8,2
0,0,0.041655004,8,1
1,1,0.9654078,6,1
1,1,0.6008986,1,2
0,0,0.0056592454,9,1
0,0,0.069878,1,2
1,1,0.9384111,1,1
0,0,0.35701388,1,1
1,0,0.43250424,1,2
1,1,0.8230086,1,1
1,1,0.99570787,2,1
0,1,0.734315,1,2
1,1,0.9878413,6,1
0,1,0.9417172,6,2
0,0,0.047485385,8,2
0,1,0.7646978,9,1
0,0,0.03364987,8,2
0,0,0.2819247,9,1
1,1,0.87610525,1,2
0,0,0.017746262,8,2
0,0,0.002411598,6,1
0,0,0.055640668,8,2
0,0,0.038219165,1,1
1,1,0.9788448,1,2
1,1,0.84280956,8,2
0,1,0.59116036,1,2
0,0,0.36765292,1,1
1,1,0.77150095,6,2
1,1,0.95933056,9,2
1,1,0.97570395,1,1
0,0,0.07893291,8,2
1,1,0.75904,1,1
0,0,0.43985525,3,2
0,0,0.00053053454,3,1
1,1,0.99473035,9,1
0,0,0.016226314,6,1
0,0,0.028621724,8,2
0,0,0.12508604,6,1
0,1,0.66614527,8,1
1,1,0.98508203,9,1
1,1,0.991597,1,1
0,0,0.07387085,2,1
1,1,0.6129885,1,2
0,0,0.00019822181,8,1
1,0,0.41808102,2,1
1,0,0.34678164,1,2
1,1,0.72582185,8,1
1,1,0.94706625,2,2
1,1,0.58148175,1,2
1,0,0.38287747,2,2
1,0,0.21630713,8,1
0,0,0.17957924,1,2
1,1,0.7156579,1,1
0,0,0.121234655,9,2
0,0,0.0072139055,9,2
0,0,0.14805785,8,1
0,0,0.01650607,3,2
0,0,0.089272395,8,2
1,0,0.3347331,2,2
1,1,0.83126,1,2
1,1,0.8223059,2,2
1,1,0.8267811,6,1
0,1,0.5787051,1,1
1,1,0.8603208,1,2
0,0,0.07612368,6,1
0,0,0.0072602406,8,2
1,1,0.91090757,6,1
1,1,0.8100822,6,1
0,0,0.2406692,9,1
1,1,0.94366,1,1
1,1,0.7950319,6,1
0,0,0.2902988,1,1
0,1,0.72710717,6,1
1,1,0.8325733,1,2
0,0,0.04857239,1,2
0,0,0.057347734,9,1
0,0,0.0071770893,6,2
1,1,0.5253208,9,2
1,1,0.82588255,6,1
1,0,0.48882407,2,1
0,0,0.03720818,9,2
0,0,0.00079892675,8,2
0,0,0.15884013,8,1
0,0,0.4342863,6,1
1,0,0.28597882,1,1
0,0,0.013541032,9,1
1,1,0.54110014,9,1
0,0,0.026638895,1,1
0,0,0.03234432,6,1
0,1,0.78972757,6,2
1,1,0.94208866,6,2
0,0,0.16259225,8,2
1,1,0.9453038,1,2
0,0,0.012295099,8,2
1,0,0.49757767,9,2
0,0,0.07467836,3,1
0,0,0.12668118,9,2
1,1,0.6300382,1,1
0,1,0.82012296,9,1
0,1,0.59488916,8,2
0,0,0.036741357,1,2
1,1,0.98984164,1,1
1,1,0.913954,6,2
0,0,0.032160807,2,1
1,1,0.7708859,9,2
1,1,0.94851995,1,1
0,0,0.1272382,7,2
0,1,0.5076254,1,2
0,0,0.2998369,1,2
1,1,0.8337793,9,2
1,1,0.5637704,1,1
1,1,0.89530903,1,2
1,1,0.9201418,6,2
1,1,0.939356,6,1
1,1,0.91893184,1,1
1,0,0.067686796,2,1
0,1,0.92418426,1,2
0,0,0.09703705,8,1
1,0,0.11865282,9,2
0,1,0.67784667,3,1
1,1,0.66010016,1,1
1,1,0.9545693,1,1
0,0,0.39852104,1,2
0,0,0.0024018965,8,2
0,1,0.7072047,6,1
0,0,0.4434136,6,1
0,0,0.002502707,2,1
0,0,0.2378362,6,1
0,0,0.062521726,6,2
0,0,0.063844144,9,2
0,1,0.6411025,6,1
0,0,0.014561394,1,2
0,0,0.04174314,9,2
1,1,0.94432753,9,2
1,1,0.930697,6,1
1,1,0.9949544,1,2
0,0,0.21755463,1,1
1,0,0.0703419,1,1
0,1,0.8313355,6,2
0,1,0.80518323,1,1
0,0,0.19069442,2,2
1,1,0.9078539,1,2
0,0,0.0570067,8,1
0,0,0.26095608,9,2
0,0,0.01136555,9,1
0,0,0.00036879876,1,1
1,0,0.18280625,9,2
1,1,0.9780717,1,1
1,1,0.9569103,1,1
1,1,0.99635977,9,1
1,1,0.62725544,9,2
1,1,0.78115517,2,2
0,0,0.07918046,1,2
0,0,0.09776979,8,1
1,1,0.7122038,8,2
0,0,0.026660994,9,1
0,0,0.060426306,1,1
0,0,0.0038269514,6,2
0,1,0.60157067,1,1
0,0,0.44573122,1,1
0,1,0.56083155,1,1
1,0,0.2126247,9,2
0,0,0.046019454,8,1
0,0,0.34847638,9,2
1,1,0.97115976,2,1
0,0,0.07356742,8,1
0,1,0.6005975,6,2
0,0,0.10731015,9,2
1,1,0.9624983,1,1
1,0,0.13122617,1,2
1,1,0.99325037,1,1
1,1,0.80838495,1,2
0,0,0.005553808,9,2
1,1,0.8088928,1,1
1,1,0.6507254,9,1
1,0,0.38285905,6,1
1,1,0.9098361,8,2
1,1,0.96827054,8,1
0,0,0.115641624,9,2
0,0,0.028707843,8,1
1,1,0.7863337,9,1
1,1,0.83763736,6,2
0,0,0.015731698,8,2
0,1,0.82852536,1,2
0,0,0.33602396,8,2
0,0,0.003120931,8,2
1,0,0.36133003,8,1
0,0,0.4824403,9,1
0,0,0.011470332,6,2
1,0,0.36432615,8,2
1,1,0.66866153,8,1
1,1,0.9708655,6,2
0,0,0.28624848,6,1
1,1,0.5111465,1,2
1,1,0.86371577,1,1
0,0,0.02203417,1,2
1,1,0.5844187,1,2
0,1,0.8962257,1,2
0,0,0.098854005,9,1
0,0,0.10904396,9,2
0,0,0.48736623,9,2
1,1,0.9873138,1,1
0,0,0.3448396,1,1
1,1,0.97631615,6,2
1,1,0.88670164,6,1
0,1,0.80371404,2,2
1,1,0.8342093,6,2
0,0,0.16226788,1,2
0,0,0.10397542,1,2
0,0,0.08899577,8,2
0,0,0.24148224,1,2
1,1,0.64582443,1,1
1,1,0.86887306,6,1
0,0,0.28564993,1,2
1,1,0.93424374,6,2
0,0,0.006829587,9,2
1,1,0.7088625,1,2
0,0,0.050014872,9,2
0,0,0.034483217,2,1
1,1,0.95670426,1,1
0,0,0.29613945,1,2
0,0,0.03738534,1,2
0,1,0.5442985,1,1
1,1,0.93763334,1,1
1,1,0.8725341,1,1
1,1,0.90271777,1,1
1,0,0.17225099,8,1
1,1,0.96704817,9,1
1,1,0.54566413,6,2
0,1,0.6970534,8,1
1,0,0.49479944,9,1
0,0,0.0007201888,8,1
0,0,0.12001505,6,2
1,1,0.7723543,6,1
1,1,0.97795516,6,2
0,1,0.6900253,6,1
1,1,0.9172511,1,2
1,1,0.9729494,1,1
0,0,0.2636026,8,2
0,1,0.7653625,1,2
0,0,0.3036699,6,1
0,0,0.1670336,1,2
0,0,0.0085916165,8,1
1,1,0.9625117,1,1
1,1,0.9647607,6,1
1,1,0.82173115,1,1
1,1,0.9326168,6,1
0,1,0.62454236,8,2
0,0,0.096216366,1,2
0,0,0.076044686,1,2
1,1,0.91436756,8,1
1,1,0.8383182,1,2
1,1,0.96423453,9,2
1,1,0.8337687,9,1
1,1,0.78996056,1,1
0,0,0.19227295,1,2
0,0,0.008240586,2,2
0,0,0.0056638597,5,2
1,1,0.94703865,6,1
1,0,0.41634116,1,2
0,1,0.62046146,1,1
0,0,0.019967895,8,2
1,0,0.39024514,6,2
0,0,0.120043784,6,1
0,0,0.06134519,1,1
1,0,0.32502383,8,1
1,1,0.9545444,1,2
1,1,0.75127345,1,1
1,1,0.7178491,6,2
1,1,0.95269716,6,2
0,0,0.045525074,9,1
0,1,0.84867936,9,1
1,1,0.9001336,6,1
0,1,0.51635617,6,1
1,1,0.9565622,6,2
0,0,0.16195707,6,1
0,0,0.49640933,1,2
0,0,0.100418106,1,2
0,1,0.5823111,6,1
1,1,0.87301826,1,1
0,0,0.006524715,8,2
0,0,0.014488757,1,1
1,1,0.97440886,1,1
1,1,0.7776011,8,1
1,0,0.34434685,6,1
0,0,0.22844729,8,1
0,0,0.101441704,8,1
1,1,0.59971756,6,2
0,0,0.090659335,6,2
0,0,0.11514262,9,2
0,0,0.023066629,8,2
1,1,0.59613746,9,1
1,1,0.5999224,9,2
1,1,0.95335305,8,1
1,1,0.97157896,6,1
1,1,0.8520477,9,2
0,0,0.29028973,1,1
0,0,0.29803267,8,2
1,1,0.56867945,1,2
1,1,0.8860316,2,1
1,1,0.67104495,8,2
1,1,0.8799559,1,1
1,1,0.5788469,1,2
0,0,0.20917512,8,2
0,0,0.1304255,1,2
1,1,0.6220638,6,2
0,0,0.15639801,1,2
1,1,0.96856064,1,1
0,1,0.6970515,6,1
1,0,0.4776274,1,1
0,0,0.011434115,9,1
0,0,0.07877424,6,2
1,1,0.960552,1,1
1,1,0.9429836,1,1
1,1,0.8357959,1,2
1,1,0.7451076,8,2
0,0,0.10333724,8,1
0,0,3.221091e-05,6,2
0,0,0.30606988,1,1
0,1,0.802261,1,1
0,0,0.1606745,9,1
1,1,0.86754954,6,2
0,0,0.03137448,1,1
0,0,0.021018613,8,1
1,0,0.29191384,6,1
1,1,0.8731802,9,1
0,0,0.030209493,1,1
1,1,0.77687883,1,2
1,1,0.75290847,1,1
0,0,0.18622212,8,1
0,0,0.030805968,6,2
1,1,0.8919806,6,1
1,1,0.88263285,8,2
1,1,0.992722,6,2
1,0,0.17976207,9,2
0,0,0.06309104,8,1
1,1,0.81796134,1,1
1,1,0.5561425,8,2
1,1,0.61509216,9,1
0,0,0.12538123,8,2
0,0,0.15442166,9,1
1,1,0.978235,1,1
0,0,0.13414897,8,1
1,1,0.8602811,9,2
1,1,0.64693975,6,2
1,1,0.8715772,1,1
1,1,0.8207839,1,2
0,0,0.49432814,8,1
0,0,0.07091727,6,1
0,0,0.011997127,9,2
1,1,0.9117916,2,1
1,0,0.05281128,8,1
0,0,0.15924887,8,1
1,0,0.17375898,6,2
1,1,0.93903023,6,2
1,1,0.9605621,6,2
1,1,0.94384295,6,2
1,1,0.7427029,1,1
0,0,0.20101352,1,1
0,0,0.19622825,9,2
1,1,0.64336854,1,1
1,0,0.21472433,1,2
0,0,0.0004580716,8,2
1,1,0.7481111,1,2
1,1,0.54682034,1,2
1,0,0.35312355,8,1
1,1,0.8661903,6,2
1,1,0.87258655,6,1
0,1,0.63671744,9,1
0,0,0.022436388,9,2
0,1,0.9760376,9,1
0,0,0.07796259,6,1
0,1,0.7037762,9,2
1,1,0.5616328,1,2
1,1,0.9481772,1,1
0,0,0.17134295,1,2
0,0,0.36933967,1,2
1,1,0.7602562,1,1
0,0,0.46416393,9,1
0,0,0.051222224,8,2
1,1,0.8919176,3,2
1,1,0.60419196,6,2
0,1,0.5499539,1,1
0,0,0.3024907,8,1
1,1,0.9832729,1,1
1,1,0.57562673,6,2
1,0,0.40913314,1,2
1,1,0.9917319,1,2
0,1,0.51469,1,1
1,1,0.83172476,1,1
1,1,0.7937637,9,2
0,0,0.40293497,1,1
0,0,0.3477377,2,1
0,0,0.15754837,8,1
0,0,0.06289019,1,2
1,1,0.94036144,1,1
0,1,0.84968823,9,2
0,1,0.5930007,1,2
1,1,0.93952245,6,2
0,0,0.037983336,9,2
1,0,0.44182837,8,1
0,0,0.14320236,1,1
1,1,0.62505627,8,1
1,1,0.8638878,9,2
1,0,0.18711099,1,2
1,1,0.9304075,1,1
1,1,0.9134158,8,1
0,0,0.31947947,9,1
1,1,0.9121648,6,2
1,1,0.9595858,8,1
0,0,0.06883715,8,1
0,0,0.07862236,1,2
0,0,0.07610516,9,2
1,1,0.93590665,1,1
1,1,0.9221805,1,2
0,0,0.025108643,1,2
1,1,0.99401456,1,1
1,1,0.8563058,8,2
1,1,0.57895327,9,1
0,1,0.63015383,8,1
1,0,0.30095452,8,2
1,0,0.33882865,8,1
0,0,0.1814978,1,1
1,0,0.42489704,1,2
0,1,0.84606606,1,1
1,1,0.9616771,1,1
0,0,0.0034867479,1,1
0,0,0.0033353674,8,1
1,1,0.8490834,1,1
0,0,0.016439084,6,1
1,1,0.9462964,1,1
0,0,0.015001827,8,2
1,1,0.5240939,1,1
1,1,0.9967145,9,1
1,1,0.717052,1,1
1,0,0.36317578,1,2
0,0,0.45741123,9,1
1,1,0.63077,6,2
1,1,0.9797829,1,1
1,1,0.745806,8,1
0,0,0.012498195,8,2
0,0,0.0039956663,9,1
1,1,0.9710631,9,1
0,0,0.22045827,9,2
0,0,0.012066477,3,1
0,0,0.04976187,9,2
0,0,0.127514,1,1
1,1,0.50567186,9,1
0,0,0.0016023346,9,2
1,1,0.98964113,1,2
1,1,0.9309097,1,1
0,0,0.0033388692,1,2
1,0,0.39827037,7,2
0,1,0.7742863,1,2
1,0,0.030404132,9,1
0,0,0.2336946,1,1
1,1,0.93360925,6,2
0,0,0.32002273,9,1
1,0,0.42616037,9,1
1,1,0.9833983,6,1
0,0,0.0076589244,8,2
1,0,0.003716871,9,2
1,1,0.9957889,1,1
0,0,0.000522412,8,2
1,1,0.9715574,1,1
0,0,0.038662445,9,1
0,0,0.23975937,8,2
1,1,0.80055106,1,1
1,1,0.82228273,8,1
0,0,0.42752594,6,1
0,0,0.066621415,8,1
1,1,0.8469846,1,2
1,1,0.75788313,6,1
0,1,0.9012945,1,2
0,0,0.0779092,8,1
1,1,0.96998805,9,1
1,0,0.08835514,1,1
0,0,0.35191384,9,1
1,1,0.84939456,2,1
0,0,0.0028207814,8,2
1,1,0.91283524,6,2
1,1,0.93392795,1,2
0,0,0.1480789,9,2
1,1,0.9264828,1,2
0,0,0.0011308602,8,2
0,0,0.025924055,1,2
1,1,0.7935832,6,2
0,1,0.7511524,1,1
0,0,0.109316684,6,2
1,1,0.8116611,9,1
0,0,0.028424514,9,2
0,0,0.023051139,6,1
1,1,0.9888736,1,2
0,0,0.0170012,9,2
1,1,0.96333194,1,2
1,1,0.9966181,6,1
1,1,0.9816664,1,2
0,0,0.24629715,9,2
1,1,0.9915501,6,2
0,0,0.2516379,8,1
1,0,0.43829918,1,2
0,0,0.17715408,9,2
1,1,0.947649,1,2
0,0,0.022291645,8,2
0,0,0.0047964323,1,1
1,1,0.9972474,1,1
0,0,0.050853256,8,1
0,0,0.01979086,1,2
1,1,0.85181755,6,1
1,1,0.6717475,8,2
1,1,0.86750066,9,1
1,1,0.88083756,1,2
1,1,0.98425496,1,2
0,0,0.20436841,1,1
0,0,0.22082716,9,1
0,0,0.0023789767,3,1
1,1,0.682596,8,1
0,0,0.11738557,9,1
0,0,0.111406565,6,2
0,0,0.019946715,6,1
0,0,0.26909107,8,1
1,1,0.62990355,9,2
0,0,0.011213387,1,2
0,0,0.02971602,1,1
1,1,0.96922845,1,2
0,1,0.7834299,7,1
0,0,0.047310542,8,2
1,1,0.5605062,9,1
0,1,0.74928737,9,2
0,0,0.09594141,1,2
0,0,0.016812583,1,2
1,1,0.98458153,1,2
1,0,0.4332635,1,2
0,0,0.06365457,1,2
0,0,0.0018006517,9,1
0,0,0.0968072,6,2
0,1,0.76718336,2,2
1,1,0.64317375,1,2
0,0,0.22527494,1,1
0,0,0.17721595,1,2
0,0,0.00049108575,8,1
1,1,0.7571344,1,1
1,0,0.47557238,1,1
0,0,0.011359743,8,2
0,0,0.4860779,2,2
1,1,0.53063786,1,1
0,0,0.37996992,8,1
0,0,0.021889647,8,2
1,1,0.92363536,6,2
1,1,0.80746245,9,1
0,0,0.0113345,9,1
1,0,0.09025874,1,2
1,0,0.33194017,1,1
0,0,0.009254349,1,1
0,0,0.0038653298,9,2
1,0,0.14855726,9,1
1,1,0.9546161,1,2
0,0,0.049540818,9,1
1,0,0.4022853,1,2
0,0,0.006079193,1,2
0,0,0.068613745,1,2
1,1,0.8077711,9,1
0,0,0.058448154,8,1
0,0,0.013097767,8,2
0,1,0.9114591,6,1
0,0,0.24844122,1,1
0,1,0.6511333,1,1
0,1,0.8021028,1,1
1,1,0.5112458,8,2
1,1,0.8813943,1,1
1,1,0.87610525,1,2
0,0,0.11242499,1,2
1,1,0.70534855,1,1
0,0,0.03165928,8,2
1,1,0.6633075,1,2
0,1,0.74510235,1,1
0,1,0.7593355,9,2
0,1,0.83179015,8,1
1,1,0.53352,9,2
0,1,0.71291375,6,2
0,0,0.37671387,8,1
0,1,0.98513246,6,2
1,1,0.97122574,1,2
1,0,0.415649,2,2
1,1,0.6375087,9,2
1,0,0.083498836,8,1
0,0,0.0033264915,1,1
1,1,0.94308084,9,2
0,0,0.0030757308,1,2
0,0,0.2675414,8,2
1,1,0.98179585,6,1
0,0,0.03355182,3,1
0,0,0.08795255,1,2
1,1,0.69245625,1,2
0,0,0.021352446,6,2
1,1,0.99278486,1,1
1,1,0.99806494,1,1
1,1,0.98063964,1,1
1,1,0.8637418,1,2
1,1,0.65835553,1,1
1,1,0.887134,1,1
1,1,0.8135214,6,2
0,0,0.05415465,8,1
1,1,0.90941906,1,2
0,0,0.31635964,6,2
1,1,0.8974622,1,1
0,0,0.42280233,6,2
1,1,0.982789,6,2
0,0,0.451807,8,2
0,0,0.31919712,1,2
1,1,0.90825826,6,1
1,1,0.8238014,9,1
0,0,0.023337321,3,1
0,0,0.10443285,8,2
1,0,0.29896772,6,1
0,0,0.012945132,1,2
0,1,0.6363664,8,1
1,1,0.60395414,1,1
1,0,0.07016051,8,1
1,0,0.42107692,1,1
0,1,0.5264249,1,1
0,1,0.7513309,8,1
1,1,0.52261,9,1
1,0,0.4051569,1,2
0,0,0.06927894,9,1
0,0,0.0077265506,8,1
1,1,0.63594884,8,1
1,1,0.9638742,6,1
1,1,0.99075466,1,1
0,1,0.6344506,9,1
1,0,0.10997082,1,2
0,1,0.9778946,9,1
1,0,0.42601457,1,2
1,1,0.5271336,1,2
1,1,0.58051217,1,1
1,1,0.92502034,1,2
0,0,0.359827,1,1
1,0,0.42958426,1,2
1,1,0.87283677,6,2
1,1,0.89313596,1,1
1,0,0.08235396,9,1
0,0,0.2375112,8,1
1,0,0.19985534,8,2
1,0,0.4018462,9,1
1,1,0.97701967,1,2
0,0,0.49694622,9,2
0,0,0.0021271412,1,2
0,0,0.14475784,1,2
0,0,0.03807412,8,2
1,0,0.401446,9,1
1,0,0.43779868,1,2
1,1,0.6451517,9,1
1,1,0.94093937,1,2
1,1,0.9674864,6,2
0,0,0.041076377,9,2
1,1,0.964364,8,1
0,1,0.5403233,1,2
1,1,0.6701677,1,2
1,1,0.8185527,6,2
0,0,0.07402568,9,2
0,0,0.09995621,9,1
0,0,0.1948118,9,2
1,1,0.74773365,6,1
1,0,0.35677907,8,2
1,1,0.68026376,8,1
0,0,0.0063181296,8,2
1,0,0.07198571,6,2
0,0,0.10874965,8,2
0,0,0.18852921,2,1
0,1,0.5388942,6,2
0,0,0.2077083,8,1
1,1,0.8653473,9,1
0,0,0.23274587,1,1
1,1,0.818777,6,1
0,0,0.0018076238,1,2
0,0,0.036325928,6,2
0,0,0.013990505,7,1
1,1,0.85150826,6,2
1,1,0.83453906,8,1
1,1,0.5179123,1,1
0,0,0.20701075,2,1
1,1,0.9665101,1,1
0,0,0.14263636,8,1
0,0,0.010149815,9,1
1,0,0.39390814,1,1
1,1,0.83260834,1,1
0,1,0.9697908,1,2
1,1,0.9264716,1,2
0,0,0.017557569,1,1
0,0,0.44111174,1,1
1,0,0.4963423,2,1
1,0,0.45401734,6,1
1,1,0.85078007,6,1
0,0,0.016014451,6,1
0,0,0.27080217,8,2
1,0,0.2580784,8,1
0,0,0.107232705,9,2
1,1,0.9450758,1,1
0,0,0.10384002,9,2
0,0,0.010584212,1,2
0,0,0.37182242,1,2
0,0,0.0049786516,9,2
1,0,0.28773558,6,2
1,1,0.79161024,1,2
0,0,0.00014724478,8,1
0,0,0.086707786,2,1
1,0,0.27650303,1,2
1,1,0.9628515,1,1
0,0,0.023162935,1,2
1,1,0.79643154,6,2
1,1,0.9475698,9,1
0,1,0.53973174,1,2
0,0,0.0019269822,9,1
0,1,0.968116,6,1
1,1,0.9349135,1,2
1,1,0.9978635,1,1
0,0,0.07515567,8,1
1,0,0.4680067,1,2
1,1,0.5946105,1,1
1,1,0.93333775,1,2
1,1,0.66463745,1,1
0,1,0.6951988,1,2
1,1,0.66916686,1,2
0,0,0.01924448,9,1
1,0,0.15931566,2,2
0,1,0.64451975,1,1
1,1,0.9599885,8,1
0,0,0.0031064379,3,2
1,1,0.60239094,1,2
0,0,0.24539419,6,2
1,0,0.06824295,9,1
0,0,0.00042102148,6,1
0,0,0.1755639,8,1
0,0,0.047621425,9,1
0,0,0.29390648,8,1
0,0,0.0014176645,1,2
0,0,0.42689836,9,1
0,1,0.7595862,1,2
0,0,0.1674006,1,2
0,0,0.30049738,1,2
1,0,0.02463851,6,1
0,1,0.65655255,3,2
1,1,0.95552385,6,1
0,0,0.034813628,1,2
1,1,0.98437226,1,1
1,1,0.92404777,6,2
1,1,0.5582608,8,2
1,1,0.8977394,9,1
0,1,0.6072467,8,1
0,0,0.21500501,1,2
1,1,0.99624497,1,1
1,1,0.99279404,9,1
0,1,0.7636577,6,1
0,0,0.024559017,8,1
0,0,0.05932221,1,2
0,0,0.00041258647,1,1
1,1,0.89152706,1,1
0,1,0.81080216,1,2
1,0,0.31684417,9,1
1,1,0.6229135,8,1
0,0,0.37955737,1,2
0,1,0.90251315,9,2
1,0,0.31197813,9,1
0,0,0.30103448,1,2
1,1,0.97832125,6,1
1,0,0.29121614,1,2
1,1,0.85208285,1,1
0,0,0.25140774,2,1
0,0,0.002614573,1,2
0,0,0.4960101,6,1
1,1,0.9794413,6,2
0,0,0.048548464,8,2
0,0,0.15520854,8,1
1,1,0.9080375,1,1
1,1,0.9687321,1,1
1,1,0.90616393,6,1
1,1,0.83712244,2,1
1,1,0.995531,1,1
0,0,0.0042336774,9,2
1,1,0.84506214,1,1
0,0,0.0005285423,9,1
0,0,0.17045477,1,1
1,1,0.88162416,9,1
0,0,0.007561244,9,1
1,0,0.34371677,8,1
1,1,0.89005405,9,1
0,0,0.3229435,9,2
0,0,0.037795473,1,2
1,1,0.96609133,8,1
0,1,0.5815559,1,2
1,1,0.84599996,1,1
1,1,0.8329924,1,2
0,0,0.018102162,8,2
0,0,0.027756948,9,2
0,0,0.0017797472,8,1
0,0,0.00047801057,1,2
1,1,0.9014515,9,2
1,1,0.9957176,6,1
0,1,0.58747745,8,2
1,0,0.34017664,6,2
0,0,0.0702497,8,2
0,0,0.027507117,9,2
1,1,0.98720646,1,1
0,0,0.002825661,1,2
1,1,0.98111063,8,1
0,0,0.1759332,9,1
0,0,0.042942163,8,1
1,1,0.8492061,1,2
1,0,0.26838458,1,2
1,1,0.9912374,6,2
1,1,0.96533984,1,1
0,0,0.117811516,9,1
0,0,0.002406337,1,2
1,1,0.5300534,8,1
1,0,0.41222718,9,1
0,0,0.14743581,1,2
0,0,0.034533277,1,2
1,0,0.13521436,9,2
1,1,0.90622485,6,1
0,0,0.20141363,1,2
0,1,0.82136554,6,1
1,1,0.9660624,1,1
0,0,0.08189612,8,2
0,1,0.9381271,6,2
1,1,0.8974447,1,1
0,0,0.011538929,1,2
1,1,0.67488337,8,1
0,0,0.40443698,2,2
0,0,0.08391787,1,2
0,0,0.17762536,9,1
1,1,0.899818,6,1
0,0,0.0012951473,8,1
0,0,0.09672243,8,2
1,0,0.25041303,1,2
0,0,0.093436554,8,2
1,1,0.92338413,1,1
1,1,0.9644578,8,1
1,0,0.3946944,1,2
1,1,0.99143654,6,1
1,0,0.3679276,8,2
0,1,0.7496719,1,2
0,0,0.015771365,2,1
1,1,0.6266422,5,1
1,1,0.8697267,2,1
1,1,0.946476,6,1
1,1,0.64098257,1,2
1,1,0.98248786,1,1
0,0,0.3901649,1,2
0,0,0.052537467,1,2
0,0,0.009024346,6,2
1,1,0.8352359,1,2
0,0,0.08544664,8,1
0,0,0.0017286835,8,1
1,1,0.9621595,1,2
1,1,0.95156693,1,1
1,1,0.9439025,1,2
0,0,0.029917696,2,1
1,1,0.95354414,6,2
1,1,0.9584146,1,2
1,1,0.61667293,9,2
0,0,0.086584784,1,2
1,1,0.91905105,1,1
0,1,0.5189686,9,1
0,0,0.025852723,2,1
0,1,0.83717465,1,2
0,1,0.8224911,2,2
1,1,0.6494049,2,2
0,1,0.9360426,1,1
1,1,0.7834277,1,1
1,1,0.64339805,8,2
0,0,0.032324586,9,2
0,0,0.0053844093,1,2
0,0,0.15351579,8,1
1,1,0.94723135,1,1
1,1,0.9334543,9,1
1,1,0.8647441,1,1
1,1,0.88715994,1,2
1,1,0.9467632,1,2
1,1,0.5437994,9,2
0,0,0.030866915,6,2
1,1,0.76935166,1,1
0,0,0.03821846,6,2
1,1,0.7877034,6,1
0,0,0.09467879,3,1
0,0,0.07188759,9,2
1,1,0.9709046,1,1
1,1,0.74672973,9,1
1,1,0.9650997,9,2
1,1,0.9504301,2,1
1,1,0.5035157,2,2
1,0,0.37181842,1,2
1,1,0.59991974,6,1
0,1,0.7150542,9,1
1,1,0.9789202,1,1
0,1,0.5602773,1,1
0,1,0.5973704,1,2
1,1,0.9840636,1,1
1,1,0.6473486,1,2
1,1,0.8050185,8,1
1,1,0.6025251,9,1
0,0,0.016111912,8,2
1,0,0.36578873,6,2
0,0,0.38981485,1,1
0,0,0.0448129,3,2
0,0,0.012492141,6,2
1,1,0.6569421,1,1
1,1,0.9450073,1,1
0,0,0.0003386314,1,1
0,0,0.18519677,9,2
1,1,0.89564735,1,2
0,0,0.16260795,9,1
0,0,0.026408738,8,1
0,0,0.11258276,8,2
0,0,0.49929658,6,1
1,1,0.5151513,2,2
0,1,0.61764514,1,1
0,0,0.02469607,9,2
0,0,0.09444495,6,2
0,0,0.014674371,2,2
1,1,0.97677815,6,2
0,0,0.15755345,8,1
0,0,0.060875304,9,2
1,1,0.85308444,1,1
0,0,0.30379507,9,1
1,1,0.72950304,1,2
0,0,0.013558137,6,2
1,1,0.7533009,8,2
0,0,0.087464154,1,2
0,0,0.24532971,9,2
0,0,0.14388084,1,2
0,0,0.0017421766,1,2
0,0,0.23489916,9,1
0,0,0.00933961,8,1
0,0,0.011824147,9,2
0,0,0.16017212,2,1
1,1,0.9968111,6,1
0,0,0.17633623,8,1
0,0,0.3951494,1,1
0,0,0.0058541247,8,2
0,1,0.7571383,1,1
0,0,0.06608041,6,2
0,0,0.017120017,8,1
1,0,0.3696253,8,1
1,1,0.8754285,6,2
0,0,0.0014926959,1,1
1,1,0.7915718,1,1
0,0,0.41889063,8,1
0,1,0.55930823,1,2
1,0,0.41727716,9,1
1,1,0.98452383,9,1
1,1,0.9712247,1,1
1,1,0.763972,1,1
1,1,0.8466211,6,2
1,1,0.54894775,8,1
1,1,0.72184867,9,1
0,0,0.020830344,8,1
1,0,0.3757457,9,1
0,0,0.0931071,9,2
0,0,0.016230851,6,2
1,0,0.38471898,9,1
1,1,0.97738546,1,1
1,1,0.95108515,1,1
1,1,0.99107224,9,1
0,1,0.6681097,9,1
0,0,0.06734527,8,1
1,1,0.96930736,1,1
0,0,0.4275792,8,2
0,0,0.4869611,1,1
0,0,0.016281089,9,2
0,0,0.20377856,1,2
1,1,0.98098135,9,1
0,0,0.15474741,1,1
1,1,0.7758538,1,2
1,1,0.9818288,2,1
1,1,0.8519686,1,2
1,0,0.10198937,2,1
1,0,0.49935383,1,2
1,1,0.91350514,1,1
1,1,0.96152174,1,1
0,0,0.2045711,8,1
0,0,0.13394105,6,2
0,0,0.00033968224,6,2
0,1,0.53180057,8,2
1,0,0.1613387,8,1
1,1,0.9926905,1,1
0,1,0.5192702,9,2
0,0,0.21381901,9,1
0,0,0.006878955,6,2
0,0,0.00029282123,8,2
1,1,0.603027,2,1
0,0,0.0013176447,9,1
1,0,0.011696377,1,2
0,0,0.07814198,8,2
0,1,0.84459364,1,2
0,0,0.31672797,8,1
0,0,0.18130524,6,2
0,0,0.042163182,1,2
1,1,0.984098,1,1
1,1,0.9610955,6,2
0,0,0.072005376,9,2
1,1,0.9335593,1,1
1,1,0.9625848,1,1
0,1,0.772379,1,2
1,0,0.25147736,6,2
0,1,0.5934733,2,1
0,0,0.33509108,1,2
0,1,0.5066935,6,2
1,0,0.43741736,8,1
1,1,0.880071,6,1
0,0,0.083137184,9,2
0,0,0.18628837,8,1
1,0,0.45603937,8,1
0,0,0.028038062,1,1
0,0,0.28410587,9,1
0,0,0.0012517632,9,2
0,0,0.0009663739,1,2
1,1,0.7872168,1,2
0,0,0.3373865,6,1
0,0,0.09338347,6,1
1,1,0.98425055,1,2
1,1,0.8719001,3,2
0,0,0.010289904,8,2
0,0,0.052674305,1,2
1,1,0.67502433,8,1
1,0,0.09152622,6,1
0,0,0.13823418,1,2
0,0,0.25513396,9,1
0,0,0.11012967,8,1
1,1,0.83928293,1,1
0,0,0.0060248924,9,2
0,0,0.11407986,6,2
1,0,0.4535711,8,1
1,1,0.81292105,6,2
1,1,0.9329562,6,2
1,1,0.8214737,6,2
0,0,0.0026609963,8,2
1,1,0.989363,1,1
0,0,0.084050834,8,1
1,1,0.96253896,6,1
1,1,0.9386398,1,1
0,0,0.011015279,1,2
1,1,0.9927747,1,2
1,1,0.9431026,1,1
0,0,0.008469724,9,2
1,1,0.7110151,1,2
1,1,0.89422226,9,1
0,0,0.061605204,2,1
0,0,0.4071086,1,1
1,1,0.9882946,6,2
1,1,0.7649686,1,2
1,1,0.8650295,6,1
1,1,0.7164869,6,2
1,0,0.34689438,6,2
0,0,0.042333707,1,2
0,0,0.27204967,1,1
0,1,0.90594965,1,1
1,1,0.50649816,9,2
1,1,0.9094389,1,2
0,0,0.22629783,1,1
1,1,0.90392166,6,2
1,1,0.9676995,9,1
0,0,0.0043253414,1,2
1,1,0.8992536,1,1
0,1,0.74019575,8,1
1,1,0.9037796,1,1
1,1,0.84405875,1,1
1,1,0.75486636,1,1
1,1,0.9976525,6,1
1,1,0.55155927,1,2
1,1,0.95244384,1,1
0,0,0.14009637,9,1
1,0,0.18425517,1,1
0,0,0.11606581,8,2
0,0,0.08427386,6,2
0,0,0.17876494,6,1
0,0,0.01530062,6,1
1,1,0.65408474,1,2
1,1,0.9410285,1,1
0,0,0.010981809,9,2
1,1,0.8007176,6,2
1,1,0.8105452,1,1
1,1,0.9143901,6,2
1,1,0.61605567,6,2
0,0,0.18532358,6,2
1,1,0.98758996,6,1
1,0,0.40748048,6,1
1,1,0.98420584,6,1
1,1,0.89505,1,1
0,0,0.18279716,8,1
0,0,0.10980965,8,1
0,0,0.23910187,9,1
1,0,0.082134716,8,1
0,0,0.016851999,8,1
1,1,0.9902423,1,2
0,0,0.014113732,9,2
1,0,0.31194022,9,1
0,1,0.58973575,1,1
0,0,0.010477967,8,2
1,1,0.6821117,9,1
1,1,0.9527865,1,1
0,0,0.1158877,6,2
1,1,0.6168453,1,1
0,1,0.6890228,8,2
1,0,0.26425147,8,2
1,1,0.6516501,6,1
1,0,0.109565064,8,1
0,0,0.0017946279,9,2
0,0,0.16945635,9,1
0,0,0.47237793,8,1
0,0,0.052544367,8,2
0,1,0.63348174,6,2
0,1,0.77235824,1,1
0,0,0.08035489,6,1
1,0,0.48991948,6,2
1,1,0.88618,1,2
0,0,0.008948047,8,2
0,0,0.27575463,9,1
0,0,0.0058673406,9,2
1,1,0.97639865,1,2
1,1,0.57072586,9,2
0,1,0.81094545,1,2
0,0,0.020763386,9,2
1,0,0.12764612,1,1
0,0,0.07854654,8,1
1,1,0.8065382,6,1
1,1,0.98502004,6,1
0,0,0.06292336,9,1
0,0,0.46307617,9,1
0,0,0.45954964,6,2
0,1,0.8420388,6,1
1,0,0.20979962,1,1
1,1,0.9585588,1,1
0,0,0.4721886,1,2
0,0,0.118941106,1,1
0,0,0.21299663,1,2
0,0,0.06057031,6,2
0,0,0.00968651,9,2
1,1,0.90217596,1,2
0,0,0.0014739606,1,1
0,0,0.18500198,9,1
0,0,0.04463338,9,2
0,1,0.5042274,1,1
1,1,0.5804686,1,1
1,1,0.733948,6,1
1,1,0.9360637,8,1
0,0,0.45893878,8,1
1,1,0.7865078,1,1
0,1,0.6916033,8,2
1,1,0.9848503,1,1
1,0,0.12839584,9,1
1,1,0.62557256,6,2
0,0,0.092510805,9,2
0,0,0.16050175,1,1
1,1,0.91362274,1,1
0,0,0.012981093,9,2
0,0,0.011085085,8,2
1,1,0.92758626,1,1
0,0,0.04977938,8,2
0,0,0.008414202,2,1
0,0,0.19671817,8,1
1,1,0.57665026,1,1
0,0,0.023183865,1,2
1,1,0.94207066,1,1
0,0,0.33752784,1,1
0,0,0.35412273,9,1
0,0,0.4796865,1,1
1,1,0.8491733,1,1
0,1,0.53644925,8,1
1,1,0.5640834,1,1
1,1,0.92362154,6,2
0,0,0.015502985,9,2
1,1,0.86948806,1,2
0,0,0.13810523,1,1
0,0,0.15171444,8,1
1,1,0.66122884,1,2
1,1,0.95265293,6,1
1,1,0.9493636,6,2
1,1,0.56878304,6,2
1,1,0.9363572,1,1
1,0,0.4805953,6,1
0,0,0.010269727,6,2
1,0,0.46647272,9,1
1,1,0.9944172,1,1
1,1,0.910376,1,2
1,1,0.8411315,1,2
1,1,0.55405885,8,1
0,0,0.025432449,1,1
0,1,0.8876981,6,1
0,0,0.07123944,9,2
1,1,0.99560815,1,1
0,0,0.19422519,8,1
0,0,0.0052992576,8,1
1,1,0.83057016,9,2
0,0,0.00024740453,1,2
1,1,0.6013634,1,1
0,0,0.09994446,2,2
0,0,0.023800066,8,2
0,0,0.048808698,1,2
0,1,0.79854757,1,1
1,0,0.40326008,1,2
1,1,0.91765326,6,1
1,1,0.9321419,6,1
0,0,0.0033569788,8,2
1,1,0.8334175,1,1
1,1,0.94746804,1,1
1,1,0.7815145,1,2
0,1,0.9095875,1,1
1,1,0.98736656,6,1
0,0,0.00020738064,1,2
1,1,0.99598855,6,1
1,0,0.06988888,6,2
1,1,0.68217146,9,1
1,1,0.6300167,9,1
1,1,0.600995,6,2
0,0,0.18682924,9,2
0,0,0.033666704,9,2
0,1,0.5314053,9,1
1,1,0.7380452,1,2
0,0,0.07926418,9,1
0,0,0.010851796,9,1
1,1,0.88703346,1,2
0,1,0.76150125,9,1
0,0,0.05731426,9,1
1,1,0.935536,8,1
0,0,0.10064337,8,2
1,1,0.750092,1,2
0,1,0.5345674,7,1
0,0,0.0015057578,2,1
1,0,0.028728198,8,2
0,0,0.09453625,8,1
1,1,0.7434551,2,2
1,1,0.64576715,6,2
0,0,0.36467883,1,2
0,0,0.27647465,8,1
1,1,0.9073742,1,1
1,1,0.69010216,2,2
1,0,0.3066411,8,1
0,0,0.03522985,8,2
1,0,0.12940967,1,1
0,0,0.13094576,1,1
0,0,0.04429977,1,2
1,1,0.98834443,1,1
0,0,0.31940255,1,1
0,0,0.16734524,6,1
0,0,0.119345635,9,1
1,1,0.972644,9,1
0,1,0.69422853,1,1
1,1,0.9909697,6,1
0,1,0.8579255,1,1
0,0,0.42178553,1,1
1,0,0.49894223,9,1
0,0,0.2337454,7,1
0,0,0.0012977318,8,1
0,0,0.23836379,3,1
1,1,0.90568095,1,1
1,1,0.975404,6,2
0,0,0.30783233,9,1
0,0,0.00067979784,9,2
1,0,0.24059951,1,2
0,0,0.06627889,9,1
1,1,0.8935551,1,1
1,1,0.90897506,9,1
0,0,0.16177148,8,2
1,1,0.5636393,1,2
0,0,0.40249258,8,1
0,0,0.27280572,1,1
0,1,0.611237,9,1
0,0,0.053181197,6,2
0,0,0.10305217,1,2
0,0,0.051150125,2,1
0,0,0.42881787,1,1
0,0,0.0005708337,2,1
0,0,0.02128475,2,2
1,1,0.979079,1,1
1,1,0.592203,9,1
0,1,0.5017809,2,1
0,0,0.055955082,1,1
0,0,0.13967285,1,2
1,1,0.8281028,1,1
1,1,0.962608,1,1
1,1,0.94370735,1,1
0,0,0.00086408027,9,2
1,1,0.95301384,1,2
0,1,0.71433413,6,2
0,0,0.061263755,9,2
1,1,0.95276403,6,1
0,0,0.11130102,6,2
0,0,0.14497428,8,2
1,0,0.07070322,9,1
0,0,0.0075387955,1,2
0,0,0.0121906875,8,2
1,1,0.9567192,1,1
1,1,0.96714383,1,2
0,1,0.9020322,1,1
1,1,0.9369639,1,1
0,0,0.014740902,8,2
1,1,0.9660185,6,2
0,0,0.11113431,1,1
0,1,0.60597855,6,2
1,1,0.99686414,6,1
0,1,0.9171487,1,1
1,1,0.58459556,8,1
1,1,0.7608852,9,2
0,0,0.25628108,8,1
1,1,0.9235358,1,1
1,1,0.88240707,1,1
0,0,0.014387373,8,1
0,0,0.22679323,6,1
0,0,0.004153947,9,2
0,0,0.053659283,6,2
0,0,0.23983327,6,2
1,1,0.99790835,6,2
1,1,0.8858587,1,1
0,0,0.026303582,2,2
1,0,0.060762063,9,1
1,1,0.79724735,6,1
1,1,0.8425983,6,2
0,1,0.8466575,8,1
0,0,0.029925117,1,2
0,0,0.39793992,6,2
1,1,0.89650327,1,1
1,1,0.6657435,1,2
1,1,0.7768794,1,1
1,0,0.44256392,6,1
1,0,0.08491894,8,2
0,0,0.27636364,8,1
0,0,0.15507106,8,1
0,0,0.062226366,9,1
0,0,0.41425502,6,1
0,0,0.2548737,6,2
1,1,0.9823654,9,2
1,1,0.9271236,9,2
0,0,0.0030023884,8,2
1,1,0.93151176,9,1
0,0,0.040952835,2,2
0,0,0.0620924,8,1
1,1,0.71310985,1,1
0,1,0.92106086,9,2
0,0,0.01627523,1,1
0,1,0.76778316,1,1
0,0,0.0006899859,8,2
1,1,0.9489013,1,1
0,0,0.09732463,8,2
0,0,0.017053524,1,2
0,1,0.80678844,6,2
1,1,0.8125449,9,1
1,1,0.80849695,6,2
0,0,0.30931044,8,1
1,1,0.9497353,3,1
0,0,0.048745204,1,1
1,1,0.9011602,1,2
0,0,0.14190093,1,2
0,0,0.0020059214,1,2
0,0,0.2143388,8,1
0,1,0.53290033,1,2
0,0,0.198037,1,2
1,1,0.97834355,1,1
0,0,0.015290077,8,1
0,1,0.5698774,1,2
0,0,0.045118712,9,1
1,1,0.93119574,1,2
0,0,0.020309618,6,1
0,0,0.07080822,9,1
0,0,0.0014685316,1,1
1,1,0.9663807,1,2
1,1,0.961805,1,1
1,1,0.82763535,2,2
1,1,0.8136335,6,2
0,0,0.005031437,1,1
0,0,0.0028767555,2,2
0,0,0.00425818,1,1
1,1,0.93506694,1,1
0,0,0.001909546,9,2
1,0,0.0034771166,1,1
0,0,0.2121906,1,1
0,0,0.040389404,1,2
0,0,0.06455055,9,2
0,0,0.37892094,8,1
0,1,0.6406248,1,1
0,1,0.8375318,1,1
0,0,0.012320006,6,1
1,1,0.75207156,9,1
1,1,0.7540525,8,1
1,1,0.75085187,1,2
1,1,0.7428406,1,1
1,1,0.69080245,1,2
1,1,0.99622846,1,1
0,1,0.8813092,1,2
1,1,0.9657377,6,1
0,0,0.0801106,8,1
1,1,0.9688019,1,1
1,0,0.33897698,9,2
0,1,0.6099649,9,2
0,1,0.960094,1,1
0,0,0.054857988,9,1
1,1,0.8820352,1,1
1,1,0.5102587,1,1
0,0,0.25223505,1,2
0,0,0.24939208,6,1
1,0,0.27368334,1,2
0,0,0.27077353,8,1
0,1,0.6471771,8,2
1,0,0.013718893,9,2
0,1,0.75800043,6,2
0,0,0.46943626,1,2
0,0,0.14187023,1,1
1,1,0.9430705,6,1
1,1,0.73757577,9,2
1,1,0.9510457,1,1
0,0,0.020582153,8,2
0,0,0.42628133,6,2
1,1,0.98224455,6,1
0,1,0.8657886,8,1
0,0,0.3006464,8,1
1,1,0.6423004,1,1
1,1,0.83164436,1,1
1,1,0.7939689,1,2
0,0,0.08014181,6,2
0,0,0.004068835,1,1
0,1,0.8902616,1,2
0,0,0.0008881607,9,2
0,1,0.5256904,1,1
1,1,0.52986604,1,2
0,0,0.1013618,6,2
1,1,0.89582163,1,2
1,0,0.46860537,1,1
0,0,0.059402674,8,2
1,1,0.8983999,1,1
0,0,0.3577295,6,1
1,1,0.9734968,9,1
1,1,0.92070097,1,1
0,0,0.38573456,2,2
0,0,0.15148936,8,1
1,1,0.9279072,1,1
1,0,0.100849904,1,2
0,0,0.21673252,1,2
1,1,0.98602283,1,1
0,0,0.29362327,1,1
0,0,0.27261293,1,2
1,1,0.98016775,1,1
1,0,0.31347558,2,2
0,1,0.583273,8,1
1,1,0.7725806,9,1
1,1,0.68373924,6,1
0,0,0.05481973,1,1
1,1,0.855418,2,2
1,1,0.67853487,6,1
1,1,0.662301,9,2
1,1,0.92743576,9,1
0,0,0.019155987,9,2
1,1,0.9459221,1,1
1,1,0.96166205,1,1
0,1,0.9371724,6,2
1,1,0.9283676,6,1
1,1,0.9740095,1,1
1,0,0.02305456,2,1
1,1,0.91802233,1,2
1,1,0.6215898,9,1
0,1,0.6463641,6,1
0,0,0.0382794,8,2
0,0,0.035948504,1,2
0,1,0.7702047,1,1
0,0,0.0116642695,9,2
1,1,0.9919769,9,1
0,0,0.035889342,2,1
0,0,0.06699653,9,1
1,1,0.82693774,6,1
1,1,0.79202235,1,1
1,1,0.81347656,2,1
0,0,0.20141347,2,2
1,0,0.33013016,1,1
1,1,0.9660624,1,1
0,0,0.060843457,9,1
1,0,0.27516356,6,2
1,1,0.71245664,1,1
0,0,0.00042632548,1,2
1,1,0.9854798,6,2
0,0,0.0070314803,8,1
1,1,0.7906911,9,1
0,0,0.2632587,6,1
0,0,0.013997682,6,1
1,1,0.93531173,9,1
0,1,0.5828977,9,2
0,0,0.007581671,6,2
1,1,0.7783244,1,1
0,0,0.0031190373,8,2
0,0,0.0018781876,9,1
0,1,0.72475576,1,1
0,0,0.001806834,8,1
1,1,0.8914198,6,2
0,0,0.06124213,3,1
1,1,0.95018256,1,2
1,1,0.68934304,6,1
1,1,0.9787677,8,2
1,1,0.78960514,6,2
1,1,0.926496,8,1
0,0,0.005827952,1,2
1,1,0.6431275,6,1
0,0,0.0027186468,6,2
0,0,0.0030643023,6,1
1,1,0.9172751,9,2
1,1,0.856358,6,1
1,1,0.78117675,1,2
1,1,0.93167293,1,1
1,1,0.93864065,6,1
1,1,0.8718366,1,2
0,1,0.7543173,1,2
0,0,0.030856015,2,1
0,1,0.6936972,1,1
0,1,0.611313,1,1
1,0,0.43538156,8,1
1,1,0.8230908,1,1
1,1,0.9153415,1,1
0,0,0.15137085,8,1
0,0,0.06989198,8,2
0,0,0.09501244,8,1
0,0,0.051865313,8,1
0,0,0.017499823,2,2
0,0,0.010757071,9,1
1,1,0.8276296,8,2
1,1,0.9804081,6,1
1,1,0.99932337,6,1
0,1,0.6079822,9,1
1,1,0.95184404,1,1
0,0,0.16722754,6,2
0,0,0.3058501,8,1
0,0,0.006668296,9,1
0,1,0.7124035,1,2
0,0,0.06009307,1,1
0,0,0.07353754,6,1
1,0,0.35563272,8,2
1,0,0.42801306,6,2
0,0,0.20157775,1,1
0,0,0.15494034,9,2
1,1,0.7203663,1,1
0,0,0.13713293,1,1
0,0,0.35627168,8,2
0,0,0.018264534,1,1
1,1,0.96248406,1,2
0,0,0.08202469,1,1
0,0,0.43134183,9,1
0,0,0.006085068,9,2
1,1,0.98998535,1,1
1,1,0.88203526,1,1
0,0,0.0023921088,8,2
0,1,0.64961237,8,1
0,0,4.348128e-05,6,2
0,0,0.23244561,1,1
1,1,0.76843053,9,2
1,1,0.92745686,6,1
1,1,0.9066027,6,1
1,1,0.6496394,8,1
0,0,0.035969887,8,2
0,1,0.65327495,9,2
1,1,0.52416736,1,1
1,0,0.3491464,1,1
0,0,0.019574046,8,2
1,1,0.91638726,6,1
1,1,0.8508739,1,1
0,0,0.1430688,8,2
0,0,0.019166974,1,2
0,0,0.081705876,6,2
0,0,0.17016688,1,1
1,1,0.74390775,8,2
1,1,0.97949517,8,1
0,0,0.18715695,9,2
1,1,0.9773343,1,2
0,0,0.012830724,9,2
0,0,0.019769168,9,2
1,1,0.97531223,1,2
0,0,0.00010638808,7,2
0,0,0.07260681,9,1
1,1,0.94987327,1,2
1,0,0.37077796,1,2
0,0,0.106683455,6,2
1,1,0.87074757,1,2
0,1,0.829585,9,1
1,1,0.95356214,6,2
0,0,0.1734577,8,2
0,0,0.2087941,8,1
1,1,0.97684413,1,2
0,0,0.13170908,1,1
0,0,0.001416404,8,1
1,0,0.14335346,1,1
1,0,0.10389597,1,1
1,1,0.8745992,1,1
1,1,0.8428128,1,1
0,0,0.28670576,6,1
1,1,0.9070199,9,2
0,0,0.0050820545,1,1
0,1,0.8027203,6,1
1,0,0.23990114,1,2
0,0,0.008061698,8,2
1,1,0.71985674,1,2
1,1,0.9322393,1,2
0,0,0.19370714,8,1
1,1,0.96826094,1,2
1,1,0.9185428,1,1
1,0,0.15861414,6,2
0,0,0.1308024,6,1
0,0,0.43858674,6,2
0,0,0.12945363,1,1
1,1,0.816132,3,1
0,0,0.25365666,1,2
0,0,0.47735408,1,1
1,1,0.5732468,9,1
1,0,0.39095438,1,2
1,1,0.95222586,9,1
1,0,0.4047984,6,2
0,0,0.08190286,6,1
0,1,0.5009016,1,2
0,0,0.0967978,8,1
0,0,0.22636752,9,1
1,1,0.6826758,9,1
0,0,0.15624848,1,1
1,1,0.57944536,3,1
0,0,0.0012814483,1,1
1,1,0.77939016,9,1
0,1,0.9366712,1,2
0,0,0.027396595,1,1
1,0,0.073363334,2,1
0,0,0.0671358,1,2
0,0,0.20257273,8,1
1,1,0.91460323,1,2
1,1,0.6371909,2,1
0,0,0.09591414,6,2
0,0,0.011118862,9,2
1,0,0.39792857,1,2
1,0,0.459084,1,1
1,1,0.98292416,1,1
1,1,0.7490187,1,1
1,1,0.5414479,6,1
0,0,0.34621957,1,2
0,1,0.63054186,6,1
0,1,0.8321504,6,2
0,1,0.74507785,9,1
0,0,0.12931491,6,1
1,1,0.91648144,8,2
0,1,0.54433846,8,1
1,1,0.7969927,9,1
1,1,0.9318392,6,2
1,1,0.6946008,1,1
1,1,0.58298826,9,1
1,0,0.42535514,2,1
1,1,0.8768117,1,1
1,1,0.9780497,1,2
0,0,0.14083156,1,2
1,1,0.81030095,1,1
0,0,0.10267872,2,1
0,0,0.03809438,1,2
1,1,0.9409939,6,2
1,1,0.73758495,9,2
0,0,0.48757347,1,2
0,0,0.060767893,9,2
0,0,0.002985983,1,1
1,1,0.9593568,6,1
1,0,0.44440266,3,1
1,1,0.9709956,9,1
0,0,0.035736904,6,2
0,0,0.22719395,1,2
1,1,0.97637296,9,2
0,0,0.030058803,8,1
0,0,0.1299471,6,1
1,1,0.8936705,1,1
0,0,0.05847974,9,2
0,1,0.9652056,1,2
1,1,0.81940174,9,2
1,1,0.75644934,6,1
1,1,0.9828976,1,2
1,0,0.054648302,8,2
0,0,0.008429653,1,2
1,1,0.7543205,8,2
0,1,0.92950964,1,1
0,0,0.17556958,6,2
1,1,0.990577,9,1
1,1,0.51620424,1,1
1,1,0.9652241,1,1
0,0,0.09554642,1,1
0,0,0.21775907,6,1
0,0,0.0031452603,1,2
1,0,0.19282474,9,1
0,0,0.11649879,1,2
0,0,0.13316825,9,2
1,0,0.23585047,6,1
0,0,0.20320559,1,1
0,0,0.0512298,1,1
1,1,0.9758111,6,2
1,1,0.94469136,6,2
1,1,0.8574104,1,2
0,0,0.2565163,9,1
1,1,0.90206915,9,2
0,0,0.09961962,9,2
0,0,0.0087864855,9,1
1,1,0.73536,1,2
1,1,0.93015516,6,2
1,1,0.8974023,1,1
1,1,0.953555,1,1
0,1,0.6010654,1,2
1,1,0.6787496,1,1
0,0,0.010342238,9,1
1,1,0.7780287,1,1
0,1,0.5082264,9,2
1,1,0.5369131,6,1
0,0,0.05033315,1,1
0,1,0.9550716,6,2
0,0,0.2253822,8,1
0,0,0.12053199,2,1
0,0,0.044058427,8,1
0,0,0.24472605,9,1
0,0,0.024840377,1,1
0,1,0.8604484,1,1
0,0,0.030928975,6,2
0,1,0.7996669,6,2
0,0,0.027015029,8,2
0,1,0.7488847,6,2
1,1,0.9882367,6,1
0,0,0.012345644,9,1
0,0,0.033678506,1,2
1,1,0.9959065,1,1
1,1,0.85767573,6,2
0,1,0.86973256,1,2
0,0,0.009193438,9,1
1,1,0.95663357,1,1
0,0,0.34432125,2,2
1,1,0.850597,9,2
0,0,0.0026380334,8,2
1,1,0.9744881,1,1
1,1,0.89911103,1,2
0,1,0.86731285,6,2
0,0,0.3517481,1,2
0,0,0.13157535,9,1
0,0,0.49573472,1,2
0,0,0.08335621,1,1
0,0,0.009471047,1,1
1,1,0.71585304,9,2
1,1,0.9501216,1,2
0,0,0.26242635,6,1
1,1,0.96412957,1,1
0,0,0.021735186,9,2
1,1,0.91306436,1,2
0,0,0.0024623733,8,2
1,0,0.25341177,9,2
0,1,0.6234901,1,1
1,1,0.9546926,1,1
1,0,0.2205632,1,2
0,0,0.12561822,6,1
0,0,0.13805467,6,2
1,1,0.9940866,1,1
1,1,0.7276762,9,2
0,0,0.004629281,9,1
0,0,0.22747435,8,1
1,1,0.9682561,6,1
0,1,0.5427781,9,2
0,0,0.0100466525,8,2
1,1,0.55811673,6,1
1,0,0.277125,1,1
1,0,0.26172078,6,1
1,1,0.91081697,9,2
1,1,0.9178832,6,2
1,1,0.97552663,1,2
1,1,0.8133049,1,1
1,1,0.92783344,6,1
1,0,0.2645184,1,1
0,0,0.25282964,1,2
0,0,0.07338285,1,2
1,1,0.915745,1,1
0,0,0.0011433581,6,2
1,1,0.70958775,8,1
1,0,0.32851845,1,2
1,0,0.18187745,9,1
1,1,0.96082616,6,2
0,0,0.08222996,8,1
0,0,0.09383913,8,1
0,1,0.56510913,6,2
1,1,0.993704,1,1
1,0,0.28661743,9,2
0,0,0.3271087,8,1
1,1,0.8831361,1,1
1,0,0.2751522,6,2
1,0,0.35428762,1,1
0,0,0.43450925,1,1
1,1,0.55544144,1,2
0,0,0.28563356,8,1
1,0,0.2971973,8,1
1,1,0.95558363,1,1
0,0,0.37330312,9,1
0,0,0.4650947,9,2
0,0,0.00038629738,1,1
0,1,0.55137247,6,2
0,0,0.13051672,9,1
1,1,0.9958774,1,1
1,1,0.9425521,1,1
0,0,0.018147515,8,1
1,1,0.8404236,1,1
0,0,0.30546534,6,2
1,1,0.6975266,6,2
0,0,0.0069758613,8,2
0,0,0.28658226,8,1
1,1,0.8734365,1,1
1,1,0.51747996,9,1
0,0,0.03379219,8,2
0,0,0.0004631986,8,1
1,1,0.89840114,1,1
1,1,0.85280293,6,2
0,0,0.06494672,8,2
0,0,0.37615767,1,2
1,1,0.6291226,1,2
1,1,0.94464785,6,1
1,1,0.5568841,8,2
1,1,0.83722734,6,2
1,1,0.92549723,2,2
0,0,0.28601205,8,2
0,0,0.3815654,8,2
0,0,0.35043043,1,1
1,1,0.8783837,6,2
1,1,0.9638285,6,1
1,1,0.85221326,9,1
0,1,0.9369611,1,1
0,0,0.00032250874,9,1
1,1,0.6502817,1,1
0,0,0.090131134,1,2
1,1,0.94001085,1,1
0,0,0.49560726,1,1
0,0,0.0017177656,8,2
0,1,0.5740148,1,1
0,0,0.010647623,9,2
1,1,0.9756982,1,2
0,0,0.12550321,6,1
1,1,0.9840194,9,1
1,1,0.5443791,2,2
1,1,0.9615202,1,1
1,1,0.98885286,1,2
1,1,0.8784153,8,1
1,1,0.8478197,8,1
0,0,0.0074825394,6,1
0,1,0.76664764,1,2
0,1,0.5958314,6,2
1,1,0.928574,6,1
1,1,0.55670434,6,1
1,1,0.95304644,1,2
0,0,0.1315239,6,2
0,1,0.8806905,1,2
1,0,0.37916702,6,2
0,0,0.41205114,1,2
0,0,0.23676899,8,2
0,0,0.044542164,1,2
0,0,0.17795525,8,2
0,0,0.021124477,1,1
0,0,0.47882828,6,2
0,0,0.00333571,9,1
1,1,0.84295106,6,1
1,1,0.79136336,9,1
1,0,0.40815735,6,1
1,1,0.9611281,1,2
0,0,0.32943824,8,1
1,1,0.8659623,2,1
0,0,0.079428956,6,2
1,1,0.88583654,1,2
0,1,0.6928157,1,2
1,1,0.99081504,1,1
0,0,0.01738306,8,1
1,1,0.7590672,6,1
1,1,0.9760335,1,1
0,0,0.099783696,1,1
0,0,0.24467923,9,1
0,0,0.0013067917,9,1
0,0,0.09607018,2,1
1,1,0.8687506,1,2
1,0,0.411017,1,1
1,1,0.81069607,6,1
0,0,0.1728772,6,2
0,0,0.017488677,6,2
0,0,0.019728445,6,1
0,0,0.099837445,1,2
1,1,0.95169544,1,1
1,1,0.9628841,1,1
0,0,0.16984934,8,1
1,1,0.9741978,6,1
0,1,0.7916275,1,1
1,1,0.71591705,8,1
0,0,0.022139285,8,2
1,1,0.9753273,6,1
0,0,0.005009833,1,2
0,0,0.03301146,3,2
0,1,0.6713476,9,1
1,0,0.04949581,8,2
1,0,0.24859424,2,1
1,0,0.15021051,8,2
0,0,0.026704505,6,2
1,0,0.07293243,1,2
0,0,0.27310315,1,2
0,0,0.0022721794,9,1
1,1,0.54459196,6,1
1,1,0.75918204,6,2
1,1,0.946467,1,2
0,0,0.0039607952,1,1
1,0,0.2987407,8,2
1,1,0.82236797,9,1
0,0,0.052559264,9,2
0,0,0.022297727,8,1
0,0,0.0008192429,6,1
0,0,0.004085562,2,2
1,1,0.7922511,6,2
0,0,0.11953119,1,1
1,1,0.96623135,6,2
1,1,0.9592619,6,2
1,1,0.9342303,1,1
1,1,0.9924022,8,2
0,0,0.0057623577,6,1
1,0,0.28748062,8,1
1,1,0.9900299,1,1
1,0,0.07922321,8,2
1,1,0.9617124,1,1
0,0,0.0027895654,8,2
0,0,0.021751717,9,2
1,1,0.56701314,1,2
1,0,0.3104556,1,1
1,1,0.9555424,1,1
0,1,0.6893907,1,2
1,1,0.7912312,9,1
1,1,0.60760885,9,1
0,0,0.06926721,9,2
0,0,0.3490329,1,2
1,1,0.92693734,6,2
0,0,0.04903461,9,2
0,0,0.00015443758,1,2
1,1,0.93842506,1,2
1,1,0.96261454,1,2
1,1,0.56329435,1,2
1,0,0.28372037,9,1
0,1,0.5646596,6,1
0,0,0.09648504,6,2
1,1,0.7615219,9,1
0,1,0.92178077,6,1
1,1,0.97432727,1,1
0,0,0.1229694,8,1
0,0,0.08748922,6,1
1,1,0.96186066,8,2
1,1,0.78738755,9,2
0,1,0.5432974,1,1
1,1,0.99117494,1,1
1,1,0.9807897,1,1
1,1,0.9983412,6,1
1,1,0.96132946,1,2
1,0,0.33473235,8,2
1,1,0.94768715,1,1
0,0,0.006240514,9,2
0,0,0.018736605,6,1
0,0,0.35604456,6,2
0,0,0.19527781,1,1
0,0,0.036827732,1,1
1,0,0.2326587,6,2
0,0,0.010998669,9,1
0,0,0.42834774,1,2
0,0,0.35574886,1,1
1,1,0.84427273,1,2
0,0,0.020816198,8,1
1,1,0.9356135,1,2
0,0,0.032276534,8,1
1,1,0.689686,1,1
0,0,0.14140509,9,2
0,0,0.01965318,1,2
1,1,0.8552188,1,1
0,0,0.022191128,1,2
0,0,0.08939836,2,2
0,1,0.6732098,1,2
1,1,0.9712024,6,1
1,0,0.16589221,5,1
1,1,0.69110954,1,1
1,1,0.7848644,9,1
0,1,0.5319412,1,2
1,1,0.62005055,1,2
0,1,0.8041374,6,1
0,0,0.010923187,8,1
1,1,0.85885936,6,2
0,0,0.05510612,1,2
0,0,0.060128674,8,1
0,0,0.036615442,9,2
1,1,0.99415565,1,1
1,1,0.9536886,1,2
0,0,0.02138428,8,2
0,0,0.16777684,6,1
1,1,0.8954628,6,2
1,1,0.9635748,6,1
1,0,0.22090836,1,2
1,1,0.8916654,6,2
0,0,0.022621883,1,1
0,0,0.35071686,2,2
0,0,0.07330387,6,1
1,1,0.8666049,6,2
1,0,0.30573183,9,2
1,1,0.70684975,5,2
1,1,0.8696638,2,2
0,0,0.17859292,9,1
0,0,0.4015275,6,1
0,0,0.3001385,2,1
1,1,0.9500034,6,1
1,1,0.80456233,9,1
0,0,0.068318,6,2
1,1,0.9859449,1,1
1,1,0.95740724,6,2
1,1,0.63516086,1,2
0,1,0.80196166,1,1
1,1,0.97870797,1,1
1,1,0.88959783,1,1
1,1,0.7269088,1,2
0,0,0.017515456,8,2
1,0,0.4200394,1,1
1,1,0.9751437,6,1
0,0,0.06722303,8,1
0,1,0.8433044,1,2
0,0,0.102203615,9,2
1,1,0.9967182,1,1
0,0,0.027554171,6,2
0,0,0.030722626,1,2
0,1,0.8382833,1,1
1,1,0.78431606,1,1
0,0,2.4277795e-05,6,1
1,0,0.1996927,6,1
1,1,0.85884696,6,2
0,0,0.44518742,1,2
1,0,0.21524042,9,2
0,0,0.007795611,1,1
0,0,0.08831747,8,2
1,1,0.66203904,1,1
1,1,0.9337412,1,2
1,1,0.7252571,9,2
1,1,0.8930828,9,1
1,1,0.9267615,1,1
0,0,0.23880701,1,1
0,0,0.018217504,8,1
0,1,0.6115251,2,2
0,0,0.31803602,6,2
1,1,0.9388079,1,2
1,1,0.97468436,9,2
1,1,0.5676642,1,2
1,1,0.91131026,1,1
0,0,0.05204448,1,1
1,1,0.88311815,8,2
1,1,0.9952969,1,1
0,0,0.13210091,6,1
1,1,0.9038742,6,2
0,0,0.019745724,8,1
0,0,0.023882749,6,2
0,0,0.1429361,6,1
1,0,0.3917147,9,1
0,0,0.01886579,9,1
0,1,0.6111611,1,2
1,1,0.9967384,1,1
1,1,0.56300986,1,1
0,0,0.29786214,9,1
0,0,0.05860931,3,2
1,1,0.9923264,1,2
0,0,0.0018179163,8,2
0,0,0.0038740805,9,1
1,0,0.1749437,1,2
0,0,0.032666806,9,2
0,0,0.0043909457,9,1
0,0,0.006352786,1,1
0,0,0.009933262,1,1
0,1,0.55819863,1,1
0,1,0.6877491,6,1
1,1,0.8113618,9,2
1,1,0.9570074,1,1
1,1,0.9775164,6,1
1,1,0.8851189,9,1
0,0,0.17893478,6,2
0,0,0.095987886,6,2
1,0,0.41651753,1,2
0,0,0.09297681,9,2
0,0,0.0186892,8,2
0,0,0.06228468,2,1
1,1,0.7973737,1,1
0,0,0.011404659,8,1
0,1,0.87158054,8,1
1,1,0.51376843,9,1
1,1,0.9970017,1,2
1,1,0.7793299,1,2
0,0,0.0039674696,7,1
0,1,0.58686787,1,1
0,0,0.10023499,9,2
0,0,0.28547406,1,2
1,0,0.33999485,1,1
1,0,0.19333647,7,2
0,0,0.15552193,9,2
0,0,0.038686953,1,2
1,1,0.98111534,9,1
1,1,0.7759229,1,2
0,0,0.38551062,1,1
0,0,0.0041890414,6,1
1,1,0.8521101,6,2
1,1,0.867323,6,2
1,1,0.90750444,1,1
0,0,0.2605349,1,1
0,0,0.09741484,8,2
1,0,0.29472917,1,1
0,0,0.0194304,1,2
0,0,0.00030436539,9,1
1,0,0.077835314,1,2
1,0,0.3602822,1,1
1,0,0.3310958,3,2
0,0,0.2784872,1,1
0,0,0.007062096,8,1
0,0,0.110508695,1,1
0,0,0.0023838629,8,1
1,1,0.8827894,1,2
1,1,0.56181175,1,1
1,1,0.7022261,8,2
1,1,0.8120748,1,2
1,1,0.977215,6,1
1,1,0.7047374,9,1
1,1,0.9612515,1,1
0,0,0.003346224,6,1
0,0,0.12680346,2,2
0,0,0.13832283,6,1
1,1,0.8817159,1,2
0,0,0.4421125,8,1
1,1,0.8917325,9,1
0,1,0.5013224,9,1
0,1,0.83185476,1,1
0,1,0.88690674,1,2
0,1,0.7120458,1,2
1,1,0.92146254,1,2
1,1,0.951756,1,1
0,0,0.1911179,9,1
0,0,0.40849635,6,1
0,0,0.1920004,6,1
1,0,0.23017691,1,1
1,1,0.87061936,1,1
0,0,0.077606454,1,1
0,0,0.2225371,8,2
1,1,0.52201337,2,2
0,1,0.6799448,9,2
0,0,0.38787255,1,2
0,1,0.6469659,1,2
1,1,0.9949261,9,1
0,1,0.88197666,1,1
1,1,0.89805454,6,2
0,0,0.05675984,6,2
0,0,0.19981554,9,1
0,0,0.029805047,9,1
1,1,0.6534985,1,2
1,1,0.938632,9,2
1,0,0.32819396,2,1
1,0,0.48374084,6,2
1,1,0.6914823,1,2
0,0,0.012774483,9,1
1,1,0.79758483,1,2
1,1,0.83312595,6,1
1,1,0.7829794,1,1
0,0,0.054307017,6,2
1,0,0.2947578,9,2
0,0,0.077353396,9,2
0,0,0.05420209,6,2
0,0,0.030967467,6,2
0,0,0.47590035,1,2
1,0,0.47144994,1,2
0,0,0.0013114129,9,1
1,0,0.28569055,1,2
1,1,0.77771765,1,2
0,0,0.060076337,1,1
1,1,0.8919662,6,2
1,1,0.90520394,8,2
1,1,0.99282277,9,1
1,1,0.9416125,6,1
1,1,0.9835792,1,2
1,1,0.9161966,1,2
1,1,0.85658514,1,2
1,1,0.88621575,1,1
1,0,0.33990264,1,2
1,1,0.78278834,3,1
0,0,0.08222922,1,1
0,0,0.019442398,1,1
0,0,0.022013439,1,2
1,1,0.78204155,1,2
0,0,0.15658765,6,2
1,1,0.94400096,1,2
0,0,0.026053606,9,1
0,0,0.22993349,2,2
1,1,0.9850603,1,1
0,0,0.099869154,9,1
1,1,0.91916686,1,2
0,1,0.6677891,1,1
0,0,0.14792348,1,2
0,0,0.23746298,9,2
1,1,0.5911033,1,1
0,0,0.009718357,9,2
0,1,0.75904447,6,2
0,1,0.737409,1,2
1,1,0.96840054,1,1
0,0,0.04638352,8,1
1,1,0.83346874,1,2
0,1,0.54948115,1,1
0,0,0.0050742514,2,2
0,0,0.1231234,8,1
1,1,0.842454,1,1
0,0,0.10146016,7,1
1,1,0.7177782,6,2
0,0,0.17792502,1,2
0,0,0.21149203,9,1
1,1,0.6689064,1,1
1,1,0.9831829,1,1
1,1,0.92152816,1,2
1,1,0.8075259,1,2
1,1,0.72771937,1,2
1,1,0.9352767,1,1
0,0,0.07059219,6,1
1,1,0.6666768,2,2
1,1,0.85443276,1,1
0,0,0.10913824,6,2
1,1,0.8390752,1,1
0,0,0.07743579,9,1
0,0,0.007353111,6,1
1,1,0.951532,1,1
1,0,0.4988368,6,2
0,1,0.66806704,6,1
1,1,0.9385039,6,2
1,1,0.7573667,1,1
1,1,0.5065779,1,1
0,0,0.0074764257,1,1
0,0,0.35737306,1,2
0,0,0.0005468639,1,2
0,0,0.00226202,8,1
1,1,0.85740894,1,1
1,1,0.9811158,1,1
0,0,0.020068778,6,2
0,0,0.08459192,7,1
1,1,0.7072708,9,1
1,1,0.9866218,6,1
1,1,0.71681106,2,1
0,0,0.20027158,1,1
1,1,0.872772,8,2
0,0,0.06570328,8,1
1,0,0.02828285,8,2
1,1,0.9898245,1,2
0,0,0.22617733,1,2
0,0,0.017530479,8,2
0,0,0.07955467,3,1
1,1,0.86060697,1,1
0,0,0.024577832,1,2
0,0,0.21401414,2,1
0,0,0.02138963,8,1
0,0,0.0013907254,8,1
1,0,0.34530511,1,2
1,0,0.45356703,6,1
1,0,0.49787197,1,1
1,1,0.9119852,1,1
1,0,0.32184476,1,2
1,1,0.96729314,1,1
0,0,0.21862158,1,1
0,1,0.94547814,1,2
0,0,0.0036340335,8,2
0,0,0.015296914,9,2
0,0,0.054869656,9,2
1,1,0.97688544,1,1
0,1,0.5358657,1,2
1,1,0.9477504,1,1
1,1,0.55582386,8,1
0,0,0.0012052486,9,1
0,0,0.39114335,1,1
1,1,0.6525464,9,1
0,0,0.23053326,6,1
0,0,0.044715505,1,2
0,0,0.10309288,7,1
0,0,0.0065231635,9,2
1,1,0.77023005,9,2
1,1,0.9746489,1,1
0,0,0.19054678,2,2
1,1,0.94636714,2,1
1,1,0.9502023,1,1
1,1,0.98028004,1,1
0,0,0.0004195371,1,2
0,0,0.016463464,9,1
1,1,0.9674462,1,1
1,1,0.9985073,1,1
0,0,0.069404565,8,1
0,1,0.88616854,1,1
0,1,0.81398755,1,1
0,1,0.52497303,9,1
0,0,0.16064444,2,1
0,0,0.31370896,9,1
1,1,0.9705547,1,1
1,1,0.9566314,6,1
0,0,0.007830034,9,2
1,1,0.9232456,6,1
1,0,0.15845306,6,1
1,1,0.9197911,1,2
1,1,0.77113056,9,1
1,0,0.22013034,2,2
0,0,0.005521823,8,2
1,1,0.75994706,1,2
1,1,0.8857682,6,1
0,0,0.49234837,6,2
0,0,0.34501937,6,2
0,0,0.36535108,1,2
1,1,0.98850715,1,2
0,0,0.13882059,1,2
0,1,0.75365514,1,1
0,0,0.39018843,8,1
1,1,0.9566996,6,1
0,1,0.7147425,1,1
0,0,0.14779073,8,2
0,1,0.52379,1,1
0,0,0.00043360444,1,1
0,0,0.36122835,1,2
0,0,0.33426833,1,2
0,1,0.8375525,1,2
0,0,0.13701947,1,2
0,0,0.4981011,8,1
0,0,0.003381833,8,2
0,0,0.015390577,6,2
0,0,0.0108956555,9,2
0,0,0.0013377921,9,2
1,1,0.96235675,8,1
1,1,0.9011594,1,1
0,0,0.021479039,3,2
0,0,0.1315341,9,1
0,0,0.0004975456,1,1
1,1,0.7070698,9,1
0,0,0.020697126,1,1
1,1,0.94891834,1,1
1,1,0.94365764,6,1
1,1,0.7972339,1,1
1,1,0.7869393,1,1
0,0,0.35163078,6,1
0,1,0.868559,1,2
0,0,0.25415757,8,2
0,0,0.25328848,9,2
0,0,0.18370046,8,1
1,0,0.22007206,8,1
0,0,0.45631668,1,1
0,1,0.52501947,6,1
1,0,0.3635569,1,2
0,0,0.08614748,9,2
0,0,0.08426473,1,1
0,0,0.17297141,9,1
1,1,0.97742665,9,2
0,0,0.029155634,8,2
1,1,0.96550035,1,2
0,0,0.020847026,1,1
0,0,0.026187064,1,2
0,0,0.01926778,8,1
0,0,0.21243168,1,2
1,1,0.7068903,1,2
0,0,0.003039472,6,1
0,0,0.33271292,1,2
1,0,0.11323595,1,2
0,0,0.0371085,9,2
0,1,0.79011214,1,1
1,1,0.98485917,1,2
1,1,0.9480495,6,2
0,1,0.8945219,9,1
1,1,0.97643197,1,1
0,0,0.032673012,9,1
0,1,0.5419521,2,1
0,0,0.24425597,8,1
0,0,0.26203215,6,2
1,1,0.88117,6,1
1,1,0.8753949,1,1
1,1,0.79572177,8,1
0,1,0.8650487,9,2
0,0,0.21124054,1,1
0,0,0.37352014,8,1
0,0,0.10782675,9,1
1,1,0.84213537,1,2
0,0,0.3445292,8,1
1,1,0.7935158,1,2
0,0,0.012748255,9,1
0,0,0.10614572,6,1
1,1,0.97091204,1,2
0,0,0.22712386,8,1
1,1,0.92632484,1,1
1,1,0.96602964,9,1
0,0,0.38925153,9,2
1,1,0.87891185,2,1
0,1,0.82526106,3,1
0,1,0.8225924,2,1
1,1,0.8444578,9,1
0,1,0.8889975,1,1
0,1,0.9162784,1,2
0,0,0.014486749,9,1
1,0,0.032729212,7,2
0,1,0.6772142,9,1
0,0,0.033740602,9,1
1,0,0.32004124,8,2
1,1,0.98837495,1,1
0,0,0.09248215,8,2
0,0,0.4047872,1,1
0,0,0.29579633,6,1
0,0,0.023551295,1,2
0,0,0.0013545816,6,1
0,0,0.12904283,1,1
1,1,0.9649101,6,1
0,0,0.14551216,9,1
1,1,0.9370936,1,2
0,0,0.45883465,6,2
1,1,0.84365046,1,2
1,1,0.92255133,9,2
1,1,0.533609,9,2
0,0,0.07379198,9,2
0,0,0.029252445,1,2
0,0,0.15738074,9,1
0,1,0.75665736,6,2
0,0,0.20385538,9,1
0,0,0.015109319,1,2
0,0,0.0014108361,1,1
0,0,0.014504118,8,2
1,1,0.8727787,1,2
0,0,0.46732953,6,1
1,0,0.19921714,1,2
0,1,0.5098935,8,1
0,0,0.004936418,6,2
0,0,0.00064214546,6,2
0,0,0.19808507,8,1
0,1,0.8102948,1,1
0,0,0.0009936028,1,2
1,1,0.8830754,9,1
0,0,0.007605016,8,2
0,1,0.6923573,1,2
0,0,0.048751134,1,2
0,0,0.0069514704,9,1
1,1,0.93019867,1,1
1,1,0.9215749,1,1
0,0,0.038528666,6,2
0,1,0.89092654,1,2
1,0,0.16173187,8,1
0,1,0.84958243,6,2
1,1,0.68562376,1,1
1,1,0.6350538,1,2
0,0,0.012369726,8,2
1,1,0.90094984,6,1
0,0,0.00055017485,9,2
1,1,0.9339602,1,1
0,0,0.009110007,8,2
0,0,0.04877059,8,1
0,0,0.13721204,8,1
1,1,0.6285927,1,1
1,1,0.79398215,1,1
0,1,0.5949394,1,1
1,1,0.92057085,1,1
0,0,0.001513284,1,2
0,0,0.22686978,8,2
1,1,0.92176694,1,2
1,0,0.068809345,6,2
0,0,0.01574806,8,2
0,1,0.57779723,2,2
0,0,0.042377684,1,2
1,1,0.8942323,1,1
1,1,0.53084564,6,1
0,0,0.008458555,2,2
1,1,0.98024803,1,1
1,1,0.64214593,8,2
0,0,0.4384027,1,1
0,0,0.39735097,9,1
0,0,0.03011103,6,2
0,0,0.31688613,6,2
0,0,0.0003802121,9,1
1,1,0.8101033,1,1
0,0,0.0050487258,9,1
1,1,0.96894246,6,2
0,0,0.21837626,1,1
1,1,0.83330894,2,2
1,1,0.66721517,2,2
0,0,0.003421125,8,2
0,0,0.10669564,1,2
0,0,0.040628716,1,2
1,1,0.96831244,6,2
0,0,0.01409243,6,1
1,1,0.98155105,6,2
1,1,0.9383624,1,2
0,0,0.01578642,8,2
0,0,0.009647533,8,1
1,1,0.91691583,1,2
1,1,0.95800555,1,1
0,0,0.03236692,1,2
0,0,0.29746065,1,2
0,0,0.06695059,1,1
1,1,0.9411464,1,2
1,1,0.910176,9,2
0,0,0.016746815,6,1
1,1,0.9533718,1,1
1,1,0.74542147,1,2
0,1,0.6903052,6,1
0,0,0.082723305,1,2
0,0,0.1782064,2,1
0,0,0.3279121,8,1
1,1,0.5657627,1,1
1,1,0.96953315,1,1
1,0,0.3760064,1,2
1,1,0.8682031,6,2
0,0,0.15292071,6,2
1,1,0.9585313,9,1
0,0,0.0049560876,6,2
0,0,0.033650722,9,1
0,0,0.018756248,9,2
1,1,0.9014434,6,1
1,1,0.86161876,1,2
1,0,0.18896355,9,1
1,1,0.5669366,2,2
1,1,0.9772554,1,1
0,0,0.025214147,6,2
0,0,0.4771994,6,1
0,0,0.00059179665,6,1
0,0,0.013338846,6,2
0,1,0.7789083,1,1
1,1,0.9277642,1,1
1,1,0.94234234,6,1
0,0,0.24562386,9,1
0,1,0.9304575,1,1
0,0,0.47472602,9,2
0,0,0.11488633,9,2
0,0,0.09457437,3,2
0,0,0.021935565,8,1
1,1,0.62140965,6,2
1,1,0.8304458,6,1
0,1,0.53541714,1,1
1,0,0.10485166,8,2
1,0,0.02757568,8,1
1,1,0.5147011,6,1
0,0,0.010158806,8,1
0,1,0.6061729,1,1
0,1,0.6898315,8,1
0,0,0.2863942,9,2
0,1,0.5193209,2,2
0,0,0.008339082,2,2
1,1,0.9021528,9,1
0,0,0.3353861,1,1
0,0,0.03149494,6,1
1,1,0.7145727,1,1
1,1,0.9916534,1,1
1,1,0.95914704,9,1
0,0,0.18287413,2,1
0,1,0.64395654,6,1
1,1,0.93212926,1,1
0,0,0.0016387735,9,2
0,0,0.08293793,8,1
1,1,0.60468173,1,1
1,0,0.10047659,1,2
0,0,0.04673338,1,2
1,1,0.6456287,1,1
1,0,0.44749027,1,2
1,1,0.8750434,1,2
1,1,0.9918006,9,1
1,1,0.523806,9,2
1,1,0.9540008,1,1
1,1,0.94945276,1,1
1,1,0.8946728,1,1
0,0,0.29686508,1,1
1,0,0.13702019,8,1
0,0,0.38394186,8,2
1,0,0.32227045,8,2
0,0,0.02135091,2,1
0,1,0.683464,8,1
1,1,0.9066249,9,1
1,1,0.97694844,6,1
0,1,0.5705437,1,2
1,1,0.9342707,1,2
1,1,0.70364064,1,2
0,0,0.0028919987,1,2
1,0,0.17850089,1,1
1,1,0.7094559,2,2
1,1,0.6553886,9,1
0,0,0.0050965794,9,1
1,1,0.95883954,1,1
0,0,0.1364543,3,1
1,1,0.9559538,1,1
1,1,0.96294415,6,2
1,1,0.5684513,1,1
1,1,0.9014596,6,1
0,1,0.50929594,8,1
1,1,0.7015266,1,1
0,1,0.71708465,1,1
1,1,0.98727554,6,1
1,1,0.8808785,1,2
0,0,0.07060146,8,1
1,1,0.5515403,9,2
1,1,0.696828,2,2
1,1,0.9945768,1,1
0,0,0.0006275534,1,2
1,0,0.25007823,1,1
0,0,0.2806605,9,2
1,1,0.77268195,1,2
1,1,0.63134295,1,1
1,1,0.65362453,6,1
0,1,0.6649659,6,2
1,1,0.9971787,1,1
0,0,0.0017302285,9,2
1,1,0.972315,6,2
0,0,0.4026325,1,2
1,1,0.72211504,9,1
0,0,0.04508958,1,1
1,1,0.8113449,1,1
1,1,0.944024,9,2
1,1,0.7528938,8,2
0,0,0.001461867,2,2
1,0,0.40641582,8,2
1,0,0.3867008,1,1
0,1,0.8285942,8,2
0,1,0.9531253,1,1
0,0,0.31599116,1,2
1,1,0.9703673,1,2
1,1,0.9631897,1,2
0,0,0.20136525,8,1
0,0,0.20212387,8,2
0,0,0.13907118,1,2
1,1,0.95737916,1,2
0,0,0.04207732,8,1
1,1,0.8454024,1,2
1,1,0.94965744,9,1
0,0,0.03737359,1,1
1,1,0.98279667,6,1
1,1,0.8697401,1,1
1,1,0.9688451,1,2
0,0,0.17008938,1,2
1,1,0.76695275,1,1
1,1,0.62957126,1,1
1,1,0.89038944,9,1
1,0,0.2778988,1,2
1,1,0.9474604,7,2
0,0,0.00055884285,1,2
0,1,0.73888934,1,1
0,0,0.19829056,9,1
0,0,0.12225554,9,2
0,1,0.5901451,1,2
0,0,0.21120414,2,1
1,1,0.97035855,6,1
1,1,0.8642714,2,1
1,0,0.20744537,3,1
1,1,0.7802539,5,1
1,1,0.9613989,6,1
0,1,0.8380548,9,2
0,1,0.8463734,6,2
0,0,0.017589297,8,2
0,0,0.086232625,1,2
1,1,0.7433774,2,2
1,0,0.4606668,8,2
0,1,0.60495335,1,2
0,0,0.4162582,2,2
0,0,0.28741312,9,1
0,1,0.5889393,6,2
0,0,0.07554938,1,2
0,0,0.00016293857,9,1
1,1,0.99155337,1,1
1,1,0.5192273,1,1
0,0,0.036951024,1,2
0,0,0.417762,6,1
1,1,0.89993626,1,1
1,1,0.9327317,1,1
0,0,0.1563458,9,2
0,0,0.24205317,9,1
0,0,0.04801874,2,1
0,0,0.45373327,1,1
1,1,0.95978653,9,1
1,1,0.97739697,6,1
1,1,0.9589793,1,2
1,0,0.3594943,8,1
0,0,0.00020661643,8,1
0,0,0.24667539,1,2
0,0,0.104469925,9,2
1,1,0.5993427,8,1
1,1,0.81497866,1,1
0,0,0.2849903,1,1
0,1,0.6688601,2,1
0,0,0.008198485,6,2
1,1,0.9881037,1,1
0,0,0.08957121,1,2
0,0,0.037323136,1,1
0,0,0.2905212,8,2
0,0,0.07052005,1,2
1,1,0.95029724,6,1
1,0,0.2366047,8,1
1,1,0.5936208,1,2
1,1,0.8275109,6,1
0,0,0.27147692,6,2
0,1,0.671253,1,1
1,0,0.1449894,8,1
0,0,0.22416921,9,1
1,0,0.47126856,8,2
0,0,0.01695385,6,2
1,1,0.6538509,1,2
0,1,0.66327536,2,2
1,1,0.9896164,9,1
0,0,0.020136638,8,2
0,0,0.06356294,8,2
0,1,0.86428756,9,2
1,0,0.47664928,1,2
1,0,0.1838453,8,1
0,0,0.16757685,1,1
1,1,0.8447367,9,2
0,0,0.2541414,6,2
1,1,0.96711135,6,1
1,1,0.9716983,9,1
1,1,0.80088556,1,1
1,1,0.89581436,2,1
0,0,0.36857793,8,1
0,1,0.9669959,9,2
1,1,0.69397074,8,1
0,0,0.22702104,8,1
1,0,0.46449372,1,1
1,1,0.9740806,1,1
0,0,0.25238538,2,2
0,0,0.43004525,9,1
0,0,0.0031369198,9,1
1,1,0.95495015,1,1
1,1,0.92523855,1,2
0,0,0.11200009,1,1
0,0,0.06981809,6,2
1,1,0.75762504,1,1
1,1,0.914681,8,1
0,0,0.2198828,1,1
1,1,0.9766827,9,1
1,1,0.8055296,9,1
1,1,0.8903521,6,2
1,1,0.967902,1,2
1,1,0.69518024,8,2
1,1,0.90379584,1,2
1,1,0.97424614,6,2
0,0,0.022355229,6,2
0,1,0.8610773,8,1
1,1,0.8820237,1,2
0,1,0.8102505,1,1
0,0,0.030851835,8,1
1,0,0.06679957,8,2
0,0,0.08139542,1,2
1,1,0.7987162,1,2
0,0,0.13149591,8,1
0,0,0.09788269,1,2
0,0,0.0491492,6,2
0,1,0.60798335,6,2
1,0,0.44801033,1,1
0,0,0.3058817,8,1
1,1,0.9675683,1,2
0,0,0.033067714,8,2
1,0,0.39182198,3,1
0,0,0.00010477461,1,2
0,0,0.09437087,9,2
1,1,0.9627028,1,1
0,0,0.17510456,6,2
1,1,0.7046546,6,1
1,1,0.8558336,3,2
1,1,0.81319183,1,1
1,1,0.7618596,1,1
1,1,0.91838795,1,2
1,1,0.88765305,6,1
0,0,0.37285632,9,1
0,0,0.14879292,8,2
1,1,0.9033959,6,2
0,1,0.8825518,8,1
0,0,0.098846085,1,1
1,1,0.9100352,6,2
1,0,0.11081967,8,1
0,1,0.70938575,1,1
0,0,0.28778368,3,2
1,1,0.8357666,1,2
0,1,0.7536136,8,1
0,0,0.10185774,9,2
1,0,0.07862319,8,1
1,0,0.39331102,9,2
1,1,0.8810529,1,1
1,1,0.9050362,9,1
0,0,0.23989572,8,2
1,1,0.7842015,1,1
1,1,0.6361181,6,2
1,1,0.9541645,1,1
0,0,0.42851356,8,1
0,0,0.0019439083,1,2
1,1,0.9960526,1,1
1,1,0.5360243,2,2
0,1,0.65447485,1,2
0,0,0.034162667,1,2
1,1,0.6285914,1,2
0,1,0.8416775,6,2
1,1,0.8517105,1,1
0,0,0.00096668204,2,1
0,0,0.0011887057,1,1
0,0,0.00035285245,6,1
0,0,0.017100034,2,2
1,1,0.881555,1,2
1,1,0.9719937,1,2
1,1,0.8154996,1,1
1,1,0.8611669,1,1
0,0,0.0026032,8,2
1,1,0.97901446,9,2
0,0,0.034377266,1,1
1,1,0.8397005,6,1
1,1,0.62290287,1,1
1,0,0.07556127,6,2
0,0,0.008271433,1,2
0,0,0.31816968,1,2
0,0,0.026258532,8,1
0,0,0.042257845,9,2
0,0,0.093096085,1,2
0,0,0.25368422,8,1
1,1,0.95432097,1,2
1,1,0.98431224,6,2
1,1,0.77672565,1,2
1,1,0.91023815,9,1
1,1,0.9278705,9,1
0,0,0.3702641,1,1
1,1,0.95480245,1,1
0,0,0.12900749,1,2
0,0,0.19167586,1,2
1,1,0.76774305,8,2
1,1,0.87124425,1,2
1,0,0.4643595,6,1
1,1,0.8650982,1,2
0,1,0.5006851,2,1
0,1,0.80637974,1,1
0,0,0.0052924403,8,2
0,0,0.14717793,6,2
1,1,0.9498951,6,2
0,0,0.3320295,1,1
0,1,0.5536534,8,1
0,0,0.04894924,1,2
1,1,0.74491936,7,1
1,1,0.59270847,9,2
0,0,0.2816685,9,2
1,1,0.825964,1,1
1,1,0.80445385,6,2
0,0,0.1648843,8,1
0,0,0.025415199,6,2
0,0,0.009807353,9,1
1,1,0.87177086,9,2
1,1,0.7164434,1,1
1,0,0.49308318,1,2
1,1,0.75413686,1,1
1,1,0.6900047,1,1
1,1,0.7766366,1,2
1,1,0.797933,8,2
1,1,0.8443523,1,2
1,1,0.6166516,6,1
0,0,0.016323606,8,1
0,0,0.016163409,6,1
0,1,0.68533856,1,2
0,0,0.007932915,9,2
1,1,0.62940675,9,2
0,0,0.18064606,8,1
1,1,0.97633505,6,1
1,1,0.9707708,1,1
1,1,0.81005853,8,1
0,0,0.08238796,8,1
0,0,0.24283414,8,1
0,0,0.003971611,9,2
1,1,0.66835845,1,1
0,0,0.0991466,9,1
0,1,0.94333297,9,1
1,1,0.69120455,1,1
0,0,0.14765309,3,2
1,0,0.4349777,6,2
1,1,0.6457991,1,1
0,0,0.32360417,6,2
0,0,0.050144173,8,1
1,1,0.9388192,1,2
0,0,0.18415764,1,2
1,1,0.9765023,1,2
0,0,0.12937501,8,1
1,1,0.602779,9,2
1,0,0.20880935,6,2
1,1,0.9794209,1,1
0,0,0.054435816,8,2
1,1,0.76218736,9,2
0,0,0.06333603,6,1
0,0,0.12997635,1,2
0,0,0.0043498683,9,2
1,1,0.9162129,1,1
1,1,0.9379447,1,2
0,0,0.003297316,8,2
1,1,0.92024344,1,2
1,1,0.9128744,1,1
1,1,0.9149267,3,1
1,1,0.97306955,1,2
0,0,0.005948201,6,2
0,0,0.12103087,8,2
0,1,0.5950779,6,2
0,1,0.5059015,6,1
1,1,0.9286614,6,1
1,1,0.91132283,1,1
1,1,0.95927715,9,1
1,0,0.06584542,2,2
0,1,0.58213973,1,2
1,1,0.8647988,8,1
1,1,0.9781648,1,1
0,1,0.8032337,6,2
0,0,0.31323168,1,2
1,1,0.98640394,6,1
1,1,0.97973377,1,1
1,1,0.9937937,1,1
0,0,0.48572382,2,1
0,0,0.091620505,1,1
1,1,0.59312403,6,2
1,1,0.77256626,8,1
1,1,0.92287165,1,1
0,0,0.017102335,8,1
0,1,0.50033665,8,2
1,0,0.46756905,8,1
0,0,0.018975196,8,1
1,1,0.92314565,9,1
1,1,0.93602055,1,2
1,1,0.99308723,6,1
0,1,0.6079127,6,1
1,1,0.76507545,9,1
0,0,0.22624527,2,2
1,0,0.28738436,9,2
1,1,0.9340021,1,1
1,1,0.5450658,8,1
0,0,0.3553338,9,1
0,0,0.023907995,8,2
0,0,0.17538646,8,1
0,0,0.00044414343,6,1
1,1,0.98308265,1,1
1,1,0.861467,1,2
0,0,0.04314815,8,2
0,0,0.2370009,2,1
0,0,0.11059276,6,2
0,0,0.0019441296,9,1
1,1,0.99952507,8,1
0,0,0.0007254477,1,2
0,0,0.32917455,6,1
1,1,0.94508123,1,1
1,0,0.47653675,6,1
1,1,0.9635846,1,1
1,0,0.07227437,8,2
0,0,0.36475,6,1
1,1,0.95254225,9,2
1,1,0.7139385,1,1
0,0,0.029357756,6,2
0,0,0.02255235,9,1
1,1,0.99285287,6,1
1,1,0.7467612,1,1
0,0,0.00067221763,8,1
0,0,0.16535641,8,1
1,1,0.6485047,9,2
1,1,0.9516691,1,1
0,0,0.013361263,8,1
1,1,0.8370242,6,1
0,0,0.0021748762,1,2
1,0,0.49658784,8,1
1,0,0.29876283,6,1
0,0,0.022516126,1,1
1,1,0.981091,1,1
1,1,0.6703048,2,2
0,0,0.22281706,6,1
1,0,0.24174958,2,2
1,1,0.9571857,1,1
1,1,0.8715187,8,1
0,0,0.124619275,1,1
1,0,0.41394007,9,2
0,0,0.12607569,3,1
0,0,0.19785702,1,1
0,0,0.0017517571,6,2
0,0,0.14634155,2,2
1,0,0.3472471,6,1
0,0,0.31374648,9,1
0,1,0.63158906,1,1
0,0,0.011150431,1,2
1,1,0.9598034,6,2
1,1,0.9085095,1,1
1,1,0.80264974,8,1
1,1,0.949468,2,2
0,0,0.03180261,8,2
0,0,0.017584253,9,1
0,0,0.090804264,9,2
1,1,0.83221084,6,1
1,1,0.913897,1,1
0,1,0.73200005,8,2
0,0,0.04084976,9,2
1,1,0.56007624,8,1
0,0,0.11434082,8,2
0,0,0.0018126622,9,2
0,1,0.53468543,1,2
1,1,0.60366356,9,1
0,0,0.23512554,8,2
1,1,0.7490558,9,2
1,0,0.30550855,9,1
0,0,0.00010335934,9,1
1,1,0.6449945,1,2
1,1,0.9212749,1,1
1,1,0.9786299,1,2
0,0,0.01601639,9,2
0,0,0.41726354,6,1
0,0,0.09024607,6,1
0,0,0.03550389,6,1
1,1,0.90792775,1,1
1,0,0.10240624,9,2
1,1,0.9953029,8,1
0,0,0.01598026,9,1
1,1,0.6380141,1,1
0,0,0.23435831,8,1
0,0,0.033911683,6,2
1,0,0.34189364,8,2
1,0,0.19476365,1,2
1,1,0.8840444,5,1
1,1,0.78836983,9,2
0,0,0.09484297,9,2
0,1,0.775953,9,1
0,1,0.6845504,6,1
1,0,0.19662137,1,2
1,1,0.9991036,1,1
0,0,0.41129112,6,2
0,1,0.58785295,1,1
0,0,0.0017298227,8,1
0,0,0.057102315,1,2
1,1,0.9835541,1,2
1,1,0.7536464,1,1
1,1,0.74061227,1,1
0,1,0.84149665,6,2
0,0,0.0356221,9,2
0,0,0.0052509075,9,2
0,0,0.05177787,6,1
1,0,0.333795,1,1
0,1,0.8135014,1,2
0,0,0.13195895,1,2
1,1,0.7144552,1,1
1,1,0.55375206,6,1
0,0,0.15734214,1,2
0,0,0.0024576753,6,2
0,0,0.36441854,9,1
1,1,0.6700958,8,1
1,1,0.9522341,9,1
0,1,0.5729455,6,2
0,0,0.38633722,1,1
0,0,0.23748262,3,2
1,1,0.9396386,1,1
0,0,0.06400806,1,2
1,1,0.97769463,6,2
0,1,0.5436327,1,2
0,0,0.19106692,8,1
1,1,0.96401757,1,1
1,1,0.8181585,9,2
0,0,0.033881713,8,1
0,0,0.29333326,6,1
1,1,0.9712522,1,1
0,0,0.015017732,8,2
0,0,0.012932921,8,2
1,1,0.8347374,8,1
1,1,0.9215093,8,1
0,0,0.0750489,1,1
1,0,0.21674928,8,1
0,0,0.00027660848,6,1
1,0,0.3439112,7,1
1,1,0.9388827,1,1
0,1,0.5178372,1,2
1,1,0.9211041,1,2
1,1,0.9029199,9,2
0,0,0.069522746,8,1
1,1,0.9605694,1,1
0,0,0.012377569,8,1
1,0,0.005563753,6,1
0,0,0.00089838007,1,2
0,0,0.011852953,8,2
0,0,0.27214047,6,2
0,0,0.002970839,1,2
0,0,0.047112085,9,1
1,1,0.887005,8,1
0,0,0.10900158,1,2
0,0,0.030904246,5,2
1,0,0.33623555,6,2
1,1,0.9961558,1,1
1,1,0.5466021,6,2
1,1,0.8279731,1,2
1,0,0.03710764,3,2
0,0,0.005422094,1,2
0,0,0.1086834,6,2
0,0,0.030556262,9,2
0,0,0.20501153,8,2
0,0,0.32950786,2,2
0,0,0.08979799,9,2
0,0,0.28324687,8,1
0,1,0.5215038,1,1
1,0,0.31115383,1,1
0,0,0.05457333,1,2
1,1,0.8876185,1,2
0,0,0.25553602,2,2
0,0,0.16158421,1,2
1,1,0.91756123,1,2
0,0,0.20677325,8,1
0,0,0.001682779,9,2
1,1,0.9298063,6,1
0,0,0.015740108,8,1
0,0,0.072832644,1,2
1,1,0.9811385,1,2
1,1,0.9710923,1,2
0,0,0.010442716,8,2
0,0,0.047698714,6,2
1,1,0.81963784,6,2
1,1,0.94070554,1,1
0,0,0.06790552,8,1
0,0,0.0024712144,1,1
1,1,0.89741737,1,2
0,1,0.95822936,8,1
0,1,0.91814137,1,1
1,1,0.98437804,9,1
1,1,0.97888523,1,1
0,0,0.0051440774,9,1
1,1,0.9427699,1,1
1,1,0.85268134,9,1
0,0,0.45846897,9,2
1,1,0.8588936,6,2
1,1,0.9499829,1,1
1,1,0.96728444,9,1
1,1,0.9876857,1,1
0,0,0.0014270296,3,2
0,1,0.6140949,1,2
1,1,0.9480005,9,1
0,0,0.120594144,1,1
1,1,0.67086923,1,2
0,0,0.39573923,2,1
1,1,0.93016475,1,2
0,0,0.0014399971,9,2
0,0,0.20228583,8,2
0,0,0.15200365,9,1
1,1,0.9833398,1,1
1,1,0.96077365,9,1
0,0,0.15661287,9,2
0,1,0.62552196,1,1
1,1,0.84567577,1,2
1,1,0.75499874,6,1
1,1,0.944575,6,2
0,0,0.06453789,6,2
1,1,0.7557036,9,1
0,0,0.003259308,3,1
0,0,0.006347713,1,2
0,0,0.089690074,9,2
1,1,0.95672745,9,2
0,0,0.46893921,1,1
1,1,0.7408731,1,2
0,0,0.43712395,8,2
1,1,0.9889908,1,1
0,0,0.19338109,9,1
0,0,0.006158999,1,2
1,1,0.6880249,2,2
0,0,0.08061906,1,1
0,0,0.021760363,8,1
0,0,0.3735317,9,1
0,0,0.08417045,6,2
1,1,0.9537934,6,1
0,0,0.39144242,9,1
0,0,0.3405176,6,2
0,1,0.6430669,1,1
1,0,0.1296865,8,2
0,0,0.0028503446,9,2
1,1,0.9585435,9,1
0,0,0.0075690807,9,1
0,0,0.005460652,8,1
0,0,0.018872848,9,2
1,1,0.9046859,2,2
0,0,0.04059518,1,2
1,0,0.18622094,9,1
0,0,0.30841953,8,2
0,0,0.19285777,9,2
0,0,0.22848459,6,2
0,0,0.038453292,9,1
0,1,0.55443877,1,1
0,0,0.0007832324,1,1
0,0,0.118590124,1,2
0,0,0.04023971,6,2
1,0,0.16179934,9,1
1,1,0.90682334,1,2
0,0,0.004574702,8,2
1,1,0.6308168,6,1
1,0,0.44391042,1,1
0,1,0.9220157,1,1
1,1,0.6063622,1,1
0,0,0.050847687,6,1
0,0,0.011589679,9,2
0,1,0.963254,1,2
1,1,0.8390979,9,2
1,1,0.833413,9,1
0,0,0.1387717,3,1
0,0,0.28273994,1,2
0,1,0.9107712,6,1
1,0,0.14390405,6,1
1,1,0.5835338,1,2
1,1,0.9897938,9,1
0,1,0.84087867,2,2
1,1,0.7560168,1,1
1,1,0.82881415,6,1
0,1,0.5236858,9,2
0,1,0.5203097,1,1
0,0,0.04365766,1,2
1,0,0.18991707,1,2
1,1,0.95526814,1,2
1,0,0.20236358,1,2
0,1,0.7384951,1,1
0,0,0.19628431,8,1
0,0,0.2570041,6,2
1,1,0.94883406,1,2
0,0,0.023311127,9,2
1,1,0.8802463,1,1
0,0,0.118488945,8,1
1,1,0.9592079,1,1
0,0,0.30784664,1,2
1,1,0.6050221,1,1
0,0,0.13543352,9,1
1,1,0.8009717,1,2
0,1,0.9559064,1,2
0,1,0.7958872,1,1
0,0,0.19848874,1,1
0,0,0.10156956,6,2
1,1,0.9963897,2,1
1,1,0.9748175,1,1
0,1,0.91015595,1,2
0,0,0.025883267,9,1
0,0,0.002958361,8,1
1,1,0.9756689,6,1
0,0,0.08270465,6,2
0,0,0.0055423505,1,2
1,1,0.9442508,1,1
0,0,0.0008689251,1,1
1,1,0.5348571,6,2
0,0,0.037460938,1,1
1,1,0.94726676,1,2
0,0,0.2045868,9,1
1,1,0.9692628,1,1
0,1,0.9226282,8,2
0,0,0.3059515,9,2
1,1,0.58301526,9,1
1,1,0.9892753,1,1
0,0,0.0013904149,8,2
0,1,0.7190109,1,1
1,0,0.21542765,8,2
0,1,0.52804863,1,2
0,0,0.012666387,1,2
1,1,0.98531777,1,2
1,1,0.9742774,6,1
0,0,0.13942373,8,2
1,0,0.33801726,9,2
1,1,0.70594966,9,1
0,0,0.45363963,6,2
1,1,0.91647816,6,2
1,1,0.8731634,1,1
0,0,0.4016536,1,2
0,0,0.0044512185,8,1
0,0,0.038959052,1,1
1,1,0.94931537,1,1
1,0,0.38011324,1,1
0,0,0.0009514046,9,2
0,0,0.16002445,9,2
0,1,0.5215936,1,2
1,0,0.09853836,1,2
1,1,0.9761825,1,1
0,0,0.004917753,6,2
0,1,0.5141205,1,1
1,1,0.9802288,6,1
1,1,0.98593014,1,2
0,0,0.05640248,1,1
0,0,0.12746234,9,2
1,1,0.9351251,9,1
0,1,0.7632687,3,2
0,0,0.22517826,1,1
1,0,0.35917923,9,2
1,1,0.97648436,1,2
0,0,0.16372833,1,2
1,1,0.7798112,6,1
1,1,0.76853406,8,2
0,0,0.4304025,1,1
1,1,0.9979037,1,1
1,1,0.7156332,1,2
0,0,0.1624787,1,1
0,0,0.058998626,8,1
0,0,0.28469676,6,1
1,1,0.92668146,1,2
1,1,0.9795594,1,2
1,1,0.8097324,1,1
1,0,0.31229272,2,1
1,0,0.49758062,6,1
1,1,0.5589952,1,2
1,1,0.97894067,1,2
1,1,0.8742479,1,2
0,0,0.06810609,8,2
1,1,0.9536281,1,2
0,0,0.076703824,2,1
0,0,0.24226288,8,2
0,1,0.6424419,1,2
0,0,0.007021227,8,2
0,0,0.004537372,9,2
0,0,0.033301715,8,2
1,1,0.9887995,1,1
1,1,0.96025753,1,2
0,1,0.93738747,1,2
1,0,0.22318965,1,1
0,1,0.82683235,6,2
1,0,0.11157457,9,1
0,0,0.056365304,8,2
1,1,0.98718125,1,1
1,1,0.89614624,9,1
0,0,0.35277128,8,1
0,0,0.05924163,1,2
0,1,0.5359588,1,1
0,0,0.0065199877,9,2
0,0,0.08671459,6,2
0,0,0.24898277,9,1
1,1,0.9510989,1,2
1,1,0.8993036,6,1
1,1,0.9056611,1,1
0,0,0.12256051,8,2
1,1,0.57538044,2,1
0,1,0.5608523,6,1
1,0,0.43640953,9,1
0,0,0.011246968,8,2
0,1,0.8051466,1,1
1,1,0.9935276,6,1
1,1,0.9920031,9,1
1,0,0.33406198,1,2
0,0,0.24727215,6,2
1,0,0.37791649,8,1
0,0,0.42921507,1,2
0,0,0.13451315,8,2
0,1,0.5177732,9,1
0,0,0.050311927,1,2
0,0,0.0009321989,6,2
0,0,0.025831668,6,2
1,1,0.6409219,1,2
1,1,0.91530246,1,2
1,1,0.9064644,6,1
0,1,0.78801787,1,1
1,1,0.90874475,1,1
0,1,0.6200068,9,1
0,1,0.51824653,8,1
1,1,0.72285146,9,1
0,0,0.016788779,8,2
1,1,0.63879,1,2
0,1,0.83723664,6,2
1,1,0.9960962,6,2
1,1,0.9143789,3,2
1,0,0.34181005,8,1
0,0,0.032815475,1,2
1,1,0.99678564,1,1
0,0,0.0018825307,9,1
1,1,0.9949458,1,1
0,0,0.029029338,1,2
1,1,0.98946404,6,2
0,0,1.9789648e-05,6,1
0,1,0.52088356,6,1
1,0,0.054830845,6,1
0,0,0.23065174,1,2
1,0,0.031398594,9,2
1,1,0.5950869,1,2
1,1,0.8497049,1,1
1,1,0.6841229,6,1
1,1,0.95714456,6,2
1,1,0.9165026,1,2
0,0,0.11487928,1,1
0,0,0.38095757,1,1
0,1,0.71537817,8,1
1,1,0.8989271,6,2
1,1,0.8160869,1,2
1,1,0.94996727,1,2
0,0,0.48151547,9,1
1,1,0.8824401,8,2
0,0,0.15406622,2,2
0,1,0.962244,6,1
1,1,0.82460827,8,2
0,0,0.022866672,1,2
0,0,0.0002697753,6,1
1,1,0.97572213,9,1
0,0,0.09295709,1,2
1,0,0.057177663,2,2
1,0,0.288493,1,1
0,0,0.0022602612,8,2
0,0,0.021190217,1,1
0,0,0.4777038,2,2
0,0,0.1479005,9,2
0,0,0.062732734,1,2
1,1,0.9959346,1,1
1,1,0.81677955,1,1
1,1,0.9314559,6,2
0,0,0.11900074,1,2
0,0,0.07008931,9,1
0,0,0.00021507221,6,2
1,1,0.906964,9,1
0,0,0.007297063,1,2
0,0,0.30384472,1,2
0,0,0.0629216,6,2
0,0,0.0041662087,1,2
0,1,0.65084696,8,2
0,0,0.1977405,8,2
0,0,0.03040215,8,1
0,0,0.0563618,9,2
0,0,0.0028475446,1,2
0,0,0.049162105,8,2
0,0,0.30307254,9,1
0,0,0.27657732,1,2
1,1,0.5103283,6,1
0,1,0.7148956,1,2
0,0,0.0010976279,8,2
1,1,0.56195563,1,2
0,0,0.08908353,9,2
1,1,0.94204414,1,2
1,1,0.9240847,9,2
1,1,0.84728837,9,2
1,1,0.9583169,1,1
1,1,0.95369273,6,1
0,1,0.74388444,1,1
0,0,0.00020139782,9,1
0,1,0.58942956,1,2
1,1,0.9238958,6,2
0,0,0.06770887,6,2
0,1,0.6634791,1,2
1,1,0.6750451,1,2
0,0,0.033187557,9,2
1,1,0.9646653,6,1
1,1,0.92315817,1,2
0,1,0.9562287,9,2
1,0,0.366365,9,2
1,1,0.91445786,9,1
1,1,0.9811559,1,1
0,0,0.15224633,9,1
1,1,0.7956217,1,2
1,1,0.79648465,1,2
0,1,0.95907533,1,1
1,1,0.9369214,1,2
1,1,0.5020232,9,1
1,1,0.9641552,1,1
0,0,0.04363526,1,1
0,0,0.021105524,8,2
1,1,0.9833062,9,1
1,1,0.9380108,1,1
0,0,0.017226988,1,2
0,0,0.045559883,8,2
0,0,0.050181285,8,1
1,0,0.3559695,1,2
0,1,0.89931715,9,2
1,1,0.753618,1,1
0,0,0.25885403,9,1
0,0,0.31272167,1,1
1,1,0.97198254,7,2
0,1,0.8896726,2,1
0,0,0.01068521,8,2
0,1,0.73272204,6,2
1,1,0.7146695,1,1
0,0,0.14863224,1,1
1,0,0.094418176,9,1
0,0,0.1725053,8,2
0,0,0.012340703,8,2
1,1,0.92913777,6,2
1,1,0.9570232,1,1
1,1,0.945083,1,1
1,1,0.9625467,1,1
1,1,0.92139715,8,2
0,0,0.0071022366,3,1
1,0,0.3692559,1,2
0,0,0.22358894,8,1
0,0,0.051920667,6,1
0,0,0.053762883,9,2
1,1,0.9962453,1,1
1,1,0.83696973,1,1
0,0,0.04044602,8,1
1,1,0.9924515,6,2
1,1,0.9096651,1,2
0,0,0.19156009,8,1
0,0,0.13908754,1,2
1,1,0.70228374,8,2
0,1,0.73240036,9,1
0,0,0.22740003,1,1
0,0,0.21015808,8,1
0,0,0.19992036,9,2
1,1,0.96337587,1,2
0,0,0.027507322,9,1
1,1,0.9970356,1,1
0,1,0.84759957,2,1
0,0,0.3863557,9,2
1,1,0.9885035,9,2
1,1,0.9398348,1,1
1,1,0.9899384,1,1
1,1,0.94174576,1,1
0,0,0.19317797,9,1
0,0,0.021994852,9,2
0,0,0.19817694,8,1
1,1,0.9661824,6,1
0,0,0.3068836,8,1
0,0,0.049749702,1,1
1,1,0.8395359,6,1
0,0,0.48606753,1,1
0,0,0.038380384,8,2
1,1,0.65187347,1,2
1,1,0.93911046,9,2
0,0,0.031130467,9,2
0,0,0.0070851822,8,2
0,0,0.00020908334,9,1
0,0,0.04263006,1,2
1,0,0.46768075,8,1
1,1,0.85771203,1,2
0,0,0.038701322,9,1
0,1,0.8194156,6,1
0,0,0.47734278,6,2
0,0,0.34066686,6,2
0,0,0.0031616841,1,1
1,1,0.8660557,9,1
1,1,0.8670835,1,1
0,0,0.0021947715,1,1
0,1,0.50214255,1,2
0,0,0.0766059,8,2
1,1,0.8278599,1,2
0,0,0.060142435,9,2
0,0,0.36360407,6,2
1,1,0.9694536,1,1
1,1,0.9264395,9,2
0,0,0.14207628,7,1
0,1,0.62778306,9,1
0,0,0.2462206,8,1
1,1,0.90423286,6,2
1,1,0.7572195,6,2
1,1,0.9561317,1,1
1,1,0.93136615,9,2
0,0,0.21918242,8,1
0,0,0.0046719736,2,1
0,0,0.26196247,9,2
1,0,0.38891214,6,2
1,1,0.85333186,1,1
0,0,0.04967388,1,2
1,1,0.8008235,1,1
1,1,0.90112233,1,2
0,0,0.43038958,1,2
0,0,0.053993065,6,2
0,0,0.18412538,1,1
1,1,0.96306056,1,1
0,1,0.915936,1,1
0,0,0.0048738746,9,2
0,0,0.3439513,1,2
0,0,0.356731,6,1
1,1,0.6124646,1,2
0,1,0.6700629,9,1
0,0,0.057947364,8,1
0,0,0.049116533,8,2
0,0,0.1918791,1,2
0,0,0.02769072,2,1
1,1,0.8890486,9,1
1,1,0.9294257,6,1
1,1,0.942937,1,2
0,1,0.6774699,9,2
0,0,0.2693988,1,1
0,0,0.3610263,6,2
0,0,0.0546096,8,2
0,0,0.4665663,6,1
0,1,0.7317673,2,1
0,0,0.022680972,1,2
1,0,0.4722539,1,1
1,1,0.9022046,9,1
1,1,0.85134524,1,1
0,0,0.0014927335,3,2
0,1,0.61602753,8,1
1,1,0.5403629,9,1
1,1,0.81183463,6,2
1,0,0.455731,1,2
1,1,0.94298047,1,2
1,1,0.9599305,9,1
0,1,0.79507905,9,1
1,1,0.97310454,1,2
1,1,0.5973631,6,1
1,0,0.124567844,8,1
0,0,0.28081873,8,1
0,0,0.016389122,9,2
1,1,0.90042096,9,1
0,0,0.000589751,8,2
0,0,0.3160801,8,1
0,1,0.81628585,8,1
1,0,0.32289422,6,2
1,1,0.9547203,6,2
0,1,0.52349395,2,2
0,1,0.9655206,6,1
0,0,0.04856632,8,1
0,0,0.1349884,6,1
1,1,0.9814874,9,1
0,0,0.084620595,8,2
0,0,0.46642956,6,1
1,1,0.8937365,1,2
0,0,0.0034557495,9,2
0,0,0.0014889175,1,2
0,0,0.009362327,8,1
0,0,0.05092489,1,2
1,1,0.9826366,6,2
0,0,0.010747307,1,2
1,1,0.5650175,1,2
0,0,0.0033684897,9,1
1,1,0.76833,1,1
1,0,0.4130844,1,1
1,1,0.705929,1,2
0,0,0.01786359,9,2
0,1,0.94842225,6,1
0,0,0.07711622,1,1
0,0,0.00014943618,1,2
1,1,0.98782724,1,2
0,0,0.09508624,6,2
0,0,0.22453873,8,2
0,1,0.63258404,6,1
1,1,0.98510695,9,1
0,0,0.07820177,9,2
0,1,0.8935358,1,2
0,1,0.61661077,1,1
1,1,0.9923185,1,1
0,0,0.4066854,1,1
1,1,0.8037788,9,1
1,1,0.5788161,8,1
1,1,0.9441562,9,1
1,1,0.80162567,1,2
0,0,0.2468945,1,2
0,0,0.000779072,8,2
1,1,0.7179487,1,2
1,1,0.94611365,1,1
0,0,0.3705171,6,2
1,1,0.95925707,6,1
1,1,0.9699138,1,1
1,1,0.8460059,1,2
0,0,0.00060153485,1,2
0,0,0.13390502,8,2
0,0,0.017061152,1,2
1,1,0.961408,1,2
1,1,0.93186194,1,1
1,0,0.24424599,8,1
1,1,0.8766667,1,2
1,1,0.78435934,1,1
1,0,0.36865237,6,2
0,0,0.0025694184,6,2
1,1,0.8268378,1,1
1,1,0.71489316,1,1
0,0,0.010767107,8,2
1,1,0.55900043,1,2
1,1,0.9875547,1,1
0,0,0.11624826,9,2
1,1,0.61293185,8,1
0,0,0.1924354,1,2
0,0,0.037919093,8,2
0,0,0.054590967,2,2
1,0,0.26316467,9,1
0,1,0.7764381,6,2
0,1,0.5421254,1,2
1,1,0.7209414,6,2
0,0,0.052123487,8,2
0,0,0.038053103,9,1
0,0,0.025105277,9,2
0,0,0.005272461,1,1
0,0,0.17464389,6,2
1,1,0.97416854,1,2
0,0,0.007964165,9,1
0,0,0.021873845,8,1
0,0,0.08177434,8,2
0,0,0.11469825,6,2
1,1,0.54937315,1,1
0,0,0.02842605,8,1
1,1,0.9675456,1,2
0,0,0.0015905829,1,2
0,0,0.046208158,1,2
1,0,0.12657185,1,1
1,1,0.8504351,1,1
1,1,0.9928027,1,1
0,0,0.083008684,9,2
0,0,0.023923451,9,1
0,0,0.047327995,9,2
1,0,0.47238308,1,1
0,0,0.027655603,1,2
1,1,0.9270726,6,1
1,1,0.55467707,6,1
1,1,0.9826901,6,1
0,0,0.33133864,1,1
0,0,0.08102724,6,1
1,1,0.97676796,1,1
0,1,0.59061575,1,2
1,1,0.9808467,1,2
0,0,0.005512002,1,1
0,0,0.14002462,9,1
1,1,0.98514706,6,1
0,1,0.6563141,8,1
1,1,0.9126204,6,2
0,0,0.48102033,8,1
0,0,0.32736403,2,1
0,0,0.0069784718,6,2
0,0,0.08164845,9,2
0,0,0.11705005,1,2
1,1,0.8405093,9,2
0,0,0.0004205285,2,1
0,0,0.14239901,9,1
0,0,0.006418763,6,2
1,1,0.6252074,1,1
1,1,0.9895588,1,1
1,1,0.9125809,1,1
0,0,0.03419425,1,1
0,0,0.13263468,9,2
1,1,0.7955863,1,1
1,1,0.6136259,9,2
0,1,0.95828605,1,1
1,1,0.82867914,3,2
1,1,0.9824821,1,2
0,0,0.15881294,6,2
0,1,0.64810973,6,1
1,0,0.3024488,1,1
0,1,0.7351966,6,2
0,0,0.008398852,9,2
1,1,0.5357277,1,2
0,0,0.002637366,1,1
0,0,0.0022964268,9,2
1,1,0.8517846,1,2
1,1,0.7676286,1,2
1,1,0.99405354,6,1
1,1,0.9712038,1,1
0,1,0.67432684,1,2
1,1,0.9633125,2,2
1,1,0.8696938,1,1
0,0,0.3504501,8,1
1,1,0.95033026,1,1
0,1,0.8738121,2,2
1,1,0.810217,1,2
0,0,0.13406129,9,1
1,1,0.98155135,1,2
0,0,0.0015006142,6,2
1,0,0.3953229,1,2
1,1,0.9636757,8,1
0,0,0.35608608,8,2
0,0,0.01832372,8,1
1,0,0.062832564,6,2
1,0,0.34325683,8,1
1,0,0.3275623,1,1
0,0,0.22827919,6,1
0,0,0.33409563,1,1
1,1,0.9334989,6,2
1,1,0.8733644,3,1
1,1,0.9175297,3,2
0,0,0.09909031,1,2
0,0,0.0030274433,8,1
1,1,0.9841637,1,1
1,1,0.9469081,1,2
1,1,0.9812015,1,1
1,0,0.3075774,9,2
1,1,0.9804883,1,2
0,1,0.53235346,8,2
1,1,0.92513704,1,2
0,1,0.7111146,6,1
1,1,0.6321912,6,1
1,1,0.78960365,1,2
1,1,0.5743655,1,1
0,1,0.58983976,1,1
0,1,0.79433197,1,2
1,1,0.8373154,1,1
1,1,0.96540356,1,1
1,0,0.4952882,1,2
1,1,0.95939595,6,2
0,0,0.22130987,1,2
1,1,0.61004287,1,2
0,1,0.8639053,6,2
0,0,0.2590303,1,1
0,0,0.033135593,1,2
0,0,0.47278664,1,1
1,1,0.82481265,1,1
0,0,0.0059150797,9,2
0,0,0.1321474,2,1
0,1,0.6128872,1,2
1,1,0.7740342,6,1
0,1,0.5668624,1,1
0,0,0.11303169,1,2
1,1,0.9716481,1,1
0,0,0.26284358,8,2
0,0,0.12509787,9,1
0,0,0.045620438,1,2
1,1,0.8067282,8,1
0,1,0.9243311,1,1
1,0,0.3853102,2,2
1,1,0.61667955,9,2
0,0,0.39890763,9,1
0,0,0.14305021,1,1
1,1,0.93708646,1,1
1,0,0.09067392,9,1
0,0,0.46508718,1,1
1,1,0.9089867,1,2
1,0,0.39306796,1,1
0,0,0.08706163,8,1
0,0,0.05150448,8,2
0,0,0.28625295,1,2
0,0,0.06406831,2,2
0,0,0.2644969,6,1
0,1,0.91311795,1,2
0,0,0.001556405,9,2
1,1,0.979813,1,2
1,1,0.98749316,6,1
1,0,0.18278962,8,1
0,0,0.28511566,8,1
0,0,0.010900148,6,2
0,0,0.44896525,2,2
1,0,0.119789094,8,1
1,0,0.23740841,1,1
0,1,0.5350503,6,2
0,0,0.15804088,1,2
0,0,0.05451376,1,2
0,0,0.14264947,8,1
1,1,0.95473224,6,1
1,1,0.9449737,1,2
0,0,0.0014161471,8,2
0,0,0.0065710344,1,2
0,0,0.04411431,6,1
0,0,0.021398485,1,1
0,1,0.90815896,6,1
1,1,0.83416843,1,2
0,1,0.8449421,1,1
0,1,0.6229624,1,2
1,1,0.9589336,1,1
1,1,0.97446036,1,2
1,1,0.6894876,9,1
0,0,0.13385305,6,2
1,1,0.94232446,6,1
1,1,0.99295384,1,1
1,0,0.12321979,1,2
1,1,0.93438387,1,2
0,0,0.106221184,1,2
0,0,0.0051388773,1,1
1,1,0.8358888,1,2
0,0,0.0011146044,8,2
0,1,0.7425233,6,2
0,0,0.0014128058,9,2
1,1,0.96885675,1,1
0,0,0.044935714,6,2
0,0,0.035428472,1,2
1,1,0.95809144,1,1
0,0,0.30598554,8,1
0,1,0.6342132,8,1
0,0,0.017516213,9,2
1,1,0.9109498,8,1
0,0,0.44146252,8,2
1,0,0.3892867,8,2
0,0,0.008036399,2,2
1,1,0.99027467,6,2
1,1,0.8810508,1,1
0,0,0.009481512,1,1
0,0,0.014152787,1,1
0,0,0.008674136,9,1
1,1,0.73859984,1,2
1,1,0.98671675,6,1
1,1,0.91101015,9,1
0,0,0.0022225175,6,1
1,1,0.81643295,1,2
0,0,0.17617553,6,2
0,0,0.042756658,6,2
0,0,0.072262675,6,2
0,0,0.38374665,1,1
1,1,0.80273455,1,2
1,1,0.73606735,8,2
1,0,0.108576,1,1
1,1,0.72431386,1,2
1,1,0.9860962,1,2
0,0,0.0053074425,6,1
1,1,0.823727,6,1
0,1,0.58653766,1,2
0,0,0.001132727,8,2
1,0,0.4301433,1,1
0,0,0.21373539,9,2
1,1,0.9221494,2,2
0,0,0.23753615,9,1
0,0,0.019152751,6,2
0,0,0.0012121628,8,1
1,1,0.7016386,5,2
0,0,0.13750805,1,2
0,1,0.86864805,1,2
0,0,0.045558896,6,1
1,1,0.69747335,1,1
1,1,0.90209854,1,2
0,0,0.010326028,8,2
1,1,0.91787195,1,2
0,0,0.007065725,8,1
0,0,0.0011901202,1,1
0,0,0.12606679,2,2
1,1,0.88770896,8,1
1,1,0.9867365,1,1
0,0,0.08213926,8,1
0,0,0.09596795,8,2
0,0,0.03825937,1,2
0,0,0.28584915,8,1
1,0,0.146212,1,2
0,1,0.91719204,1,1
0,0,0.0073570064,9,2
0,0,0.121492274,1,2
0,0,0.00062187127,8,2
1,1,0.6680922,8,2
1,1,0.50603265,1,1
1,1,0.88596994,6,2
1,1,0.6490676,1,1
1,1,0.92699957,1,1
0,0,0.43558332,1,2
1,1,0.85811484,1,2
1,1,0.60017383,1,2
1,1,0.52826977,6,2
0,0,0.15492837,8,2
1,1,0.9714684,1,1
0,0,0.0015788061,1,2
0,0,0.37072352,9,1
0,0,0.08400945,6,2
0,0,0.013007474,8,1
1,1,0.6163488,6,1
0,0,0.0011392832,9,2
1,1,0.9947805,6,1
1,1,0.6470926,8,1
0,1,0.71565634,2,1
0,1,0.62268233,6,2
0,0,0.015452413,9,2
0,0,0.123126075,1,2
0,1,0.7961713,1,2
0,0,0.16289707,8,1
0,1,0.9830846,6,1
0,0,0.08598537,9,2
1,1,0.90192825,6,2
1,0,0.34077746,9,1
1,1,0.9870489,1,2
1,1,0.95801663,6,2
0,0,0.0034145454,9,1
1,1,0.6774822,9,2
1,1,0.8502856,1,1
0,0,0.021650448,1,1
1,1,0.9513459,1,1
1,1,0.96851975,1,1
1,1,0.99902046,1,2
0,0,0.018607717,8,1
1,0,0.3268757,9,1
0,0,0.09222358,9,2
0,1,0.7196274,1,1
0,0,0.1112549,8,2
0,0,0.014989777,8,2
0,0,0.043290976,1,2
0,0,0.37026244,8,1
0,0,0.13046841,9,2
0,0,0.034503344,9,2
1,1,0.9597378,1,1
1,0,0.08868258,6,2
1,1,0.88918746,1,2
0,0,0.023799308,1,2
1,1,0.864073,1,2
0,0,0.42817196,9,1
1,1,0.9932944,6,1
1,1,0.78118384,6,1
1,1,0.8361016,8,1
0,0,0.050165195,8,1
0,1,0.83488524,1,1
0,0,0.3093457,9,2
0,1,0.51363695,8,2
0,0,0.050137606,9,2
1,1,0.96711373,6,1
1,1,0.75437677,6,1
1,1,0.9312284,1,2
0,1,0.95478183,6,2
1,1,0.95688087,1,2
1,1,0.9007916,8,2
0,0,0.22390752,1,2
1,1,0.92791134,1,1
0,0,0.30697381,1,2
1,1,0.8608736,2,2
0,1,0.6629821,6,1
0,1,0.97078806,1,2
1,1,0.77658665,1,2
0,1,0.72072464,6,1
1,1,0.7564871,6,2
0,0,0.00033604974,1,2
0,0,0.1698827,8,2
0,0,0.04759829,1,1
0,1,0.9297162,6,1
1,1,0.96522784,9,1
1,1,0.5505454,2,2
0,0,0.36712962,1,2
1,1,0.96216846,9,1
1,1,0.9557967,8,1
0,0,0.22735469,8,2
1,0,0.38533884,8,1
1,1,0.959736,1,2
1,0,0.3774556,9,1
0,0,0.03300768,8,1
1,1,0.9913366,6,2
0,0,0.109159805,1,1
1,1,0.88851136,1,1
0,1,0.6957621,9,1
1,1,0.99639696,6,1
1,0,0.0569876,1,2
0,0,0.07634414,8,2
0,0,0.17475508,8,2
1,1,0.8761336,1,1
1,1,0.59556526,8,1
0,0,0.022317091,8,2
0,0,0.041544758,8,1
0,0,0.033046782,9,2
0,0,0.12525679,6,1
0,0,0.06385563,9,1
0,1,0.52389336,6,1
1,0,0.44051152,8,2
0,1,0.576834,6,2
1,1,0.91653556,1,1
1,0,0.34727302,1,1
1,0,0.012439972,8,1
1,1,0.8887452,6,2
1,0,0.46304896,8,2
1,1,0.98419845,6,1
1,1,0.8119604,9,1
1,1,0.94681174,1,2
1,1,0.9503138,9,1
0,1,0.65556103,1,2
1,1,0.98700935,1,2
0,0,0.0038300722,8,2
0,1,0.8114048,1,1
1,1,0.60436356,1,1
1,1,0.9779373,6,1
1,1,0.90587574,6,1
1,1,0.53178304,6,1
0,1,0.73535645,9,2
0,0,0.3411824,1,2
0,0,0.014595973,6,2
0,0,0.08716635,1,2
0,0,0.004515538,8,2
0,0,0.03646571,6,2
1,1,0.64667445,1,2
1,0,0.42232135,6,1
0,0,0.43043515,8,2
1,1,0.98027873,1,1
1,1,0.821076,1,1
0,0,0.010958729,8,2
1,1,0.569084,1,2
1,0,0.45278054,1,1
0,1,0.9750234,9,1
1,1,0.99888366,1,1
0,0,0.14649774,8,2
0,0,0.0021763244,1,2
1,1,0.94804615,9,2
1,1,0.88240707,1,1
1,1,0.9713111,6,1
0,0,0.35379854,6,1
1,1,0.59100395,2,2
0,0,0.047808897,1,2
1,1,0.9160019,1,2
1,0,0.3241446,1,1
1,0,0.29686365,1,1
1,1,0.7600556,6,1
1,0,0.1761675,8,1
0,0,0.13474461,9,1
0,0,0.09448115,3,1
1,0,0.13708043,8,1
0,0,0.07899098,6,1
0,0,0.0065720496,9,1
1,1,0.53364754,1,2
0,0,0.24455616,1,1
0,0,0.006543284,6,1
1,1,0.850836,1,2
0,0,0.008514692,1,2
1,0,0.07089613,3,1
1,1,0.9392248,1,1
0,0,0.0068342234,9,2
1,1,0.9853292,6,1
0,1,0.9807108,1,1
0,0,0.006048477,8,2
1,1,0.9599686,1,2
0,0,0.20808394,8,2
0,0,0.0046129297,8,2
1,1,0.8609748,6,2
1,1,0.927559,9,2
1,1,0.9355861,1,2
1,1,0.954754,1,2
1,1,0.9182979,1,2
1,1,0.9755425,6,1
1,1,0.9922625,1,1
1,1,0.99428695,1,1
0,0,0.006248939,1,1
1,1,0.87592566,6,2
0,0,0.010780595,1,2
1,1,0.9961325,9,1
0,0,0.45485213,6,1
0,0,0.0048308014,2,1
0,0,0.11343631,6,1
0,0,0.119556524,8,2
0,0,0.041457754,2,2
1,1,0.54792935,9,1
0,0,0.09066232,8,2
1,1,0.88809174,1,2
0,1,0.6298777,6,2
0,0,0.12188532,8,2
1,1,0.65492743,8,1
0,0,0.076274686,6,2
1,1,0.9504529,9,2
0,0,0.11477023,9,1
1,1,0.9256949,6,2
1,1,0.91313314,6,1
1,1,0.5106692,9,1
1,1,0.72164273,9,1
1,0,0.25605065,9,2
0,0,0.12966551,8,2
0,1,0.5488685,9,1
0,0,0.088867776,2,2
1,1,0.9227355,1,1
0,0,0.4964322,9,1
1,1,0.7082615,9,2
0,1,0.63653505,1,2
0,0,0.43623242,1,2
1,0,0.4504413,8,1
0,0,0.023406016,6,2
0,0,0.0072779204,9,2
0,0,0.027874481,8,2
1,1,0.8159007,6,2
0,0,0.18230015,1,2
1,1,0.81850827,8,1
1,1,0.705977,6,2
0,0,0.15486105,9,2
0,0,0.18350977,2,2
1,1,0.69563395,2,1
0,0,0.044618182,3,1
0,0,0.038554754,9,2
0,1,0.657305,1,2
1,1,0.83385324,1,1
0,1,0.67432386,9,1
0,1,0.94714487,2,2
0,0,0.11849125,2,2
1,1,0.9948926,1,1
0,0,0.17673862,1,2
1,1,0.8921589,1,2
1,0,0.13472264,6,2
1,1,0.9460329,1,2
1,1,0.8294351,2,2
0,1,0.9636266,8,2
1,1,0.97131497,9,1
0,0,0.2938121,9,2
1,1,0.9868132,9,2
0,1,0.8939953,9,2
0,1,0.8613801,1,1
0,0,0.21015358,8,1
1,0,0.21079879,6,2
0,1,0.5802917,6,2
0,1,0.89224166,9,1
1,1,0.7575273,1,1
0,0,0.24393387,8,1
0,0,0.04389317,1,2
1,1,0.8666794,1,1
1,1,0.8486088,1,1
0,0,0.08102321,1,1
1,1,0.80978215,9,2
1,1,0.7346972,6,2
1,0,0.35160494,1,1
1,1,0.9405217,1,1
0,0,0.002639562,8,1
1,1,0.9301278,9,2
1,0,0.41368756,2,1
1,1,0.73385054,8,1
1,1,0.99381256,1,1
1,1,0.9838372,6,1
1,1,0.94794244,1,2
0,0,0.015366611,1,1
1,1,0.8455467,6,1
1,1,0.9822067,1,2
0,0,0.016676046,8,2
1,1,0.82847553,1,1
1,0,0.23856734,8,1
1,1,0.99291116,1,1
1,1,0.8695127,1,1
1,1,0.5423055,8,2
1,1,0.9459467,1,1
0,0,0.0058989795,1,2
0,0,0.03442534,2,1
1,1,0.55227304,9,2
1,1,0.91458863,1,2
1,1,0.98738736,6,2
1,1,0.80325675,1,1
1,1,0.8579966,6,2
1,1,0.6793658,1,2
0,0,0.07633343,1,1
1,1,0.9900497,6,1
0,0,0.041112427,8,1
1,1,0.9912509,1,2
0,1,0.7512092,2,1
1,1,0.8922146,6,1
1,1,0.9782809,1,1
1,1,0.85079145,1,1
0,0,0.0012850037,8,2
0,0,0.3357835,6,2
0,0,0.16208892,1,1
0,1,0.7643567,1,2
1,1,0.6990762,1,1
1,1,0.97985965,2,2
0,1,0.94216126,8,1
0,0,0.16252293,8,1
1,1,0.6069929,8,1
0,0,0.1851604,9,2
0,0,0.002183193,1,2
0,0,0.045321923,8,2
1,0,0.26777562,6,2
1,0,0.4534136,1,1
1,1,0.9630925,1,1
1,1,0.91354096,1,2
1,1,0.9441918,1,1
1,1,0.7481169,6,1
1,0,0.4943717,6,1
1,1,0.8669582,8,1
1,1,0.90268946,1,1
0,1,0.99932194,1,1
0,0,0.07350876,5,1
1,0,0.38809815,1,1
0,0,0.016342826,8,2
0,0,0.45876852,8,1
0,0,0.21088935,8,1
0,0,0.08197123,8,1
1,1,0.9058484,8,1
1,0,0.153178,8,1
0,1,0.95764244,8,2
0,0,0.0014466185,6,1
0,0,0.0006790157,9,2
0,1,0.70341104,8,1
0,0,0.19446486,1,1
0,1,0.7792135,6,2
0,0,0.49242133,9,1
0,0,0.18081613,9,1
0,0,0.15309986,1,2
0,0,0.0009203452,1,1
1,1,0.9398291,2,1
1,1,0.7366021,8,2
0,0,0.21655548,6,2
1,1,0.6957971,8,1
1,0,0.3101613,1,1
0,0,0.48371986,1,1
1,1,0.9246746,6,2
0,0,0.40811777,6,2
0,1,0.72800434,9,2
0,1,0.77655756,1,2
1,0,0.29014933,9,1
0,0,0.1369628,8,2
1,0,0.040479485,1,1
0,0,0.000103643775,9,2
1,1,0.5665059,1,2
0,0,0.016607268,8,1
1,1,0.7001727,6,1
0,0,0.0070661,9,2
1,0,0.3304128,8,1
1,1,0.791494,9,1
0,0,0.12761799,8,1
0,1,0.604554,9,1
1,1,0.57288057,8,1
0,0,0.46298364,8,1
1,1,0.8949047,8,2
0,0,0.47506896,8,1
1,1,0.8827549,1,2
0,0,0.1392423,1,1
0,0,0.03943587,9,2
0,0,0.13643877,9,2
0,1,0.6020745,1,2
0,1,0.5707713,6,2
0,0,0.0005558274,3,1
0,0,0.07633935,9,1
0,0,0.008482179,2,2
0,0,0.143508,9,1
1,1,0.82222086,9,2
0,0,0.06894248,1,1
0,0,0.048474442,1,1
0,0,0.00035186252,8,2
1,0,0.28668007,2,2
0,0,0.07816464,1,1
1,1,0.83908695,1,1
0,0,0.013424939,8,2
0,0,0.33426118,9,1
1,1,0.9906398,1,1
0,0,0.025644297,8,2
0,0,0.15285212,9,1
1,1,0.70347005,8,2
1,1,0.99184155,6,2
0,0,0.0748649,3,1
1,1,0.94426876,1,1
0,0,0.055264965,9,1
0,0,0.30357233,2,1
0,0,0.01699188,9,2
0,0,0.364757,8,2
0,1,0.6493531,1,1
1,0,0.2807175,1,2
1,1,0.6778891,6,2
1,1,0.525816,9,1
0,1,0.8720961,9,1
1,1,0.8872557,1,1
0,0,0.12021974,6,2
1,1,0.8654913,6,2
0,0,0.011518026,1,2
0,1,0.67459524,1,1
0,0,0.14431256,8,1
1,1,0.92273897,2,1
0,0,0.025504325,9,2
1,0,0.2748929,1,1
1,1,0.8233122,2,1
1,1,0.81538457,1,2
1,1,0.9895439,6,1
1,0,0.2048501,6,1
0,1,0.88720834,6,1
0,0,0.02386242,1,2
0,0,0.05674731,1,1
0,1,0.62846595,1,1
0,0,0.22624461,5,2
0,0,0.18334791,6,1
0,0,0.08879625,9,1
0,0,0.4014929,9,1
1,1,0.932063,6,2
0,0,0.0011636391,6,1
0,1,0.76535517,1,2
0,0,0.0021137723,9,2
0,0,0.028135395,8,2
0,0,0.010788002,8,2
1,1,0.58120143,1,1
0,0,0.16740642,8,1
0,0,0.02349706,9,2
0,0,0.0011436424,1,1
1,0,0.13712204,1,1
0,0,0.026796676,1,1
1,1,0.97290415,6,1
0,0,0.040740035,6,2
1,1,0.9948992,1,1
1,1,0.81594396,8,2
1,1,0.9146468,1,1
1,0,0.43318337,6,2
0,0,0.43103808,9,1
1,1,0.80192286,9,1
0,0,0.035147432,6,1
1,1,0.7069784,8,1
1,1,0.98660547,9,1
1,1,0.9588929,1,1
1,1,0.98023236,6,1
0,0,0.015276092,6,2
0,0,0.012386352,9,1
1,1,0.6905364,9,1
1,1,0.68536776,6,2
0,0,0.4487563,1,2
0,0,0.0020205586,6,2
1,0,0.37673333,9,2
0,0,0.19911128,8,2
1,0,0.31591395,9,1
0,0,0.008970906,8,1
0,1,0.6395704,9,1
1,0,0.2933596,6,1
0,0,0.044652138,1,1
0,0,0.15006796,9,1
1,1,0.95987284,6,2
0,0,0.0898882,9,2
1,0,0.15581328,1,2
0,0,0.42611736,8,1
0,0,0.0010612817,1,1
1,1,0.59340906,6,2
1,1,0.94585305,6,1
0,0,0.19865067,9,1
0,0,0.0027923936,1,1
0,0,0.28971666,6,2
0,1,0.8157175,1,2
0,0,0.128318,9,2
1,1,0.75232637,8,1
0,0,0.28515768,1,2
1,0,0.45765394,5,2
1,1,0.6167681,6,1
0,0,0.27112308,6,2
1,0,0.35024354,8,1
0,0,0.00023091587,2,1
0,0,0.02437534,1,1
1,1,0.7795281,8,1
1,1,0.693636,1,1
0,0,0.038416013,8,1
0,1,0.79914,1,1
0,0,0.0828898,9,2
0,0,0.015910236,1,2
1,0,0.15393637,8,1
1,1,0.9790029,1,1
1,1,0.97020704,1,2
0,1,0.63329464,6,2
1,1,0.79322594,8,1
1,1,0.99033606,1,1
1,1,0.88022697,1,2
0,1,0.5916949,1,2
0,0,0.07837274,1,1
1,0,0.37144446,9,2
1,1,0.78211415,1,2
1,1,0.92224085,1,2
0,0,0.00017896362,6,1
1,1,0.8617741,9,2
0,1,0.5612431,8,1
1,1,0.94257605,1,1
0,0,0.12995768,9,1
1,0,0.1843856,9,1
0,0,0.22731788,8,1
0,0,0.02040431,1,1
0,0,0.16961724,8,2
1,1,0.88143444,9,1
1,1,0.96398675,9,1
1,1,0.9871594,1,1
1,1,0.9647249,8,2
1,1,0.5279874,8,1
0,0,0.06899012,8,2
1,0,0.42107555,6,2
1,1,0.7280089,9,1
1,1,0.94977087,6,1
0,1,0.53143096,9,1
0,0,0.22207214,8,1
0,1,0.6605097,8,2
0,0,0.02991818,6,1
1,1,0.5235308,1,2
1,0,0.20490853,8,1
1,1,0.9549543,1,1
0,0,0.0012879273,1,2
0,0,0.23164944,8,1
0,1,0.5980072,1,1
1,0,0.061690863,8,1
1,1,0.6042224,1,1
0,0,0.006786161,9,2
0,0,0.004999988,1,2
1,1,0.8880934,1,1
1,1,0.7680216,1,2
0,0,0.38183793,2,1
0,0,0.08949017,6,1
0,0,0.17662193,1,1
0,0,0.014197244,8,2
1,1,0.62637246,6,2
0,0,0.028701155,6,2
1,1,0.792006,1,1
0,1,0.74957985,8,1
1,1,0.56109875,1,2
1,1,0.9386854,1,1
0,0,0.10366256,9,1
0,0,0.31767797,8,1
0,0,0.0016186961,9,2
1,1,0.969003,1,2
0,0,0.06566484,1,1
0,0,0.007119622,8,1
0,1,0.72662115,6,1
1,1,0.85550934,1,1
1,1,0.9297733,1,1
1,0,0.32172143,6,2
0,0,0.0041417726,1,2
1,1,0.94400144,9,1
1,1,0.77068806,9,1
1,1,0.99241525,1,1
1,1,0.905755,1,1
1,0,0.031785898,2,1
0,0,0.092540614,8,1
1,1,0.95522684,8,2
1,1,0.8155174,8,1
0,0,0.005655096,1,2
1,0,0.08765816,8,1
0,0,0.18406568,2,1
0,0,0.11486926,8,2
1,1,0.9324736,1,1
0,0,0.035367113,6,2
0,0,0.3712874,2,1
1,1,0.9716206,1,1
1,1,0.6265178,8,2
1,0,0.15691102,9,2
1,1,0.9169364,1,2
1,1,0.71506774,1,2
1,0,0.45637834,8,2
1,0,0.023828577,6,2
1,1,0.886303,6,1
1,1,0.97342944,6,2
1,1,0.8078876,6,2
0,1,0.8321252,7,1
0,0,0.0036877985,8,2
0,0,0.050529998,9,2
1,1,0.7089962,8,1
1,1,0.90778863,1,1
0,0,0.012316276,9,2
0,0,0.061540868,1,1
1,1,0.9665257,1,1
0,0,0.27472645,9,1
1,1,0.7824275,8,1
0,0,0.17203481,9,1
1,1,0.9881781,6,1
0,1,0.5845897,1,1
0,0,0.3854033,1,1
0,0,0.06471596,8,1
0,0,0.0005120909,6,1
1,1,0.9439956,1,2
0,0,0.024439314,8,1
0,0,0.054175705,1,2
1,1,0.9657824,9,1
0,0,0.22413966,6,2
0,0,0.044436667,8,2
0,1,0.865778,1,2
1,1,0.7483316,8,1
1,1,0.8978624,8,1
0,0,0.17840949,1,2
1,1,0.9562337,1,1
1,1,0.96003145,6,1
0,0,0.037658185,8,2
0,0,0.07668703,6,2
1,1,0.7147412,6,1
0,0,0.00040458312,9,1
1,1,0.9835392,6,1
1,1,0.5085616,2,2
0,0,0.0036275215,1,1
1,1,0.7951234,1,1
1,1,0.7951221,1,2
0,0,0.0496929,1,1
0,0,0.24044129,8,2
0,0,0.05712441,1,2
0,0,0.07154952,8,2
0,0,0.26571664,1,1
1,1,0.90355974,6,1
0,0,0.0075109615,1,1
1,1,0.5878373,1,1
0,0,0.0035292327,1,2
0,0,0.088208355,6,2
0,0,0.1753768,6,1
0,0,0.00030595943,8,2
1,0,0.4802054,1,1
0,0,0.010193446,8,1
1,0,0.22789411,8,2
0,0,0.08650104,8,1
1,1,0.951354,1,1
1,0,0.49791163,6,1
1,1,0.60593003,1,1
0,0,0.04752611,6,2
0,0,0.0575759,8,1
1,0,0.4268446,9,2
1,1,0.9675424,1,2
0,0,0.009311003,8,1
1,1,0.9330049,1,2
0,1,0.84190434,6,1
0,0,0.0002763407,9,2
1,1,0.98361635,1,1
1,1,0.80955803,1,2
0,0,0.32025066,2,2
0,0,0.046395913,6,2
1,1,0.9701085,6,2
1,1,0.7015984,8,1
1,1,0.8309327,6,2
1,0,0.44704387,8,1
0,0,0.025800727,8,1
1,1,0.93384635,9,2
1,1,0.9452291,6,2
0,0,0.005767999,6,1
1,1,0.8921306,1,2
1,1,0.87967914,3,2
0,0,0.22626546,1,1
1,0,0.006868502,8,2
0,1,0.5229459,9,1
1,1,0.9754258,1,2
1,1,0.8033961,1,1
1,1,0.7639142,1,1
1,1,0.9551845,1,2
0,1,0.7554287,9,2
0,0,0.06698117,1,1
1,1,0.8702475,1,1
0,0,0.018052427,8,1
1,1,0.74010277,3,2
0,0,0.49613413,6,2
0,1,0.70693225,1,2
0,0,0.001718401,1,1
0,0,0.062324155,1,1
1,1,0.9716599,1,2
0,0,0.11840018,8,2
1,1,0.8155487,9,2
0,0,0.3724873,1,2
0,0,0.023396846,1,2
0,0,0.005483106,6,2
1,1,0.90729594,6,2
0,0,0.20196511,1,2
0,0,0.00028260497,8,2
1,1,0.75825894,9,2
0,0,0.08838581,8,2
1,1,0.95011777,9,1
1,1,0.56845504,2,1
1,1,0.7351914,2,2
0,0,0.22496215,8,1
1,1,0.9456602,9,2
1,1,0.756919,8,1
0,0,0.13821095,6,1
1,1,0.6257197,1,1
1,1,0.8186501,1,2
0,0,0.00975968,9,1
0,0,0.00011006711,2,1
0,0,0.021812968,8,1
0,1,0.7585439,6,2
0,1,0.7062548,1,2
0,0,0.016186954,6,2
0,0,0.08708521,9,2
1,1,0.7393786,6,2
0,0,0.0023338099,9,2
1,1,0.77740735,6,2
1,0,0.15189129,9,1
0,0,0.035039656,9,1
0,1,0.85253954,6,1
1,1,0.9349449,6,1
1,0,0.49849132,1,2
1,1,0.66152614,6,2
0,1,0.8452756,1,2
1,0,0.2743913,6,2
1,1,0.93433946,6,2
1,1,0.9413033,3,1
0,0,0.02223528,6,2
0,1,0.5308195,3,2
0,1,0.66612816,6,2
1,1,0.7892382,1,2
0,0,0.33682615,6,1
0,0,0.473745,9,1
0,0,0.0045707626,1,2
1,0,0.009004003,8,1
1,1,0.9811839,6,1
1,1,0.8486586,6,2
0,0,0.0057751485,1,2
1,0,0.17434289,8,1
1,1,0.9530463,1,2
0,0,0.21830757,2,1
0,0,0.19191465,2,2
0,0,0.2370005,9,1
0,1,0.57317203,9,2
1,1,0.6970406,1,2
0,0,0.011354073,8,1
1,1,0.9521747,6,2
1,1,0.94252497,6,2
0,1,0.7087448,1,1
0,1,0.53270584,9,2
0,1,0.89862955,9,2
1,1,0.8284022,1,2
1,0,0.3478258,1,2
1,1,0.89842725,1,1
0,0,0.28901103,1,1
1,1,0.964023,1,1
1,1,0.86073333,1,1
0,0,0.37897962,9,2
0,1,0.7470511,1,2
1,1,0.96931356,1,1
0,0,0.027191933,8,2
1,0,0.081754126,9,1
0,0,0.042330854,6,1
0,0,0.012302321,1,2
1,1,0.89690596,6,2
0,1,0.6213757,6,1
0,0,0.084629714,1,2
0,0,0.07229817,8,1
1,0,0.4206258,1,1
0,0,7.3931216e-05,1,2
1,1,0.9825348,9,2
1,1,0.9611055,1,2
1,0,0.23645154,1,2
1,1,0.9262484,1,2
0,0,0.07928165,6,1
1,1,0.88504446,6,2
1,1,0.83694726,1,1
0,0,0.0040534656,6,1
1,1,0.6341396,1,2
0,0,0.47640204,6,2
1,1,0.597137,9,1
1,1,0.9334915,8,1
1,1,0.56342846,8,1
1,1,0.8100789,1,2
1,1,0.89203835,1,2
0,0,0.48394743,1,2
0,0,8.7281995e-05,9,2
1,1,0.5106209,1,1
1,1,0.9842045,1,2
0,1,0.7197777,1,2
1,1,0.88219994,1,2
1,1,0.9961675,9,1
0,0,0.30930555,8,1
0,0,0.14968866,8,1
1,1,0.8145186,1,1
0,0,0.18316308,8,1
1,1,0.769114,1,2
1,1,0.85671943,1,2
1,1,0.8889972,6,1
0,0,0.031819046,1,1
0,0,0.24915525,9,2
0,0,0.056516346,9,2
0,0,0.43657005,6,1
1,1,0.98453486,1,1
0,1,0.9161105,1,1
1,1,0.97045195,1,1
1,0,0.20701662,2,2
1,0,0.44986832,1,2
0,1,0.75119954,9,1
1,1,0.6775355,9,1
0,0,0.4312661,8,1
1,1,0.9611858,1,2
0,0,0.17928588,6,2
1,1,0.5140948,1,1
1,1,0.91190624,1,2
1,0,0.4337466,9,1
0,0,0.061828587,1,1
1,1,0.61681455,6,2
0,0,0.39039254,9,1
1,1,0.6673443,1,1
1,1,0.550652,6,2
0,1,0.6025836,1,2
0,1,0.76024723,8,1
1,0,0.3086994,6,1
1,1,0.94531965,6,2
1,0,0.41243032,1,1
1,1,0.94494206,1,2
1,1,0.778597,1,1
0,1,0.725833,6,1
0,0,0.043741167,1,2
1,1,0.9823728,1,1
1,0,0.18993172,9,2
0,0,0.0019129253,9,2
1,1,0.9938665,1,1
1,1,0.91399187,1,2
1,1,0.9525006,1,1
0,0,0.00090341666,2,1
1,1,0.94944817,1,2
0,0,0.02305101,1,2
1,1,0.84520066,6,2
0,0,0.02752207,1,1
1,1,0.78510696,9,2
0,0,0.01219712,8,1
1,1,0.8747548,1,1
1,1,0.9904422,6,2
1,1,0.90577835,1,1
0,0,0.02636171,8,1
1,1,0.50475127,1,1
0,0,0.07440932,1,2
0,0,0.13124941,1,2
0,0,0.0017516194,1,1
1,0,0.46026716,1,2
1,1,0.9701619,1,1
1,1,0.83501947,1,2
0,0,0.15305364,1,1
0,1,0.9605381,2,2
1,1,0.9875886,1,2
1,1,0.9554958,9,2
0,0,0.14412063,8,1
0,0,0.004622428,8,2
0,0,0.39332163,9,1
0,0,0.2684614,9,2
0,0,0.0053788633,9,2
0,0,0.027869126,8,2
1,1,0.9399676,1,2
0,1,0.6837516,1,1
1,1,0.8530018,1,1
0,0,0.43126974,6,2
0,1,0.787261,3,1
1,1,0.85963666,6,2
1,1,0.958302,1,1
1,1,0.9211756,3,1
1,1,0.6224218,8,2
0,0,0.01533968,1,2
0,0,0.19774103,6,1
0,0,0.19714005,9,1
0,0,0.018821904,9,2
0,0,0.018471071,9,2
0,0,0.025225418,9,2
1,1,0.9069821,1,1
1,1,0.7309099,9,2
0,0,0.0007367265,9,2
0,0,0.12072762,6,2
0,1,0.6819486,6,1
0,0,0.015655145,1,2
0,0,0.22739537,8,2
1,1,0.85492694,9,1
1,1,0.9974848,1,1
1,1,0.97240686,6,1
0,0,0.17505777,1,1
1,1,0.785587,1,1
1,1,0.955888,2,2
1,1,0.99727684,2,2
0,0,0.1017167,8,2
1,1,0.6337674,9,1
0,0,0.00028616792,1,1
0,0,0.17515323,8,2
1,0,0.39618018,1,2
1,1,0.9815378,1,1
0,0,0.004324982,8,1
0,0,0.052649815,8,1
1,1,0.8758852,1,1
0,0,0.0064151753,7,2
1,1,0.98780024,1,2
1,1,0.8084485,1,1
1,1,0.870849,1,2
0,0,0.22441684,6,2
0,0,0.00055829925,1,2
0,1,0.94717616,3,2
0,0,0.027152568,8,2
1,1,0.97380435,9,2
1,1,0.9456252,6,2
1,1,0.5084562,1,1
0,0,0.032480843,8,1
0,0,0.00391208,6,1
0,0,0.03767085,6,2
0,0,0.2656339,9,2
1,1,0.93068385,6,1
0,0,0.35384846,1,2
0,1,0.97854996,1,2
0,0,0.01925581,8,2
0,1,0.76349616,1,2
0,0,0.00018750559,1,1
0,0,0.013512183,9,2
0,0,0.13259819,2,1
0,0,0.029157585,3,2
0,0,0.02779159,1,1
1,1,0.76967776,1,1
1,1,0.8566867,9,2
1,1,0.6151885,1,2
1,1,0.62830055,9,1
0,0,0.08920462,9,2
0,1,0.8964523,6,1
1,0,0.27476853,6,1
0,0,0.004930166,2,2
1,0,0.4970231,1,2
1,1,0.7282424,1,1
0,0,0.08149338,8,2
0,0,0.044810325,9,1
1,1,0.99241394,1,2
1,1,0.64304596,1,1
0,0,0.37900963,1,2
0,1,0.852363,6,2
0,0,0.014324724,8,2
0,0,0.43198776,1,2
1,0,0.14248352,6,1
1,1,0.9596992,9,1
1,1,0.8576423,1,1
0,0,0.10810621,6,2
0,0,0.47150576,8,1
0,0,0.026512174,6,1
1,0,0.46109006,2,1
1,1,0.64872664,6,2
1,1,0.8968094,1,1
0,0,0.045334756,9,1
1,0,0.26899448,9,1
1,0,0.41651142,1,2
0,0,0.107123785,9,1
0,0,0.017168509,8,1
1,1,0.77553046,1,1
0,0,0.04278074,9,1
1,1,0.7555472,6,2
1,1,0.7993598,1,2
1,1,0.93609476,1,1
0,1,0.57276374,1,1
0,0,0.023433663,8,2
1,0,0.24006283,1,2
0,0,0.001663674,9,2
1,1,0.90920526,6,2
1,1,0.5048934,1,2
1,1,0.98847723,1,2
0,0,0.009530503,9,1
0,0,0.009296587,8,1
0,0,0.25887996,8,2
0,1,0.60908884,1,1
0,0,0.06806951,6,2
1,1,0.53428584,9,1
0,0,0.00038601592,3,2
0,0,0.02488817,1,2
0,0,0.00031414494,6,2
0,0,0.31654856,8,1
1,1,0.5838945,1,1
1,0,0.29994062,2,1
1,1,0.9306256,1,1
0,0,0.022703633,8,2
0,1,0.8505572,6,1
0,1,0.70825875,6,1
0,0,0.4434344,9,2
0,1,0.87324774,8,1
1,1,0.9018228,1,2
0,0,0.27543992,6,1
1,1,0.9537274,1,1
0,1,0.83667225,1,1
1,1,0.9796839,6,1
1,1,0.9160493,1,2
1,1,0.82934505,6,1
1,1,0.84177065,1,1
1,1,0.8664342,1,1
0,0,0.011279472,6,1
1,0,0.070401356,6,2
1,1,0.5754699,8,1
1,0,0.3867309,8,1
0,0,0.43874675,1,1
1,1,0.7734537,1,2
0,0,0.06260997,8,2
0,1,0.6055655,2,1
1,1,0.8388729,1,1
1,1,0.91549194,9,2
0,1,0.53437024,1,2
1,1,0.8219916,2,1
1,1,0.8530827,6,2
0,0,0.25643972,8,1
1,1,0.8055719,1,1
0,1,0.59758806,1,2
1,1,0.8822672,9,1
1,1,0.75867885,1,2
0,0,0.008469724,9,2
0,0,0.0021184597,8,1
0,0,0.025542902,8,1
0,0,0.0007494557,1,1
1,1,0.9800637,1,1
0,1,0.59725887,1,2
1,1,0.9601308,1,1
0,0,0.04091534,1,2
1,1,0.9633043,6,1
0,0,0.0356328,8,1
0,0,0.12425137,1,2
1,1,0.9939129,9,1
1,1,0.5151548,8,1
0,1,0.58073163,9,2
1,0,0.32857454,1,1
0,0,0.009393531,8,2
1,0,0.14465171,8,1
1,1,0.67715365,2,2
0,0,0.016133144,1,1
0,0,0.2902335,1,2
0,0,0.4150741,8,2
1,1,0.9912621,1,1
0,0,0.046793673,6,1
0,0,0.10196235,6,1
1,1,0.7246928,1,2
1,1,0.8140592,2,2
1,0,0.42398432,8,2
0,0,0.19622101,9,2
0,0,0.019934727,6,1
0,0,0.064312264,8,2
0,0,0.05774689,1,2
1,1,0.9040527,1,1
1,1,0.68663144,1,1
1,1,0.96824694,6,1
1,0,0.29921275,9,1
0,0,0.3190975,1,2
1,1,0.98430336,6,1
1,1,0.8764907,8,2
0,0,0.35780135,8,1
1,1,0.98901784,1,1
1,1,0.91424996,1,2
1,1,0.6649267,1,1
1,1,0.8368599,1,2
0,1,0.861897,1,1
0,0,0.40405124,6,2
1,1,0.87270325,9,2
0,1,0.7844358,6,2
0,0,0.08548855,9,1
1,0,0.083629854,9,2
1,0,0.48105228,1,2
1,1,0.9577482,9,1
1,0,0.3714957,1,2
0,0,0.14935905,2,2
1,1,0.98408633,9,2
1,0,0.3293418,8,2
0,0,0.2821392,9,1
1,1,0.8882183,3,1
0,0,0.10611003,8,2
0,1,0.74019575,8,1
1,0,0.32342422,9,1
0,1,0.8988903,2,1
0,0,0.32698128,6,1
1,1,0.8725053,1,1
1,1,0.9437507,8,2
1,1,0.85672855,6,1
0,1,0.5416697,3,2
1,1,0.83175105,1,1
0,0,0.020784246,1,2
1,1,0.71161526,8,2
1,1,0.9903984,9,1
0,0,0.17688423,8,1
0,1,0.5475774,1,1
0,0,0.19990434,1,1
1,1,0.81913185,1,1
0,1,0.59130657,1,1
0,0,0.0009409895,8,1
0,0,0.37065613,1,1
1,0,0.43388605,1,2
0,0,0.3561226,6,2
0,0,0.41058952,8,1
0,0,0.0007832779,8,2
1,1,0.7169947,9,2
1,1,0.9650182,6,2
1,1,0.8547681,1,1
1,1,0.99966943,1,2
1,1,0.9668005,1,2
1,1,0.77845335,1,2
0,1,0.5602522,6,2
0,0,0.13049881,1,1
1,0,0.22655815,1,1
0,0,0.0062185572,8,2
0,0,0.16857375,8,1
1,0,0.38719794,8,1
0,1,0.7078971,1,2
1,1,0.9372133,1,2
0,0,0.12680773,9,2
1,1,0.62933606,8,1
0,0,0.0963239,9,1
0,0,0.0039013156,8,1
1,1,0.96335053,6,1
1,0,0.10602657,1,2
1,1,0.83696884,1,2
0,0,0.046738446,1,2
0,0,0.028112186,9,2
0,0,0.096863315,6,2
0,0,0.45233306,9,1
0,0,0.22805606,9,2
1,1,0.9905083,1,1
1,1,0.53157634,9,2
1,1,0.9360906,1,1
1,1,0.9100826,1,2
0,1,0.93633956,6,2
1,1,0.96796745,1,2
1,1,0.71946996,9,2
1,1,0.92179334,6,2
1,1,0.8827997,6,2
0,0,0.14827895,9,2
1,1,0.99100715,6,1
0,0,0.010383482,5,2
0,0,0.000837785,1,1
0,0,0.075529054,9,2
0,0,0.01858509,9,1
0,0,0.042029258,1,2
1,1,0.91052586,1,2
0,0,0.002275272,9,1
0,0,0.16228396,8,1
1,1,0.64032483,9,1
0,0,0.15518679,1,1
1,1,0.7310747,1,1
0,0,0.49774548,9,2
0,0,0.17357026,9,2
1,1,0.838381,1,2
1,1,0.9181327,8,1
1,1,0.7549382,9,1
1,1,0.94217,1,2
1,1,0.83320254,6,1
1,1,0.53507286,1,1
1,1,0.9110416,6,1
0,0,0.0014490796,9,2
0,0,0.16311644,3,2
0,0,0.105554484,9,1
1,1,0.69339424,1,1
0,0,4.5233483e-05,1,2
1,1,0.99714476,1,1
0,0,0.005513518,9,2
0,0,0.4682767,1,2
0,0,0.24683696,9,1
0,1,0.6667921,1,1
0,0,0.33221677,6,2
0,0,0.036800645,1,1
1,1,0.9775809,1,1
0,0,0.053051524,6,2
0,0,0.035636954,8,1
1,1,0.9621542,6,2
0,0,0.082469724,1,1
1,0,0.0066095325,9,1
0,0,0.46775928,2,1
1,1,0.8127249,1,2
1,1,0.56824183,6,1
1,1,0.97268414,9,1
0,0,0.044746842,1,1
1,1,0.91280615,6,2
0,0,0.26048267,1,1
0,0,0.28105313,1,1
1,0,0.10432667,1,1
1,1,0.8432897,6,1
1,1,0.97893095,6,1
1,1,0.60732037,1,2
0,0,0.09512886,1,2
1,0,0.087306246,6,1
1,1,0.9678984,9,1
0,0,0.045889724,8,2
0,0,0.079938024,6,2
0,0,0.08094692,8,2
0,0,0.13999745,8,1
1,1,0.94463444,6,2
0,0,0.008250924,2,1
1,0,0.4860208,1,1
1,1,0.97872365,6,1
1,1,0.8093962,1,1
0,1,0.961832,1,1
1,1,0.9002961,9,1
0,0,0.052068673,6,2
1,1,0.7240796,1,1
1,1,0.7450668,8,2
0,0,0.00030910183,2,2
0,0,0.033172697,9,2
1,1,0.88357025,1,2
1,1,0.99853694,6,1
1,0,0.30532312,8,1
1,1,0.6257086,3,2
1,1,0.9510545,6,2
1,1,0.97109604,1,2
1,1,0.5640448,9,1
1,1,0.95066196,1,1
0,0,0.24662486,3,1
1,1,0.84270114,1,1
0,0,0.01873834,9,1
1,1,0.83495647,1,1
0,0,0.014650935,8,2
0,0,0.12982011,2,1
0,0,0.07126672,8,2
1,1,0.62733215,1,2
0,1,0.9734197,6,1
1,1,0.9636093,6,1
0,0,0.056230374,1,2
0,0,0.17880411,1,2
1,1,0.6510205,9,1
0,0,0.0037105815,8,1
1,0,0.3711535,9,1
0,0,0.3709918,8,1
1,1,0.56999886,6,2
0,1,0.77546924,6,2
1,1,0.7507307,1,1
0,0,0.011321832,9,2
1,0,0.4659497,1,1
0,0,0.0011691694,9,2
0,0,0.043712523,8,2
0,0,0.016458247,8,2
1,1,0.9528442,6,2
0,0,0.0035436852,6,2
0,0,0.11568515,8,2
1,1,0.88280356,1,1
0,0,0.04341806,6,1
0,1,0.55542177,8,2
0,0,0.28308806,8,1
0,0,0.008938648,8,2
1,1,0.9759972,1,1
0,1,0.77427995,1,2
1,0,0.29369184,1,1
1,0,0.050800472,9,2
0,0,0.15257566,8,1
1,0,0.053854275,2,2
0,0,0.14055286,9,2
0,0,0.004853208,1,2
1,0,0.35552022,1,1
0,1,0.5298116,6,1
0,0,0.017978167,6,2
1,1,0.81356597,1,1
1,0,0.40377468,1,2
0,0,0.18361355,9,1
0,1,0.5797798,6,1
0,1,0.63075703,1,1
0,1,0.6428419,1,1
0,0,0.058089364,3,1
1,0,0.31372336,6,2
0,0,0.01602226,3,2
1,1,0.83299714,1,1
0,0,0.101298235,9,2
1,1,0.57733,6,2
0,0,0.009682791,6,2
0,1,0.6156694,8,1
1,1,0.7144614,6,1
0,1,0.9425746,2,2
0,0,0.0008000081,9,1
0,0,0.08026672,8,1
0,0,0.1200118,8,2
1,1,0.94632167,9,1
0,0,0.069539554,9,1
0,1,0.6108838,1,2
0,0,0.32012486,8,1
1,0,0.23451366,6,2
0,0,0.25142163,8,1
1,1,0.53055197,9,2
1,1,0.8148696,8,1
0,0,0.01830729,1,2
0,1,0.52514136,1,2
1,1,0.9826319,1,1
0,0,0.011441825,9,1
1,1,0.8392424,1,1
0,0,0.0024881754,1,1
1,1,0.9375297,6,2
0,0,0.0043443204,1,2
1,0,0.22029684,9,1
1,1,0.68830484,1,1
0,0,0.09047112,1,2
1,1,0.6778419,1,1
0,0,0.0103315115,1,2
0,0,0.0063057565,8,2
0,0,0.019289337,6,1
0,0,0.00063419674,1,1
1,1,0.824944,8,2
0,1,0.8636832,1,1
1,1,0.8361567,1,1
1,0,0.12789886,1,1
1,0,0.31629562,8,1
1,1,0.959065,1,2
1,1,0.9687618,1,2
0,0,0.16430533,9,2
0,0,0.059103113,3,2
0,0,0.33990702,8,1
0,0,0.1078638,6,2
0,1,0.7063238,1,1
0,0,0.102714516,1,2
0,0,0.49383911,8,1
0,0,0.3968982,6,2
0,0,0.1141484,1,2
0,0,0.10866333,6,2
0,0,0.4469082,6,2
1,0,0.0016745348,1,1
1,1,0.94891983,1,1
1,1,0.7811566,9,2
0,0,0.05540995,6,2
0,0,0.07307254,9,1
0,0,0.06436764,8,2
0,0,0.019119099,8,1
0,0,0.041299876,6,2
0,0,0.02904075,1,2
0,0,0.2568013,1,2
0,0,0.058841567,1,2
0,0,0.012160429,8,1
0,0,0.0001882738,1,1
1,1,0.8774751,1,1
1,1,0.9719358,1,1
0,0,0.007635273,9,2
1,0,0.46120536,9,2
0,1,0.6091306,8,1
0,0,0.011341218,8,2
1,1,0.7637746,6,1
1,1,0.97224426,1,1
0,0,0.0035391639,1,2
1,1,0.6280277,9,2
0,1,0.61438096,9,2
1,1,0.8559541,1,1
1,1,0.95963454,1,2
0,0,0.31348172,8,2
0,0,0.24508856,9,2
0,0,0.0066570174,6,2
1,1,0.77193254,1,1
0,0,0.2852694,1,2
1,1,0.8637649,8,2
0,0,0.030087642,9,2
1,1,0.9841883,9,1
1,1,0.7208521,1,1
1,1,0.8651402,1,1
0,0,0.27824757,9,1
0,0,0.041046213,1,1
1,1,0.7965694,6,2
0,0,0.12267581,9,1
0,0,0.17163892,6,1
0,0,0.13789244,9,1
0,0,0.46597388,6,1
1,1,0.5284351,1,1
1,1,0.91897684,6,2
1,1,0.98810637,1,1
1,1,0.67161095,6,2
0,0,0.013340045,6,2
0,0,0.020492384,8,2
1,0,0.23728786,6,2
0,0,0.21077953,9,2
1,1,0.9450937,6,1
1,1,0.99618524,1,1
0,0,0.065124616,6,2
1,1,0.8122918,8,2
0,0,0.017557519,6,2
0,0,0.3644368,1,1
1,1,0.98210365,1,1
0,1,0.9585034,1,1
0,1,0.7278869,1,1
1,1,0.9381867,6,2
1,1,0.95389867,6,1
1,1,0.8986014,6,1
1,1,0.8074732,6,2
0,0,0.26004362,8,2
0,0,0.10950137,8,1
1,1,0.68165636,6,2
1,0,0.32848874,9,1
1,0,0.47201058,9,1
0,0,0.4868338,2,1
0,0,0.24105872,8,1
0,0,0.18760823,8,2
0,0,0.050838906,1,1
0,0,0.22158694,9,2
1,1,0.81972474,8,2
1,1,0.951126,1,2
1,1,0.9486535,1,1
1,1,0.8221534,6,2
0,0,0.0025794941,2,1
1,1,0.9937503,1,1
0,0,0.21712624,3,1
0,1,0.7690618,9,2
1,1,0.920044,9,1
0,1,0.8105682,9,1
0,0,0.34147877,1,2
0,0,0.077395335,3,2
1,1,0.7994441,1,2
1,1,0.72403055,1,1
1,1,0.8601635,1,2
0,0,0.0055327187,8,1
0,0,0.033077206,6,1
1,1,0.9095066,1,2
1,1,0.5400347,1,1
0,0,0.25274703,1,1
0,0,0.39934838,9,1
0,0,0.0055741733,2,1
0,0,0.13425525,2,1
1,1,0.6058686,1,2
1,1,0.85444164,9,2
1,1,0.9364246,1,2
1,1,0.7344117,1,1
0,0,0.038187545,6,1
0,1,0.80437875,9,2
0,0,0.0074073565,9,2
1,1,0.96613866,1,1
0,0,0.009390128,1,2
1,1,0.7215813,2,2
1,1,0.8884984,1,1
1,1,0.866206,9,1
0,0,0.11879138,8,1
1,1,0.93211055,1,1
0,0,0.0094556445,8,2
0,1,0.7532734,1,1
1,1,0.8207564,1,1
0,0,0.004549192,9,2
0,0,0.007302543,8,2
0,0,0.049318384,1,2
0,1,0.7429392,1,2
1,1,0.9643765,1,1
1,1,0.96773803,9,1
1,0,0.23458874,8,1
0,1,0.81451845,8,1
0,0,0.0027375265,9,2
0,0,0.094325915,8,1
0,0,0.010679884,8,1
0,0,0.4191717,8,1
0,1,0.82575613,1,1
1,1,0.9682368,1,1
1,1,0.5944925,1,1
0,0,0.0016424521,1,2
0,0,0.2533904,1,2
1,1,0.9258421,1,1
0,0,0.06785972,8,1
0,0,0.000782256,9,1
0,1,0.7831791,6,1
0,0,0.13628802,1,2
1,1,0.7198682,8,1
0,0,0.097552,8,1
0,0,0.0009350156,1,2
1,0,0.44123426,6,1
0,1,0.51047426,6,1
1,1,0.99961275,1,2
0,0,0.022414405,6,2
1,1,0.9201533,6,2
1,0,0.44482163,8,1
1,1,0.9181904,6,1
0,1,0.73672783,6,1
1,1,0.9482366,1,1
0,1,0.7421303,2,2
1,1,0.6604243,8,2
1,1,0.96945906,6,2
0,0,0.24331123,8,1
0,0,0.05076983,2,2
0,0,0.00555708,1,1
0,0,0.000840637,9,2
0,0,0.071462825,8,2
0,1,0.7848449,8,2
0,0,0.03860117,9,1
0,0,0.30550274,1,2
1,1,0.65972614,1,2
0,1,0.869197,1,2
1,0,0.31150246,3,2
0,0,0.11162443,8,1
1,1,0.9493787,1,2
0,0,0.007738826,9,1
0,0,0.479423,9,1
1,0,0.107229844,1,2
0,1,0.9642058,1,2
1,1,0.84451485,1,2
1,1,0.97200584,1,2
0,1,0.6233995,1,1
1,1,0.85472727,6,1
0,1,0.91634023,8,2
0,1,0.78153795,8,1
1,0,0.025163332,9,2
0,0,0.001504996,3,2
1,1,0.9817059,6,2
0,0,0.03009616,1,2
0,0,0.26979598,1,2
1,1,0.5880295,8,1
0,0,0.18041565,6,1
0,0,0.34591186,9,1
1,0,0.49404672,6,2
1,1,0.9747302,1,1
1,0,0.3917987,1,2
1,1,0.8418039,1,1
1,0,0.46799552,1,1
1,1,0.87773967,6,1
0,0,0.14636183,6,2
0,0,0.29638767,9,1
1,0,0.07038738,9,2
1,1,0.99753976,1,1
1,1,0.52456164,2,2
1,1,0.7215583,1,1
0,0,0.036235124,1,1
0,0,0.00060799654,6,2
0,0,0.07586458,8,2
1,1,0.9984723,6,1
0,0,0.050812475,9,1
1,1,0.9578599,6,1
0,0,0.38076094,8,1
1,1,0.96836054,1,2
0,0,0.027803335,8,1
1,1,0.8484837,9,2
1,1,0.6142419,9,1
1,1,0.84275585,1,2
0,0,0.10462192,6,2
1,1,0.66763914,1,1
0,0,0.31866145,8,2
0,0,0.029479844,9,1
0,1,0.5291633,6,1
1,0,0.10980902,8,1
0,0,0.05800059,6,2
0,0,0.07070583,1,1
0,0,0.0054934667,2,2
1,0,0.16882244,1,2
1,1,0.7329842,1,1
0,0,0.00055899867,1,1
0,0,0.10221206,8,2
0,0,0.009247729,1,2
0,0,0.0066814576,6,2
0,0,0.1593776,6,2
1,0,0.10253795,1,1
0,0,0.019280406,6,1
1,0,0.25933504,1,2
0,0,0.01019368,9,2
1,0,0.052578665,9,1
1,1,0.9755387,6,2
0,1,0.92721534,1,2
0,0,0.49608764,8,1
0,0,0.0079994975,8,2
0,0,0.09614822,1,2
1,1,0.9553719,8,2
0,0,0.37396467,9,1
1,1,0.95006365,8,1
1,1,0.95547336,1,1
1,0,0.0680091,5,1
1,1,0.98182124,2,1
0,0,0.029447896,1,2
1,0,0.26541552,1,1
1,1,0.8066006,1,1
1,1,0.9845462,1,1
0,0,0.015125556,2,2
0,0,0.20111346,1,2
0,0,0.4315025,8,1
0,0,0.20363134,8,1
0,0,0.18611468,9,2
1,1,0.98252237,6,1
1,0,0.062011864,8,2
1,1,0.8427533,1,1
0,0,0.024433924,9,1
0,0,0.43314123,1,1
1,1,0.61455435,6,2
1,1,0.9733514,1,1
1,1,0.7730226,1,1
1,1,0.50559926,1,2
0,1,0.5619757,1,2
0,0,0.032863818,6,1
1,1,0.8674487,6,2
1,1,0.6809103,1,2
0,0,0.11606703,1,2
0,1,0.9330118,6,1
0,0,0.02127451,8,2
1,1,0.98028004,6,1
0,0,0.034877863,8,1
0,0,0.07103246,8,1
0,0,0.16740306,8,1
1,0,0.12473114,8,1
0,0,0.008368257,8,2
0,0,0.12725642,9,1
0,1,0.5819075,1,2
0,0,0.056028932,1,2
0,0,0.22416453,1,1
0,0,0.38422987,8,2
1,1,0.67446977,1,1
1,0,0.44224548,8,1
0,1,0.81563354,1,2
1,1,0.9476491,2,1
0,0,0.013013813,1,1
1,1,0.9714803,6,2
1,0,0.11306549,9,1
1,1,0.99727446,1,1
0,0,0.0100893965,9,2
1,1,0.81962246,6,1
0,0,0.48422548,2,2
0,0,0.40747115,1,2
0,0,0.00010005743,9,2
0,0,0.013500455,6,1
0,0,0.47265962,6,1
1,0,0.47570172,6,2
0,1,0.596422,1,2
1,0,0.4847157,6,2
0,1,0.8951729,1,1
0,0,0.08723922,9,2
0,1,0.5968358,6,2
0,0,0.02007577,2,2
1,1,0.99242663,9,2
0,0,0.08676856,9,1
0,0,0.008170854,1,2
1,1,0.5503755,1,1
1,1,0.70668966,1,2
0,0,0.007855458,9,1
0,0,0.0028771372,6,2
0,0,0.008360343,6,2
1,0,0.49561113,1,1
0,1,0.5529024,1,2
0,0,0.059817057,6,1
0,0,0.3132662,2,2
0,0,0.061208285,9,2
0,0,0.2888279,8,1
1,1,0.9875464,1,2
0,1,0.993292,1,1
0,0,0.048630156,8,1
0,0,0.0038800142,9,2
1,1,0.9696829,6,1
0,0,0.13904332,2,2
0,1,0.8858765,6,2
0,0,0.2712886,1,2
1,1,0.9576491,1,1
1,0,0.4215662,1,2
1,1,0.953646,6,2
0,1,0.5881244,6,1
0,1,0.55400586,1,1
0,0,0.10076493,6,2
1,1,0.9700419,9,1
1,1,0.8103145,1,2
1,1,0.95221287,3,2
0,0,0.32752562,9,2
0,0,0.009675771,8,1
1,1,0.9852304,1,1
0,0,0.0013226261,8,1
1,1,0.87327373,1,1
0,0,0.0005414253,9,2
1,1,0.9895559,1,1
0,1,0.5736271,6,1
0,0,0.081023745,9,1
1,0,0.013987972,8,1
0,1,0.80336624,3,2
0,1,0.5533067,8,1
0,0,0.009312358,3,1
0,0,0.4448153,8,1
1,1,0.8772379,1,2
0,0,0.25168404,1,2
1,1,0.9279721,1,1
1,0,0.10602867,2,2
0,0,0.29424658,6,1
0,1,0.943077,6,2
0,0,0.064917676,1,1
0,0,0.0024628676,8,2
0,1,0.9045314,1,1
0,0,0.21224025,6,2
0,0,0.3626048,9,1
1,1,0.97996324,1,2
1,1,0.9322494,6,1
1,1,0.90120995,1,1
0,0,0.021046983,8,1
1,0,0.20916785,1,2
1,0,0.1320022,1,2
0,0,0.3100457,8,2
0,0,0.109401345,8,2
1,1,0.99395096,1,1
0,0,0.19266443,8,1
0,0,0.32617027,9,1
1,1,0.8420216,9,2
1,1,0.962818,8,1
1,1,0.8747864,6,2
1,1,0.7241593,8,1
0,0,0.05080589,8,2
1,1,0.60608214,9,1
1,1,0.845858,1,1
1,0,0.25881067,6,1
1,0,0.13749342,8,2
0,0,0.012683268,8,2
1,1,0.6130196,6,2
1,1,0.52981365,6,1
0,0,0.0013749715,9,1
1,1,0.9410225,1,1
0,0,0.003255806,9,1
1,1,0.87204283,2,2
0,0,0.018742926,8,2
0,0,0.00018021898,6,1
1,1,0.9627641,1,1
0,0,0.0030661253,8,2
1,1,0.9861004,1,1
0,0,0.36596644,1,2
0,0,0.0005520423,9,2
1,1,0.88436484,9,2
0,0,0.2825267,2,1
0,1,0.5982847,6,1
1,1,0.97922784,1,1
1,1,0.8638834,8,1
0,0,0.03633086,6,1
0,0,0.10541736,8,1
0,1,0.8455735,1,2
1,1,0.8415592,1,2
0,0,0.008920282,8,2
0,0,0.2178116,1,2
0,1,0.89356494,1,2
0,0,0.00038916882,9,2
0,0,0.4806053,8,1
0,0,0.02087517,6,1
0,1,0.54707545,1,2
1,1,0.83303136,6,2
0,0,0.0002005239,1,1
0,0,0.061640453,8,2
0,0,0.017917505,9,2
0,0,0.0034566594,8,1
1,1,0.8910912,1,1
1,1,0.9626056,1,2
1,1,0.95983934,9,1
0,0,0.028149193,8,2
1,0,0.2912436,6,2
0,1,0.8017541,8,1
0,0,0.31210795,1,2
0,1,0.5447002,8,1
1,1,0.9384381,1,1
0,1,0.5754431,9,1
1,0,0.33939424,8,2
0,0,0.061134085,8,2
0,1,0.5930111,2,2
1,1,0.9676275,1,2
0,0,0.07453084,6,2
0,0,0.05585918,6,1
1,1,0.5974985,8,1
0,0,0.012936427,1,2
0,0,0.05359408,8,2
0,0,0.262663,9,1
0,1,0.8719564,9,2
1,1,0.9714788,6,1
0,0,0.26708505,9,2
0,0,0.043944556,6,2
1,1,0.9140773,6,2
0,1,0.5598505,9,1
0,0,0.062094063,3,2
0,0,0.00034020224,1,2
0,0,0.34424403,1,2
0,0,0.07672885,8,2
0,0,0.03649918,2,1
0,0,0.38425916,2,2
1,1,0.89405787,6,2
1,0,0.36232647,6,1
1,1,0.79161006,1,2
1,1,0.9006824,1,2
0,0,0.0456276,9,2
0,0,0.015191653,8,2
1,1,0.8072606,6,2
0,0,0.0036144676,9,1
0,1,0.74187195,9,2
0,0,0.007386379,8,1
0,0,0.21572669,6,1
0,0,0.06502015,8,2
1,1,0.52978444,2,2
0,0,0.008965778,8,2
0,0,0.18033269,1,2
1,0,0.22105706,1,2
0,1,0.97622836,1,2
0,0,0.0062877894,6,1
1,1,0.9891243,1,1
0,0,0.06540526,8,1
0,0,0.023110278,8,1
0,0,0.1070216,9,2
1,1,0.99254566,6,1
1,1,0.7489968,6,2
1,0,0.45361358,8,1
0,1,0.6480773,8,1
0,1,0.92462385,1,2
1,1,0.92951244,1,2
1,1,0.7797897,6,2
0,0,0.00046757847,1,1
1,1,0.98952067,1,1
0,0,0.044999875,9,2
0,0,0.020748273,6,1
0,0,0.0012151147,1,1
0,1,0.9454454,6,1
0,0,0.4252577,6,2
0,0,0.36332515,8,1
0,0,0.029471293,9,2
0,0,0.0011160313,8,1
0,0,0.105971254,8,2
0,0,0.49314955,8,1
0,0,0.08359253,8,1
1,1,0.9945089,1,1
0,0,0.12567937,9,1
1,1,0.7307443,2,1
0,0,0.40483606,2,1
1,1,0.8768236,1,1
1,1,0.92385614,1,2
0,0,0.03768419,9,1
0,0,0.15379886,8,2
1,1,0.70326775,1,2
0,1,0.916322,1,1
0,0,0.13355446,9,2
1,1,0.78083724,1,1
1,1,0.9949104,9,1
0,0,0.123221986,1,1
1,1,0.98722446,1,1
0,0,0.0033631888,9,1
0,1,0.53835815,1,1
0,0,0.0059355972,1,1
1,1,0.97868997,1,1
1,1,0.9791204,6,1
0,1,0.6770649,2,2
1,1,0.8830267,1,2
0,0,0.0039727814,8,1
1,1,0.57168245,6,1
0,0,0.009897241,9,2
1,1,0.8459452,6,2
1,1,0.8495006,1,1
0,0,0.32731324,1,1
0,0,0.002446891,6,1
0,0,0.0003105051,1,2
1,1,0.6067257,1,1
1,1,0.9503927,6,1
0,0,0.31400982,9,2
1,0,0.15086818,8,1
1,1,0.929256,6,1
1,1,0.65422505,8,2
1,1,0.8076573,1,2
0,0,0.49644735,1,1
1,1,0.82348,6,1
0,0,0.1264497,1,1
1,1,0.99041116,1,1
0,1,0.9776768,1,1
0,0,0.09054373,8,2
1,1,0.75512487,8,2
0,1,0.7300041,9,2
1,1,0.99525696,1,1
0,0,0.33645263,8,2
0,0,0.11331924,1,1
0,0,0.0005134646,1,1
0,0,0.06151898,8,1
1,1,0.8285865,1,1
0,0,0.01456435,8,2
1,1,0.9211958,9,1
1,0,0.17239559,1,1
1,1,0.948213,1,2
1,0,0.28649122,1,2
0,0,0.4254361,1,1
0,1,0.55906105,1,1
1,1,0.782971,1,1
1,1,0.976255,1,2
0,0,0.34644848,9,2
1,1,0.9927851,1,1
0,1,0.81488675,1,2
0,0,0.28396007,1,1
0,0,0.19949979,8,1
0,0,0.095996045,8,2
1,1,0.81524247,6,1
0,0,0.00025497942,1,1
0,1,0.7208825,1,2
1,1,0.8485687,1,1
0,1,0.8254794,6,1
1,1,0.9983847,1,1
1,1,0.97753453,6,1
0,0,0.035367113,6,2
1,0,0.31638363,1,1
1,1,0.5533108,9,1
0,0,0.0021305478,6,2
1,1,0.88649106,1,2
0,0,0.25567415,1,2
0,0,0.0018034136,6,2
1,1,0.6109884,1,1
1,0,0.18257822,1,2
0,0,0.41083363,9,1
1,1,0.5196962,1,1
1,1,0.748786,1,1
1,1,0.99635714,1,1
0,1,0.83247274,6,1
0,0,0.103659146,8,2
0,1,0.92239916,1,2
1,1,0.9374396,1,2
1,0,0.21981673,6,2
0,0,0.093962446,8,1
0,0,0.44211796,6,2
1,0,0.32175386,8,1
0,0,0.21186057,1,1
0,0,0.09553523,8,2
0,1,0.6178805,8,1
1,1,0.98442614,1,1
0,0,0.047903575,8,2
1,1,0.63911885,5,2
0,0,0.11995016,1,1
0,0,0.056660686,8,1
0,0,0.16019526,3,1
1,1,0.7675284,1,1
1,1,0.9235207,1,1
1,1,0.74618256,9,1
0,0,0.22091027,1,2
1,1,0.9798554,1,1
0,0,0.0023137466,6,1
0,0,0.00072642457,9,1
0,0,0.0074606044,9,1
0,0,0.0002189768,1,1
1,1,0.9790218,1,1
1,1,0.7194358,1,2
0,0,0.3844596,9,1
1,1,0.9913639,9,1
1,1,0.9132052,9,2
1,0,0.40475863,6,2
0,0,0.048515305,3,2
1,0,0.3925927,1,1
1,0,0.440333,3,1
0,0,0.0040591485,9,1
0,0,0.00011683141,1,1
0,0,0.004675097,1,2
0,0,0.26950294,2,2
1,1,0.74105334,9,2
0,0,0.24202666,1,2
1,0,0.43299475,9,1
0,0,0.0039597154,1,1
1,0,0.14716534,9,1
1,1,0.97423506,1,1
1,1,0.9307616,1,1
0,0,0.05148227,9,1
1,1,0.7206852,1,1
1,1,0.96967924,1,1
1,1,0.94472563,6,2
1,1,0.9043512,1,2
1,1,0.99233425,6,1
0,0,0.48660076,1,1
0,1,0.89093745,6,1
1,1,0.92068946,9,2
0,0,0.29189143,1,2
0,0,0.0077113607,1,1
0,0,0.091924354,1,2
1,1,0.7450625,9,2
0,1,0.8695764,1,2
1,0,0.41078028,1,2
1,1,0.8999466,9,2
1,1,0.9931132,1,1
1,1,0.94461894,9,1
1,1,0.709587,1,2
0,0,0.00018289582,1,1
0,0,0.012237406,1,2
0,0,0.06107142,8,2
1,1,0.5145798,1,1
0,0,0.0007713708,9,1
0,1,0.880387,9,1
1,0,0.23770513,1,1
0,1,0.5420841,2,1
1,1,0.8622525,1,1
1,1,0.9441104,1,1
1,1,0.8836424,1,2
0,1,0.7564251,6,1
0,0,0.14891927,1,2
0,0,0.015485063,8,2
1,1,0.9775104,1,2
1,1,0.980896,1,2
1,1,0.77569246,1,2
1,1,0.74542725,1,1
1,1,0.98814166,1,1
0,0,0.024533339,9,2
1,1,0.8646304,2,2
0,0,0.054621078,1,2
1,1,0.889409,1,1
1,1,0.9945463,6,1
0,1,0.7229405,1,1
0,1,0.74285364,1,1
1,1,0.6146213,1,1
0,0,0.14582813,6,1
1,1,0.8841729,9,1
1,1,0.87148535,1,1
0,0,0.04134709,8,2
1,1,0.8699173,1,1
0,1,0.83862764,1,1
1,0,0.3317834,1,1
0,0,0.0022754883,9,2
0,0,0.43101767,8,1
1,1,0.9183543,9,1
1,1,0.8498352,1,1
0,0,0.265131,1,2
0,0,0.30527186,1,2
0,0,0.01377067,8,2
0,0,0.007645201,1,1
1,1,0.99247944,1,1
0,0,0.009968547,6,2
0,0,0.13657257,6,1
0,0,0.017337855,1,2
1,1,0.6479211,1,1
1,0,0.47153565,6,1
1,1,0.83344054,8,2
0,0,0.015860507,9,2
1,1,0.75578815,2,1
0,0,0.04213744,8,2
1,1,0.945372,6,2
0,0,0.000850637,8,1
1,1,0.96470034,1,1
0,0,0.22535849,9,1
0,0,0.07740778,8,1
0,0,0.23411766,1,2
1,0,0.4493736,2,1
1,1,0.9440524,1,2
0,0,0.18190573,8,2
0,0,0.034845173,6,1
0,0,0.0072620627,1,1
1,1,0.9552791,1,1
1,0,0.06920703,6,1
0,0,0.40301034,9,1
0,0,0.2528723,8,1
1,1,0.9507345,1,1
1,1,0.89916325,6,2
1,1,0.93630755,6,1
0,1,0.8057577,8,1
0,1,0.9003404,6,1
0,0,0.076209955,1,1
0,0,0.029586634,9,2
1,1,0.91724837,6,2
0,0,0.29737085,3,1
0,0,0.46896482,8,1
1,1,0.9148007,1,1
1,1,0.9654147,6,1
0,0,0.079270475,8,2
0,0,0.13125606,1,2
0,0,0.31493086,1,2
0,0,0.2590114,2,1
1,1,0.98624486,6,1
1,1,0.8089009,8,2
0,0,0.10549835,6,2
1,1,0.98256266,2,1
0,0,0.0019198833,9,2
1,1,0.86443734,1,2
0,1,0.75686944,8,2
0,1,0.5169287,1,2
1,1,0.81017345,8,1
1,1,0.85948545,1,1
1,1,0.95102996,9,1
0,0,0.1227362,1,2
0,0,0.12739508,6,1
1,1,0.99303114,8,2
1,0,0.2333899,8,1
1,1,0.847341,1,2
0,0,0.040628884,8,1
1,1,0.9346878,6,2
1,1,0.94836617,1,2
0,1,0.91376776,9,1
1,1,0.6170839,1,1
1,0,0.46984905,8,2
1,1,0.8737672,8,1
1,1,0.7998563,6,2
0,0,0.30613434,9,2
1,0,0.066192396,9,1
0,0,0.0007981297,9,2
0,1,0.5228252,1,1
1,1,0.9886231,6,2
0,0,0.0042427313,6,2
0,0,0.1757857,1,1
0,1,0.86484426,1,2
1,0,0.15999518,1,1
0,0,0.09592064,9,2
0,0,0.18319954,1,1
1,1,0.62626344,8,1
0,0,0.02132161,9,2
1,1,0.7678033,9,1
1,0,0.3088468,1,1
1,1,0.66768014,1,1
1,0,0.11566991,6,1
0,0,0.03519061,8,1
0,1,0.54208356,9,1
0,0,0.07410223,9,2
0,0,0.16528592,9,2
1,1,0.9151418,9,2
1,0,0.33584797,8,2
0,0,0.34341502,8,1
1,1,0.68072313,1,2
1,1,0.9531686,1,1
1,1,0.967036,6,2
1,1,0.9340679,1,1
1,0,0.4762345,9,2
0,0,0.04457824,8,2
0,0,0.021501388,1,2
0,0,0.1977267,1,2
1,1,0.5394806,1,1
0,0,0.02139173,9,2
1,1,0.596128,8,2
1,1,0.8964856,9,1
1,1,0.97307384,8,1
1,1,0.8794517,1,2
1,1,0.93909806,6,1
1,1,0.6218695,6,2
1,0,0.49808475,6,1
0,0,0.0071292957,8,2
0,0,0.3641451,8,2
1,0,0.21491252,8,1
1,0,0.15189078,6,2
1,1,0.9802217,1,2
1,1,0.654677,6,1
1,1,0.73556334,1,1
1,1,0.8564316,6,2
0,0,0.2697858,3,1
1,1,0.8677762,1,2
0,0,0.018323664,9,2
1,1,0.56021607,1,2
0,0,0.0031574697,8,1
1,1,0.83097166,2,2
0,1,0.52366084,1,2
0,0,0.0013818969,9,2
0,0,0.034908548,8,2
1,1,0.919132,6,1
0,0,0.042942096,8,2
0,0,0.0040800422,9,2
0,1,0.8422346,1,1
0,0,0.028125564,1,2
0,0,0.04758651,9,1
0,0,0.12269816,1,2
0,0,0.18496862,1,2
0,1,0.62752724,3,1
1,1,0.7627314,6,1
0,0,0.003432061,1,2
1,1,0.9990701,1,1
0,0,0.33490574,6,1
1,1,0.91496485,1,1
1,1,0.7346273,1,2
1,1,0.87111986,1,1
1,0,0.31306908,1,1
0,0,0.3286494,6,2
0,0,0.43576923,6,2
1,1,0.98130554,9,2
1,1,0.5086407,6,1
0,0,0.048791032,8,1
1,1,0.99673575,9,1
1,0,0.13985454,8,2
0,0,0.12744887,9,1
0,0,0.31413707,8,1
0,0,0.022799188,9,2
1,1,0.95641685,6,1
1,1,0.97126806,6,1
0,0,0.039363973,8,2
0,0,0.0055330386,1,2
0,0,0.047161642,1,2
0,1,0.5381625,9,2
0,0,0.37737796,1,1
1,0,0.45567423,8,1
1,0,0.4995912,6,2
1,1,0.9871358,1,1
1,1,0.77681667,1,2
0,0,0.32353318,9,2
0,0,0.04453484,2,2
0,0,0.23567922,8,1
1,1,0.9020132,6,1
0,1,0.93988794,1,2
1,1,0.54682255,8,1
0,1,0.5134458,1,2
1,1,0.92435545,1,1
0,0,0.02499651,3,1
0,0,0.14788699,8,2
1,1,0.8226132,8,1
0,0,0.001458284,9,1
1,1,0.95581686,1,1
0,0,0.021511318,8,2
0,0,0.4451986,9,1
0,0,0.14792125,1,2
1,1,0.6917413,1,2
1,1,0.9892945,1,1
1,1,0.9846044,6,1
1,1,0.71456933,2,1
0,0,0.4552594,1,2
1,1,0.7326749,9,2
1,1,0.8300967,1,2
1,1,0.9241584,6,1
1,1,0.9324228,6,2
1,0,0.412885,7,2
1,1,0.9891461,1,1
0,1,0.5911934,8,1
1,0,0.1063272,9,2
1,1,0.74225956,6,2
1,1,0.77650666,1,1
0,0,0.25417724,1,2
1,1,0.9780873,1,1
0,0,0.00638626,6,2
1,1,0.8568988,6,2
1,1,0.77423567,1,2
1,1,0.984099,1,1
0,0,0.07127638,6,2
1,1,0.94793785,6,1
1,0,0.3552178,1,2
1,0,0.42872068,1,2
1,1,0.75332415,1,1
0,1,0.7600199,1,1
1,0,0.25255165,9,1
1,1,0.6047744,6,1
0,0,0.08939812,6,2
0,0,0.16602422,1,1
1,0,0.39156023,6,2
1,1,0.9810052,1,2
0,0,0.3084993,1,2
1,1,0.5260402,6,2
0,0,0.026516471,1,2
1,1,0.78111106,6,1
1,0,0.456588,9,2
0,0,0.00094057544,1,2
1,1,0.6923142,9,1
0,0,0.07497783,9,2
0,0,0.44257843,6,2
1,1,0.79234177,1,1
1,1,0.8899186,1,2
1,1,0.69761336,1,1
1,1,0.77580595,1,1
1,1,0.7826914,8,1
1,1,0.88527423,1,1
1,1,0.74168646,9,2
1,0,0.3339877,8,1
1,1,0.9711646,1,1
0,0,0.28509703,3,2
0,0,0.024784569,1,2
1,1,0.8533071,1,1
1,1,0.93798363,1,1
1,1,0.97877836,1,2
0,0,0.015004997,8,2
0,1,0.60458887,8,2
1,1,0.9817826,1,1
0,0,0.104739025,8,1
0,1,0.9767619,9,2
1,1,0.66714466,1,1
1,1,0.5453564,1,2
0,0,0.0049124868,6,1
0,0,0.10806549,1,1
0,0,0.00095314387,9,2
0,0,0.0031130707,9,2
1,1,0.58100706,2,1
1,1,0.9796282,1,1
1,1,0.87184477,9,1
1,1,0.83140594,6,2
0,1,0.6228221,6,2
1,1,0.6911079,8,1
0,0,0.007792248,1,2
1,1,0.89451617,1,2
0,1,0.5393142,6,1
0,1,0.5213137,1,1
0,0,0.2338081,1,2
1,1,0.9599194,9,2
1,1,0.7438782,9,1
1,1,0.98706496,1,2
0,1,0.78881097,1,2
1,1,0.83628505,1,2
0,0,0.34103808,6,2
1,1,0.951958,2,1
1,1,0.77459896,1,1
0,0,0.026241874,6,2
0,0,0.11127808,8,2
0,0,0.028200183,9,2
1,1,0.8643301,3,1
1,0,0.48140207,1,1
0,0,0.016213898,1,2
0,0,0.0062199277,9,2
1,1,0.90741813,1,1
0,1,0.55553705,9,1
0,0,0.013473802,9,1
0,0,0.2648243,8,1
1,0,0.33391443,8,1
1,1,0.83443046,1,1
0,1,0.6684882,6,1
0,1,0.51919013,8,1
1,1,0.9824029,1,1
1,1,0.96699345,1,2
0,0,0.012899588,6,1
0,0,0.41619053,8,1
0,0,0.014561057,6,2
1,1,0.90338606,1,1
1,1,0.9366231,1,1
0,0,0.024477871,9,2
1,1,0.5197768,1,2
1,0,0.098485306,9,1
0,0,0.052425984,1,2
0,1,0.50485086,1,1
0,0,0.09642638,9,2
1,1,0.76572067,1,2
0,0,0.40954402,1,2
1,0,0.028327098,9,2
1,1,0.9466616,1,2
0,0,0.2386325,8,1
1,1,0.95109636,1,2
1,1,0.66332304,1,2
0,0,0.0028676766,1,2
1,1,0.69155174,9,2
1,0,0.39432105,1,1
0,0,0.0011158878,1,2
1,0,0.3381005,2,2
1,0,0.30256233,1,2
0,0,0.3143879,8,2
0,0,0.041798558,8,2
1,1,0.6810395,8,2
1,1,0.8383427,2,2
1,1,0.5646397,8,2
1,1,0.925738,1,2
1,1,0.7027326,2,2
1,1,0.78746843,1,1
0,0,0.025960293,2,2
0,0,0.02186877,8,2
1,1,0.96243197,8,1
1,0,0.2885281,8,1
0,0,0.18614602,6,2
1,1,0.82582587,1,2
1,1,0.5589875,8,2
1,1,0.8818473,6,2
1,1,0.9772037,1,2
1,1,0.7576916,8,1
1,1,0.6540784,6,2
0,0,0.0009105379,6,1
0,0,0.14106141,9,1
0,0,0.05951553,6,2
1,1,0.99310005,6,1
0,0,0.49898177,1,2
0,0,0.15300766,8,2
0,0,0.078970976,9,1
1,1,0.9751794,9,2
0,1,0.8710644,1,1
0,0,0.3612916,1,1
0,1,0.8707477,1,1
0,0,0.020929018,1,1
0,0,0.15520273,1,1
0,0,0.00037977664,1,2
1,1,0.9801437,9,1
1,1,0.7305845,9,2
1,1,0.9936987,1,1
1,1,0.84623927,1,2
0,0,0.06092963,8,2
1,0,0.0068584685,9,2
1,1,0.6971337,9,1
1,1,0.91613626,1,1
0,1,0.5873286,9,2
0,0,0.02072936,8,2
0,0,0.15353867,9,1
0,0,0.15631562,8,2
1,1,0.9556278,1,1
0,0,0.30318102,1,2
0,0,0.06830292,9,2
1,1,0.89810735,6,1
0,0,0.024767943,9,2
0,1,0.55695397,1,1
1,1,0.8319041,5,1
0,0,0.18774705,9,2
0,0,0.28754342,8,2
0,0,0.43632105,6,1
1,1,0.66561115,8,2
0,1,0.7377898,1,2
0,0,0.08813345,9,2
1,1,0.829041,1,2
1,1,0.8738071,8,2
1,1,0.9771458,6,1
1,1,0.9329416,6,1
0,0,0.35439783,8,1
0,0,0.00050164026,2,2
0,0,0.11218273,9,1
0,1,0.885641,1,1
0,0,0.15419967,6,1
1,0,0.17897125,9,1
0,1,0.98216933,1,1
0,0,0.20470904,6,2
1,1,0.5421498,9,1
1,1,0.97975105,9,1
1,1,0.79024047,1,2
0,0,0.026007831,1,1
1,1,0.9106068,1,2
1,1,0.98575574,9,2
0,0,0.23512128,1,2
1,1,0.50343704,8,1
1,0,0.13635096,8,1
0,0,0.045362595,1,2
1,1,0.96094316,6,2
1,1,0.89346224,1,2
1,1,0.8550349,1,2
1,1,0.9706227,6,1
0,0,0.3003703,1,2
1,1,0.82921493,1,1
1,1,0.85728127,1,1
1,0,0.13030212,8,1
0,0,0.0015426993,9,1
0,0,0.15651627,9,1
1,1,0.62538004,8,1
1,1,0.9759124,1,1
0,0,0.3906329,8,1
0,0,0.14280786,9,1
1,1,0.81550664,6,1
0,0,0.35170504,8,1
0,0,0.25568414,1,2
0,0,0.12490109,1,1
1,1,0.7481754,1,2
0,0,0.056830436,6,1
0,0,0.22610979,3,1
1,1,0.9331816,1,1
1,1,0.9273823,1,1
0,0,3.6316647e-05,1,1
1,1,0.9587061,1,2
0,0,0.10084957,8,1
1,1,0.9333534,1,1
0,0,0.14761011,8,1
0,0,0.00028826462,6,2
0,0,0.016803144,8,2
0,0,0.027993212,6,2
1,1,0.993046,1,1
1,1,0.6603853,1,1
1,1,0.8423972,6,2
1,1,0.64285344,6,2
1,0,0.18751246,6,2
1,0,0.3937747,1,1
1,0,0.4643845,1,2
1,1,0.9674087,6,1
1,1,0.9153017,9,1
0,0,0.15370312,1,2
0,0,0.004713593,8,1
0,0,0.00041237922,1,2
0,1,0.8647146,1,1
0,0,0.43182486,8,1
0,1,0.72458,3,1
0,0,0.01234401,1,2
1,1,0.8201783,9,1
1,1,0.6315013,1,1
1,1,0.66222936,3,2
0,0,0.11589933,8,1
0,0,0.048553202,1,1
1,1,0.89916885,8,2
1,1,0.9756359,1,2
1,1,0.7444423,3,2
1,1,0.9872005,2,2
1,0,0.25012428,1,1
1,0,0.27648008,1,1
0,1,0.54329544,1,2
0,0,0.23089196,1,2
0,0,0.09458737,1,1
1,1,0.97566104,1,2
1,0,0.44534048,7,2
0,0,0.019862296,8,2
0,0,0.065195836,9,2
1,1,0.78537995,1,2
0,0,0.040605158,8,1
0,0,0.01629329,8,1
1,1,0.8640356,6,1
0,0,0.09914213,9,2
1,1,0.9155383,1,1
1,0,0.22650884,9,1
0,0,0.45201927,1,2
1,0,0.19665043,8,1
0,0,0.12991077,8,2
1,1,0.9872105,1,2
1,0,0.15911652,3,1
0,0,0.11923883,6,2
0,0,0.10962847,9,1
0,0,0.112863496,1,1
0,0,0.0033613353,8,1
0,0,0.08057105,9,1
1,1,0.7330513,9,1
1,1,0.7154003,1,2
0,0,0.0021132797,9,2
1,1,0.97134936,1,1
0,0,0.00028096134,8,1
0,0,0.07921013,6,1
1,1,0.808846,6,1
1,1,0.51186746,6,1
0,0,9.125351e-05,9,1
0,0,0.11544817,8,1
1,1,0.9582406,1,2
1,1,0.97765505,1,1
0,0,0.00013713884,6,2
0,0,0.0020460763,8,2
0,0,0.14807321,6,1
0,0,0.27617514,6,1
1,1,0.7811415,6,1
0,0,0.1620927,2,2
1,1,0.9059097,1,2
1,0,0.14650412,8,1
0,0,0.09309838,1,2
1,1,0.569376,8,1
0,1,0.6617776,6,2
1,1,0.7350547,2,2
0,1,0.9380044,9,2
0,1,0.6954237,8,2
0,0,0.0026176886,9,1
0,0,0.03108745,8,2
1,1,0.6269808,8,1
1,0,0.122867174,8,2
0,0,0.12475378,1,2
0,0,0.00072280504,1,2
0,0,0.0030257315,8,2
1,1,0.9882925,2,1
1,1,0.56881803,8,1
1,0,0.19067165,8,1
1,1,0.6573968,1,1
0,1,0.72453785,1,1
1,1,0.9122075,6,2
1,1,0.7503722,1,2
1,1,0.9171777,1,2
1,1,0.9364584,1,1
1,1,0.94450694,6,1
1,1,0.8832863,2,2
0,0,0.010430217,8,1
0,1,0.54744875,9,2
0,0,0.22178145,1,2
0,0,0.005312417,1,2
1,1,0.99349385,1,2
0,0,0.0029451724,1,1
0,0,0.027694354,1,2
1,1,0.90368336,2,1
1,1,0.8719927,1,1
0,0,0.0125121325,9,2
1,1,0.8647881,1,2
0,0,0.31049365,9,1
1,1,0.84100795,8,1
0,0,0.30123946,1,2
0,0,0.0057122326,1,2
0,0,0.2083248,1,2
0,0,0.0018950595,8,2
1,1,0.6838227,9,1
1,1,0.90860075,6,2
1,1,0.96264786,1,1
1,1,0.95703924,1,1
0,0,0.121754214,1,2
0,0,0.18670051,9,2
0,0,0.16605924,8,1
0,0,0.006558766,8,1
1,1,0.53092754,2,1
0,0,0.025733013,9,1
1,1,0.785129,9,2
1,1,0.8076573,1,2
1,1,0.9449751,6,1
1,1,0.57811266,1,1
0,0,0.003466038,9,2
1,1,0.979657,1,2
1,0,0.2661368,1,2
0,1,0.5787957,6,1
0,0,0.250548,9,1
0,1,0.68244654,9,1
1,0,0.24736808,3,1
1,1,0.9552737,6,2
0,0,0.001857791,8,2
0,0,0.0005270884,6,2
0,0,0.009150459,6,2
1,1,0.9745987,1,1
0,0,0.07375438,6,2
1,1,0.85662377,1,2
1,0,0.05862378,6,2
1,1,0.9604785,1,2
0,0,0.09805197,9,1
0,0,0.13169034,1,1
1,0,0.4524962,8,1
1,1,0.80633783,6,2
0,0,0.0029152716,9,2
0,0,0.024462158,8,1
1,0,0.38849106,6,1
0,0,0.0075981203,8,2
0,0,0.48821604,9,1
1,1,0.963562,6,2
0,0,0.107660435,8,1
1,1,0.97112334,1,1
0,0,0.16676664,1,2
1,1,0.6792984,9,2
1,1,0.7939018,6,2
1,1,0.8088901,1,2
0,0,0.021878736,6,1
1,1,0.81512254,9,1
0,1,0.5271469,1,1
0,0,0.00856411,6,2
1,1,0.83319944,9,1
1,1,0.9747922,1,1
1,0,0.2220104,8,1
0,1,0.67330974,1,2
0,0,0.47529462,8,1
0,0,0.050800275,1,1
1,1,0.87957317,9,1
1,1,0.99200493,1,1
0,0,0.3474898,1,1
0,0,0.033177752,9,2
0,0,0.40331852,1,2
1,0,0.41646433,9,1
1,1,0.9828909,1,2
0,0,0.13442378,1,2
1,0,0.2992979,2,2
0,1,0.77030134,1,1
1,1,0.9353757,1,1
1,1,0.8684581,6,1
0,1,0.6423451,1,2
1,1,0.67668647,1,1
1,1,0.5866591,1,1
0,1,0.8303198,9,2
1,1,0.9515363,1,1
1,1,0.9497183,1,1
1,1,0.8565865,1,1
1,1,0.72159714,6,1
1,0,0.12228135,1,1
1,1,0.9495754,1,1
1,1,0.947027,6,2
1,1,0.93006295,1,1
1,1,0.89114726,1,2
0,1,0.5054041,1,2
0,1,0.92560506,1,2
0,0,0.1752689,1,2
0,0,0.49422392,8,2
0,1,0.7020976,6,1
1,1,0.89673895,9,1
0,1,0.6718248,9,2
1,1,0.7281173,6,2
1,1,0.89917773,1,1
1,1,0.9632316,1,1
0,0,0.13782763,2,2
1,0,0.310187,2,2
1,1,0.71690273,6,1
1,1,0.8667704,9,2
1,0,0.29642808,9,1
1,0,0.4372986,6,2
0,0,0.0006818592,9,1
0,0,0.0125844395,1,1
0,0,0.0328215,9,1
1,1,0.9577565,2,1
0,0,0.0017005322,9,2
0,1,0.6512233,6,1
1,1,0.9809669,1,1
0,0,0.058549907,1,2
0,0,0.47900787,6,1
0,0,0.003248294,9,2
1,1,0.9411976,1,2
0,0,0.20069554,6,2
0,0,0.35829684,8,1
1,1,0.6693526,1,1
0,0,0.42525482,6,1
0,0,0.17663892,1,2
0,0,0.21078165,8,1
1,0,0.2938009,1,2
1,1,0.9335073,1,2
0,1,0.9623717,6,2
1,1,0.64443266,8,1
1,1,0.93638587,6,1
0,0,0.17357987,3,1
1,1,0.8505722,6,2
0,0,0.009752807,8,1
0,0,0.20047733,8,1
0,0,0.0012086056,6,2
0,0,0.00045189177,9,1
0,0,0.00046242593,9,1
1,0,0.32033396,1,1
0,0,0.012162463,6,2
0,0,0.43496063,8,2
0,0,0.025696678,9,2
0,0,0.30279568,1,2
0,0,0.23585902,1,2
0,0,0.003864399,6,1
0,0,0.05927875,1,1
0,0,0.21657513,6,1
1,0,0.34937012,1,1
0,0,0.4174236,1,2
0,0,0.008399273,8,2
1,1,0.98437274,1,1
0,0,0.0027618664,1,1
0,0,0.04033619,8,1
1,1,0.9554187,8,1
0,0,0.21671179,8,1
1,1,0.7181769,1,1
0,0,0.49592048,1,1
0,0,0.46601823,1,2
1,1,0.93370706,1,1
0,1,0.618134,1,2
1,1,0.8556971,1,1
0,0,0.02356592,8,2
0,1,0.69802296,1,1
0,0,0.012086383,9,1
0,0,0.31492215,8,1
1,1,0.8531176,9,2
0,0,0.017222282,8,2
0,0,0.020040266,9,2
1,1,0.9643007,1,2
1,1,0.90515137,6,2
1,1,0.99048984,1,1
1,0,0.059015136,6,2
0,0,0.0029360363,1,2
1,1,0.8958087,1,1
0,0,0.0007855147,6,2
0,1,0.68265146,1,2
0,0,0.3820801,6,1
1,1,0.728128,1,1
0,0,0.0063857487,8,1
0,0,0.22454375,1,2
0,0,0.41783765,9,1
1,1,0.85775274,1,2
0,0,0.096882656,6,2
0,0,0.008983438,8,2
0,1,0.8022483,9,2
0,0,0.1928096,1,1
0,0,0.0007128504,1,2
0,1,0.701017,1,1
0,0,0.025523914,1,1
0,0,0.004220619,8,2
0,0,0.023063142,9,1
1,1,0.986626,1,1
0,0,0.006306937,1,2
0,0,0.085119076,9,1
0,0,0.11557533,6,2
0,0,0.1950816,2,1
1,1,0.5125285,1,1
1,1,0.9230275,1,2
1,0,0.295769,9,2
1,0,0.29704452,1,1
1,1,0.97511643,6,2
0,0,0.0071095875,8,1
1,0,0.0913869,8,1
0,0,0.060485657,6,2
0,1,0.7359027,1,1
0,0,0.15838195,2,1
1,1,0.9607727,1,1
1,1,0.8533237,6,1
0,1,0.62866086,8,1
0,0,0.13464226,6,2
0,0,0.23224594,8,2
0,0,0.1645001,1,2
1,1,0.6016705,6,1
1,1,0.7004762,1,1
0,1,0.7912608,8,2
0,0,0.48407984,8,1
0,0,0.17451745,8,2
1,1,0.810201,9,1
1,1,0.9308357,1,1
0,0,0.11339168,1,2
1,1,0.9445737,1,1
1,1,0.93964905,1,2
1,0,0.021345437,1,1
1,1,0.9315724,1,2
1,1,0.82068413,1,1
1,1,0.5943875,9,2
1,1,0.9284612,6,2
1,1,0.56047565,1,2
0,0,0.48204762,1,2
1,1,0.9818711,6,1
1,1,0.9535758,1,1
0,0,0.41282398,8,1
1,0,0.23602001,9,2
0,0,0.04866427,9,2
1,1,0.71923923,8,2
1,1,0.54309434,1,1
1,1,0.80388683,1,1
1,1,0.8239055,1,2
0,0,0.37609553,8,1
0,0,0.029002884,1,2
1,1,0.7023371,3,1
0,0,0.06969852,8,2
1,1,0.9879353,2,1
0,0,0.023269193,1,1
0,0,0.0024143506,9,1
1,1,0.7937843,1,1
0,1,0.9240732,1,2
1,0,0.37091488,1,2
0,0,0.00073030323,6,2
0,0,0.010398133,9,2
0,0,0.18172933,1,1
0,0,0.03172712,6,2
0,0,0.02793165,9,1
1,1,0.9525088,6,2
1,0,0.45521986,6,1
0,1,0.89872605,1,2
0,0,0.1801787,1,2
1,1,0.822168,1,2
0,0,0.33050185,8,1
1,0,0.13353191,1,2
0,0,0.41730332,1,1
1,1,0.98113054,1,1
0,0,0.16877322,1,1
1,1,0.9688544,1,1
1,1,0.8603628,8,2
1,1,0.98003584,9,1
0,1,0.72188085,6,1
0,0,0.14566948,9,1
0,0,0.019297678,9,1
1,0,0.4516403,1,2
1,1,0.9574774,6,2
0,0,0.27128693,8,1
0,0,0.45453632,1,2
1,1,0.7920565,1,2
0,0,0.005300467,8,2
0,0,5.717941e-05,2,2
0,0,0.0211755,8,1
0,0,0.026614223,1,2
1,1,0.6017549,8,2
0,0,0.013478379,9,1
0,0,0.04562684,1,2
0,0,0.24722688,9,1
0,0,0.0009472323,1,2
1,0,0.30345872,8,2
0,0,0.16929291,9,2
1,0,0.42968333,9,1
1,0,0.38922253,1,1
0,0,0.27624956,8,1
0,0,0.2671343,6,1
0,0,0.14987881,9,1
0,0,0.3337628,9,2
0,0,0.45898128,9,1
1,1,0.9340916,6,2
0,0,0.24738069,8,2
1,0,0.480406,1,1
1,1,0.9749526,1,1
1,0,0.354444,1,1
0,0,0.0066304826,8,1
1,1,0.87416774,9,1
1,1,0.8701489,9,1
0,1,0.54438275,1,2
0,0,0.0036405397,6,2
1,1,0.9758975,1,1
0,0,0.0010061167,9,2
0,0,0.061650347,6,1
0,0,0.002406147,2,2
0,0,0.032215986,8,2
0,0,0.011780812,8,2
1,1,0.55422086,1,1
1,1,0.9972671,1,1
0,0,0.09925553,8,1
0,0,0.26631144,1,2
0,1,0.6806586,1,1
1,0,0.4569266,1,2
0,1,0.6016196,3,2
1,1,0.8314991,1,2
1,0,0.3059883,6,1
1,1,0.98565835,1,1
0,0,0.0023077126,1,2
0,0,0.0015750247,9,1
1,0,0.114518434,2,2
1,1,0.78546077,6,2
0,0,0.18823667,9,1
1,1,0.97344494,1,2
0,0,0.44924176,1,2
1,1,0.582025,1,2
1,1,0.92306054,1,1
1,1,0.93056446,9,1
0,0,0.13765,9,2
0,0,0.0007781242,1,1
0,0,0.2129941,1,1
1,1,0.7574004,1,1
0,0,0.003522275,1,1
1,1,0.8974988,1,2
1,1,0.9332881,1,1
0,0,0.002631067,9,1
1,1,0.9448216,1,2
1,1,0.6512153,1,1
1,1,0.8794044,9,1
1,1,0.8297833,1,2
0,0,0.44373998,6,1
0,0,0.24948667,1,2
0,0,0.0024570592,9,2
0,1,0.6669404,9,1
0,0,0.0020494207,1,2
1,1,0.8923983,1,1
1,1,0.9886354,1,1
1,1,0.99946207,1,1
0,0,0.1641532,6,1
0,0,0.0005833105,9,2
1,1,0.9741362,1,1
1,1,0.7911339,1,2
1,0,0.48405415,9,2
0,0,0.017274577,6,2
1,0,0.119657375,6,2
1,1,0.593805,6,2
0,0,0.02793808,8,2
0,0,0.4415727,1,2
1,1,0.7934058,1,1
0,0,0.21416967,8,1
0,1,0.688458,1,2
1,1,0.7992092,1,2
0,0,0.060696486,9,2
1,1,0.7264514,1,1
0,1,0.95984197,1,1
1,0,0.45651522,1,1
1,0,0.38217276,8,1
0,1,0.6976673,9,1
0,1,0.9009118,1,2
0,0,0.0571792,9,1
0,1,0.629907,8,2
1,0,0.46779424,6,2
1,1,0.92380434,8,2
0,0,0.3059096,8,1
1,1,0.6232708,1,1
1,1,0.6599163,6,2
0,0,0.07586949,8,1
1,1,0.90081024,6,1
0,0,0.2662412,8,1
0,1,0.52994335,9,1
1,1,0.9707653,1,1
1,1,0.9370593,1,2
1,1,0.92735994,6,1
0,0,0.101100065,1,1
1,0,0.16297926,1,2
1,1,0.81177723,9,2
0,0,0.020483645,1,2
1,1,0.99124825,9,1
0,1,0.6422133,9,1
1,1,0.97854257,1,1
0,0,0.041120794,6,2
1,1,0.9986804,1,1
0,0,0.3237066,9,2
0,0,0.22960566,8,1
1,1,0.92421645,9,1
1,1,0.9461894,1,1
1,1,0.96843797,6,2
0,0,0.0864787,9,2
1,1,0.6817795,8,2
0,0,0.15943708,8,2
0,0,0.010211267,8,1
1,1,0.90074396,8,1
0,0,0.07359669,7,1
0,1,0.5191072,6,2
1,1,0.8065964,1,2
0,0,0.014348348,9,2
1,1,0.9060381,9,1
1,1,0.98362696,6,2
0,0,0.0031883658,1,2
0,0,0.10120442,8,1
1,1,0.9430747,2,1
0,0,0.24402866,6,2
1,1,0.5025196,9,2
1,1,0.61333925,1,2
0,0,0.36883315,1,2
0,0,0.0080237845,6,2
0,0,0.12720926,2,1
0,0,0.0949202,9,2
0,0,0.3875944,8,1
1,0,0.33055884,1,2
0,0,0.20425676,8,1
0,0,0.050820995,1,1
0,0,0.26047122,1,2
0,1,0.77840173,8,1
1,1,0.97913533,1,1
0,0,0.015196068,6,2
1,1,0.9896309,6,1
1,1,0.9934097,1,1
0,0,0.3788046,6,1
1,1,0.9063286,1,2
1,1,0.85162306,1,2
0,0,0.11714103,6,2
0,0,0.3374149,6,1
1,1,0.8878021,1,2
1,1,0.91227883,1,1
1,1,0.7100704,1,2
0,0,0.15314472,8,1
0,0,0.081280634,8,1
0,0,0.017667787,6,2
0,0,0.001000738,1,1
0,1,0.94002086,6,2
1,1,0.7629066,9,1
0,0,0.06663574,9,1
0,0,0.15069684,1,1
1,1,0.79620516,1,1
1,0,0.2022271,1,1
1,1,0.9793062,1,2
0,0,0.0004272437,8,2
1,1,0.55907303,1,2
0,1,0.73427796,6,2
1,0,0.33137262,1,2
0,1,0.58997315,1,1
1,1,0.9647321,1,1
1,0,0.3390841,2,2
1,1,0.9089328,1,2
0,1,0.5797793,1,2
0,0,0.052991465,1,2
0,0,0.010222728,9,2
1,1,0.8841031,1,1
0,0,0.015536739,8,2
0,0,0.00430485,1,1
0,0,0.00588374,9,1
0,1,0.62865406,2,1
0,1,0.74352,8,1
0,0,0.4492938,8,1
0,0,0.26120514,1,1
0,1,0.5836362,8,1
1,1,0.56752586,6,1
0,0,0.12488028,6,2
1,1,0.9185232,6,2
1,1,0.8720286,1,2
0,0,0.39559728,6,2
0,0,0.033950035,1,1
0,0,0.2090844,1,2
1,1,0.7662993,2,2
1,1,0.8499431,9,1
0,0,0.40335253,1,2
1,1,0.76556844,1,2
0,0,0.0035635822,9,2
1,1,0.95012176,1,1
1,0,0.49191263,2,2
1,1,0.87400097,1,1
0,0,0.02154744,1,1
0,0,0.057681374,8,2
1,1,0.8271091,1,2
0,0,0.051390864,9,2
1,1,0.9750133,1,1
1,1,0.99460536,9,1
1,1,0.51179636,6,2
1,1,0.85563385,1,1
0,0,0.32401812,1,1
1,1,0.9529105,9,1
0,0,0.1883153,6,2
0,0,0.013519349,9,1
0,0,0.16382858,1,1
0,0,0.01100323,1,1
1,1,0.8665878,1,1
1,1,0.8972394,1,1
1,0,0.3783589,1,2
1,1,0.95496374,6,1
1,1,0.9805642,9,1
1,1,0.98608065,1,2
0,1,0.7099033,6,2
1,1,0.7540888,1,2
1,1,0.78125453,1,1
1,1,0.9411822,1,2
1,1,0.9351336,2,1
1,1,0.9704742,1,2
1,1,0.56080115,2,2
1,1,0.9649544,6,1
1,0,0.46505994,6,2
1,0,0.3261488,6,2
1,1,0.9407972,6,2
0,0,0.00028685984,9,1
0,0,0.2126474,1,2
1,1,0.8569408,1,1
1,1,0.89536995,1,1
1,1,0.9472822,1,2
0,0,0.20808625,6,2
1,1,0.7465874,1,2
1,1,0.9960557,1,1
1,1,0.9839438,1,1
1,1,0.9502068,6,1
0,0,0.016619287,1,2
1,1,0.95464635,1,2
0,0,0.2827809,6,1
0,0,0.035065338,6,2
1,1,0.6616123,6,1
1,1,0.8167581,1,1
1,1,0.8930441,6,2
1,1,0.83774173,1,2
0,0,0.15866277,1,1
1,1,0.81821734,1,1
0,1,0.5426456,1,1
1,1,0.6705179,1,1
1,1,0.8091836,1,1
0,0,0.019548975,1,1
1,1,0.8899312,9,1
0,0,0.0016316094,9,1
1,1,0.8436995,8,1
1,1,0.92139727,8,2
1,1,0.7417669,9,2
0,0,0.00048581552,8,2
1,1,0.82315725,1,1
0,0,0.17451848,1,2
0,0,0.007521956,1,2
0,0,0.22395308,1,2
0,0,0.020014292,8,2
0,0,0.12826517,1,2
1,1,0.7833318,1,1
1,1,0.86549866,2,2
0,1,0.94306165,9,1
1,1,0.9315593,1,1
0,0,0.0028598132,8,2
0,0,0.20140155,9,2
0,0,0.0073484518,1,1
0,0,0.080337405,2,1
0,0,0.009177819,6,2
1,0,0.43850505,1,1
0,0,0.15795968,1,2
1,1,0.93142736,1,2
1,0,0.398357,1,1
0,0,0.14583614,5,2
1,1,0.9107805,6,1
1,1,0.60710573,1,1
1,0,0.18170203,1,1
0,0,0.3303831,1,1
0,0,0.083680116,8,1
1,1,0.959091,1,1
0,0,0.18609601,1,1
0,1,0.8946046,1,2
0,0,0.05612077,9,1
1,1,0.87468207,1,2
0,0,0.410858,1,1
1,1,0.9617034,1,1
1,1,0.7366799,1,2
0,1,0.53278077,9,1
0,0,0.012636622,1,2
1,1,0.85780835,9,2
0,0,0.02327523,9,2
1,1,0.8109596,1,1
0,0,0.0148289725,6,2
0,0,0.045594323,6,1
0,0,0.00046853526,1,1
0,0,0.010515394,9,1
0,0,0.3579112,6,2
1,1,0.9180815,1,1
0,0,0.040094417,3,2
1,1,0.851889,1,2
1,1,0.99931324,3,1
0,0,0.48427257,9,1
1,1,0.91540426,1,1
1,1,0.9943362,1,2
1,1,0.9466477,6,1
1,1,0.89067954,9,2
0,0,0.4671499,9,1
0,0,0.02866637,8,2
1,1,0.9421236,6,1
0,1,0.9790111,1,2
1,1,0.5241299,6,2
1,1,0.9305264,6,2
0,0,0.005530455,9,1
0,1,0.6955633,1,1
0,0,0.0020000145,9,2
0,0,0.23164317,8,2
1,1,0.96700376,6,1
1,1,0.9936644,1,1
0,0,0.2588445,9,1
0,0,0.0011317795,6,2
0,0,0.03144813,1,1
0,0,0.41601583,9,2
0,0,0.031239789,8,1
0,0,0.28934696,6,2
0,1,0.7847349,7,1
0,0,0.003439766,1,2
0,0,0.17734958,6,2
0,0,0.18111682,3,2
1,1,0.75840247,1,2
1,1,0.87635785,1,1
1,1,0.97311306,1,1
1,1,0.996402,6,1
1,1,0.62215126,6,1
1,1,0.97966033,6,1
1,1,0.71904653,1,2
0,0,0.024916964,8,2
1,0,0.16539767,9,1
0,0,0.08524534,1,1
1,1,0.9794957,1,1
0,1,0.58465385,6,1
1,1,0.9925689,6,1
1,1,0.63547367,1,1
0,0,0.001512239,1,1
1,0,0.42023444,1,2
0,0,0.02209707,8,1
0,0,0.4875838,9,2
1,1,0.69244474,6,1
1,1,0.8162474,1,1
1,0,0.45016167,1,1
0,0,0.16312791,2,1
1,1,0.99628335,1,1
0,0,0.003354357,1,1
0,0,0.009528955,9,2
1,1,0.9472713,1,1
1,1,0.6649493,9,2
0,0,0.28992286,2,1
1,1,0.8596243,9,2
1,1,0.85975367,6,1
1,1,0.8122298,1,1
0,0,0.07575622,1,2
1,1,0.5811632,9,2
1,1,0.8522186,8,2
1,0,0.104794055,1,2
0,0,0.22281706,6,1
1,1,0.8871734,9,1
1,1,0.91251934,6,1
1,0,0.49702588,8,1
0,0,0.030000214,1,2
0,0,0.29690537,1,2
0,0,0.0027787914,8,2
0,0,0.15930666,8,1
0,0,0.010028282,8,2
1,1,0.98915356,1,1
1,1,0.6453568,6,1
0,1,0.67282444,1,1
1,1,0.610477,6,2
0,0,0.013879263,9,1
0,1,0.51532567,9,1
0,0,0.008076529,9,2
0,0,0.013694785,1,1
1,1,0.95529157,6,2
1,1,0.9615076,1,1
0,0,0.010373432,1,1
0,1,0.65595156,1,1
1,1,0.8869744,6,1
0,0,0.028731897,8,1
0,1,0.90592974,1,2
0,0,0.039750114,9,1
0,0,0.09407803,9,2
0,0,0.09854057,8,2
1,1,0.58717376,9,1
1,1,0.84050405,9,1
0,0,0.48470235,1,1
1,1,0.9227385,9,1
0,0,0.09707495,6,2
1,1,0.5861938,1,1
0,0,0.1820405,8,2
1,1,0.99027365,2,1
1,1,0.76487166,1,1
0,0,0.0009663698,9,2
1,1,0.9317961,1,1
0,0,0.2574764,6,1
0,0,0.0004843544,8,1
1,1,0.95201254,6,2
0,0,0.41115052,8,1
0,0,0.0069025303,8,2
0,1,0.8770721,6,1
0,0,0.42351794,9,1
1,1,0.9643813,1,1
1,1,0.97636,9,1
0,0,0.18882498,9,1
0,0,0.45479232,8,2
0,1,0.71125495,1,2
1,1,0.85883147,6,2
1,1,0.8635368,1,2
1,1,0.9571761,1,1
0,0,0.2444589,6,2
1,1,0.9776019,1,1
1,1,0.92370564,6,1
1,1,0.64283484,9,1
0,0,0.05574025,9,2
0,0,0.017768236,9,2
0,0,0.026845217,9,1
0,0,0.22318158,2,1
0,0,0.44821227,1,1
1,0,0.43453124,1,1
1,1,0.8889878,6,2
0,0,0.013304607,9,1
0,0,0.0045339423,9,2
1,1,0.99703085,1,2
0,0,0.036200337,8,2
1,0,0.4407628,8,1
0,0,0.3286465,6,2
0,1,0.6669998,6,2
1,1,0.8273002,6,1
1,1,0.8051989,6,1
0,1,0.5193789,6,2
1,1,0.9903218,6,1
1,1,0.5796251,1,2
0,1,0.7706971,2,2
0,0,4.7396406e-05,1,2
0,0,0.015549434,9,2
1,1,0.8637896,9,2
0,0,0.081035815,1,2
0,0,0.28572586,8,2
1,0,0.13325204,8,2
0,0,0.0374164,9,1
1,1,0.83120275,6,2
0,0,0.007177684,9,2
1,1,0.8977343,1,1
1,1,0.9153512,6,2
1,1,0.9804027,9,1
1,0,0.49690977,1,2
1,1,0.80940944,6,1
0,0,0.07233771,9,2
0,1,0.7991237,9,1
0,0,0.005756719,8,1
1,1,0.74888706,9,1
1,1,0.5580492,6,2
1,1,0.89592457,1,1
1,1,0.84239066,9,2
1,1,0.98023,1,1
1,1,0.9073626,1,2
0,0,0.024751242,8,2
0,1,0.7665832,1,1
0,0,0.004857731,9,2
0,0,0.009623931,8,2
0,0,0.3065806,9,2
0,1,0.54003495,8,1
0,0,0.013321249,6,1
1,1,0.98258543,9,1
1,0,0.31550282,6,1
1,1,0.5627525,1,2
0,0,0.18145114,8,1
1,0,0.13254276,9,1
0,1,0.6795191,1,1
0,0,0.15022522,1,2
0,1,0.97119033,8,1
1,1,0.9182288,1,1
0,0,0.31277812,6,1
1,0,0.36368373,9,2
0,0,0.36946213,6,1
1,1,0.9339479,6,2
1,1,0.9953235,1,1
1,1,0.6643965,1,2
0,0,0.08970574,8,1
0,0,0.17366974,8,2
0,1,0.675062,1,1
1,1,0.7019926,9,1
1,1,0.960071,6,2
1,1,0.70490026,1,1
0,0,0.04381417,1,1
1,0,0.34683973,1,2
0,0,0.0031813493,9,2
0,0,0.24944292,1,2
1,1,0.9038369,1,2
1,1,0.982669,1,1
1,1,0.9724409,1,1
0,0,0.011845136,8,1
0,0,0.08179755,9,2
0,0,0.018539244,8,2
1,1,0.9317818,1,2
0,0,0.13493016,8,1
1,1,0.8860574,1,2
0,0,0.018563876,1,2
0,0,0.021780867,9,2
1,1,0.96215796,9,1
1,1,0.8396829,1,1
1,1,0.7582199,1,1
0,0,0.4964919,8,1
1,1,0.8343936,1,2
1,1,0.80643153,2,1
1,1,0.9469566,6,2
1,1,0.8543236,8,2
1,1,0.94510764,1,1
0,1,0.61065155,1,2
1,1,0.89099014,1,1
0,0,0.3983041,9,2
1,1,0.95512265,9,2
1,1,0.94070184,1,2
1,1,0.74322784,1,2
1,1,0.9064955,1,2
0,0,0.19623868,9,1
0,0,0.02420989,9,2
0,0,0.06231277,8,2
0,1,0.80393225,8,2
0,0,0.0675886,8,1
1,1,0.8788564,9,2
0,0,0.23290013,6,1
1,1,0.9881097,1,1
1,0,0.37848088,9,2
1,1,0.7026655,1,1
1,0,0.120510936,1,1
0,0,0.29844287,9,1
0,0,0.06562354,9,2
1,1,0.9444899,1,1
1,1,0.9440662,6,2
1,1,0.8625374,1,1
0,0,0.17299856,8,1
0,1,0.50201637,6,1
0,0,0.17196383,9,2
0,0,0.00742722,9,2
0,0,0.028845858,1,1
0,0,0.09981797,6,2
1,1,0.6666337,1,1
0,0,0.017666752,1,2
1,1,0.99142575,1,1
1,1,0.8771912,1,2
1,1,0.9224457,1,2
1,1,0.58872265,6,1
1,0,0.3148269,8,1
0,1,0.8824885,9,1
1,1,0.7330438,9,1
0,0,0.0023481674,9,2
0,1,0.70188075,1,1
1,1,0.9920151,1,1
0,0,0.10352217,6,2
0,0,0.11168344,8,1
0,0,0.028196491,1,1
0,0,0.02394603,6,2
0,0,0.2686768,8,2
0,0,0.09830142,8,2
0,0,0.00053767214,9,2
0,0,0.0012986016,1,2
0,0,0.4984735,1,2
1,1,0.81069124,1,2
1,1,0.8810599,1,1
1,1,0.96630657,1,1
0,0,0.032755043,9,2
0,0,0.07652165,9,2
1,1,0.95871,6,1
1,1,0.70709866,1,2
0,0,0.0032531577,3,2
0,1,0.5518012,8,1
0,0,0.4885527,6,1
0,0,0.047005445,9,2
0,0,0.27812734,7,1
0,0,0.38348904,8,2
0,0,0.11953889,1,2
0,0,0.10119186,1,2
0,0,3.8850554e-05,6,1
1,1,0.9164264,6,1
0,0,0.0029045523,8,1
1,1,0.7015455,2,1
0,1,0.96794003,6,1
1,1,0.9994671,1,1
1,1,0.5196781,8,2
0,0,0.1034149,8,2
1,0,0.48474976,9,2
1,1,0.97074324,1,2
0,1,0.74933076,9,1
1,1,0.70544374,8,1
0,1,0.5186587,1,1
0,0,0.0003436117,9,2
0,0,0.13561492,6,1
0,0,0.17790686,9,1
0,1,0.9091852,9,2
0,0,0.47881472,1,1
0,0,0.010728177,8,2
0,0,0.15158744,1,2
1,1,0.98302126,1,1
0,0,0.099630795,9,1
0,0,0.0039923256,9,1
1,1,0.98212355,8,1
1,1,0.9407721,6,2
1,0,0.36977914,6,2
1,1,0.94341844,1,1
1,1,0.55693746,1,1
1,0,0.037969224,8,2
0,0,0.19399655,9,2
0,0,0.29163197,9,2
0,0,0.0008681158,8,2
0,0,0.0241639,1,2
0,0,0.041948497,8,2
0,0,0.18590145,8,1
0,0,0.0008370082,6,2
0,1,0.9681539,6,1
1,0,0.37544996,2,2
0,0,0.018921608,9,1
0,0,0.011468338,7,1
1,1,0.9134088,1,2
0,1,0.50504845,9,1
1,1,0.98326266,1,1
0,1,0.6299125,6,1
0,1,0.54083407,1,1
1,1,0.96692765,1,1
1,1,0.54131776,1,2
1,1,0.8603783,1,2
0,1,0.93145436,1,1
0,0,0.1860515,1,1
0,0,0.21033412,8,1
0,1,0.95373017,6,1
1,0,0.41298696,9,1
0,0,0.0060182856,9,1
0,0,0.0022745423,1,2
0,1,0.6642447,8,1
1,0,0.38695037,8,2
1,1,0.7964658,1,1
0,0,0.23979172,6,1
0,1,0.5899449,1,1
1,0,0.060782883,1,1
0,1,0.7475697,6,1
1,1,0.60050327,8,2
0,0,0.111842215,8,1
1,1,0.9255366,1,1
1,1,0.9218675,9,1
0,0,0.0028262134,9,2
0,1,0.5374878,6,1
0,0,0.13728666,8,1
1,1,0.62901735,1,2
1,0,0.26888934,6,1
0,0,0.03830125,8,1
1,1,0.6094277,1,2
1,0,0.3887612,1,2
1,1,0.92794365,1,1
0,0,0.08702961,9,1
1,1,0.9728932,6,1
1,1,0.50073516,2,2
0,0,0.34004638,2,2
1,0,0.17164141,1,2
0,0,0.23707482,9,2
1,1,0.8372204,1,2
0,0,0.023211833,9,2
0,0,0.0005074878,2,2
1,0,0.0060228994,8,2
0,0,0.19833854,1,2
0,0,0.2472775,1,2
1,1,0.83719385,1,2
1,1,0.89098305,1,1
1,1,0.9915862,1,1
0,0,0.06467019,8,2
1,1,0.72712046,1,2
0,0,0.27899265,6,2
1,0,0.12481404,9,1
0,1,0.566423,3,2
1,1,0.9625963,1,1
1,1,0.8917799,6,2
0,0,0.04191859,8,1
0,1,0.878788,9,2
0,0,0.40524465,6,1
0,1,0.5068954,6,2
1,1,0.8624471,6,1
1,1,0.807402,8,1
1,1,0.7965202,1,1
1,1,0.81215996,1,2
0,0,0.20763762,1,1
1,1,0.9443803,6,1
1,1,0.6581698,6,2
0,0,0.016086776,9,2
0,0,0.1878144,9,1
1,1,0.7251667,8,1
1,1,0.9543228,6,1
1,0,0.4890897,1,2
0,0,0.36369735,8,1
1,1,0.9790978,6,1
0,0,2.993237e-05,1,2
0,1,0.87986183,6,1
1,1,0.9964567,1,1
0,1,0.9040694,6,2
0,0,0.22931483,8,2
0,1,0.7810311,1,2
0,1,0.72292405,8,1
0,0,0.00018089626,8,2
1,1,0.9390987,1,1
0,0,0.0016022071,1,2
1,1,0.9210109,6,2
0,0,0.006922603,8,2
0,0,0.030007165,8,2
1,0,0.43870783,1,1
0,0,0.29311806,9,1
1,1,0.99400324,6,1
0,1,0.72505164,6,2
1,0,0.4827055,2,1
0,0,0.10801742,9,1
0,0,0.19965614,8,2
1,0,0.33373398,6,2
1,0,0.0659222,9,2
1,1,0.6128817,1,2
1,1,0.96018356,1,1
0,1,0.8456374,1,1
1,1,0.6150013,8,1
0,0,0.28585324,6,2
0,0,0.23268475,9,2
0,0,0.34694648,1,1
1,1,0.9891037,1,1
0,0,0.030277288,1,2
1,1,0.70950186,1,1
0,1,0.50050056,1,1
0,0,0.46889037,6,2
1,1,0.5242291,1,2
0,0,0.16148496,1,2
1,1,0.9259908,1,1
0,0,0.018856939,8,2
1,1,0.85369736,1,2
1,0,0.18837993,6,2
0,0,0.023159299,9,2
1,0,0.123286985,9,1
1,1,0.96787596,1,1
1,1,0.9032354,1,2
0,0,0.051617704,1,2
1,1,0.82178926,1,1
0,0,0.047744356,9,2
0,0,0.006537478,9,1
0,1,0.7071796,8,1
1,0,0.4289966,6,2
0,0,0.2687951,6,2
0,0,0.47175288,8,2
1,0,0.47011533,1,2
0,0,0.0601921,8,1
0,0,0.0015272894,1,1
0,0,0.0051070335,8,2
0,0,0.40399948,2,1
0,0,0.056453306,9,2
0,0,0.31683773,1,1
1,1,0.65280133,8,1
1,1,0.83358604,6,2
0,0,0.020823523,1,1
0,0,0.004478193,1,2
0,0,0.48638397,1,1
1,1,0.9701764,6,1
1,1,0.9292639,6,1
0,0,0.023661451,1,1
1,1,0.71708727,1,2
1,1,0.99724835,1,1
1,1,0.98002094,1,1
1,1,0.79003,1,1
0,1,0.7742595,6,1
1,1,0.8400068,1,1
1,1,0.8895285,6,2
1,0,0.21863544,9,1
0,1,0.8358236,1,2
1,1,0.6369156,8,1
0,0,0.20167704,1,1
0,0,0.47279006,1,2
1,1,0.95958143,6,2
0,0,0.1189066,6,2
1,1,0.5743392,1,1
0,0,0.3606842,6,1
0,0,0.008868031,9,1
0,0,0.16792041,8,2
0,0,0.37610632,6,1
1,1,0.97034115,6,2
1,1,0.7218226,1,1
1,0,0.05874569,1,2
1,0,0.12369872,9,1
1,1,0.88428015,6,1
1,1,0.879366,1,1
1,1,0.7992745,6,1
0,0,0.1930005,6,1
0,0,0.19852504,9,1
1,0,0.1702406,9,1
1,1,0.9480221,1,2
0,1,0.695752,1,1
1,0,0.27385926,6,1
1,1,0.89410716,1,2
0,0,0.00046734494,1,2
1,0,0.17533241,1,1
0,0,0.017853504,2,1
1,1,0.7774336,1,2
0,1,0.756808,2,1
0,1,0.59106123,1,2
0,0,0.24158171,1,2
1,0,0.08117621,9,1
1,0,0.36026692,9,1
1,1,0.75616854,2,2
0,0,0.18948168,8,1
0,1,0.5397374,1,1
0,0,0.15423112,1,2
0,0,0.017184438,8,1
0,0,0.052828323,8,1
1,1,0.9046058,1,2
1,0,0.42658812,1,2
1,1,0.8946856,6,1
0,0,0.025422718,6,2
0,1,0.5624082,8,2
0,1,0.7784893,1,2
0,0,0.010103803,9,2
1,1,0.9277612,9,1
1,1,0.94495285,1,1
0,0,0.0058679637,1,1
0,0,0.37933007,1,2
0,0,0.375504,9,1
0,0,0.0005788391,8,2
1,1,0.98703337,1,1
1,1,0.96520996,6,1
0,0,0.13292441,6,2
0,0,0.24713075,3,1
1,0,0.16422425,8,1
0,0,0.066991344,8,2
1,1,0.9876468,9,1
1,0,0.20873712,8,1
1,1,0.7597824,1,1
0,0,0.23499645,9,2
1,1,0.8698796,1,1
1,1,0.9246163,1,1
1,1,0.65463567,1,1
0,0,0.0033087486,6,2
1,1,0.788029,1,1
1,1,0.80058336,8,1
1,1,0.97549826,9,2
1,1,0.8688031,8,1
1,1,0.82691944,9,1
1,1,0.662531,6,2
0,0,0.00067602517,9,2
1,1,0.9795594,1,2
0,0,0.0028830955,9,2
1,1,0.9606036,1,1
0,0,0.010593753,8,2
0,0,0.08086652,1,2
1,0,0.3203585,6,1
0,1,0.5094545,9,2
0,0,0.034966316,9,2
0,0,0.008642327,1,2
1,1,0.9910534,1,1
1,1,0.7226619,1,1
0,1,0.8976221,9,1
0,1,0.8322551,1,1
0,0,0.005583411,1,2
1,1,0.68184996,1,1
0,0,0.49105167,1,2
0,0,0.098480016,1,2
1,0,0.17510676,2,2
0,0,0.112581335,1,2
0,0,0.06166495,9,1
0,0,0.060507048,8,1
0,0,0.069514334,8,1
0,1,0.7469565,8,1
1,1,0.88901854,1,2
0,0,0.32801843,8,1
0,0,0.025643941,9,2
0,1,0.96989226,6,1
0,0,0.14665033,1,2
1,1,0.95711285,9,2
1,0,0.30624327,6,1
1,1,0.7693862,8,1
1,1,0.53566945,6,2
0,0,0.009155835,1,2
1,1,0.94743645,6,1
1,0,0.38410953,6,1
0,0,0.04041729,8,2
1,1,0.8332264,9,2
1,1,0.85182023,6,2
1,1,0.9857018,1,1
0,0,0.009813297,8,2
0,1,0.8168657,6,2
0,0,0.003655617,2,2
1,1,0.9538248,1,1
0,0,0.03928815,8,2
0,0,0.009871617,1,2
0,0,0.011023604,8,2
1,1,0.7076624,9,1
1,1,0.9712196,6,1
1,0,0.34027678,1,2
1,1,0.80706525,9,2
1,1,0.81830466,6,1
0,0,0.004453495,1,2
0,1,0.90980256,1,2
1,1,0.5348687,1,2
0,0,0.297648,9,2
0,0,0.0015566961,6,2
0,0,0.022762226,9,1
1,0,0.39617452,6,1
0,0,0.32439923,7,2
0,0,0.20986891,1,2
0,0,0.22645988,6,1
0,0,0.1268093,1,2
1,0,0.314313,1,2
1,0,0.35404304,8,1
1,1,0.96716535,1,2
0,0,0.21255851,1,1
1,1,0.8122443,9,2
0,0,0.01536871,1,2
1,1,0.78311574,1,1
0,0,0.03799129,6,2
0,0,0.047507025,9,1
0,0,0.08172756,9,1
1,1,0.9817934,1,1
1,0,0.22241482,8,1
1,1,0.96048117,9,2
0,0,0.30753085,1,2
1,1,0.8873237,1,1
1,1,0.75797397,3,1
1,1,0.5670795,7,2
0,0,0.09508592,8,1
0,1,0.6285101,9,2
1,1,0.71810824,2,1
0,0,0.0056640776,8,2
0,0,0.4831387,9,1
0,0,0.45119497,6,1
0,1,0.8984244,6,1
1,0,0.41068968,1,1
0,0,0.2051898,6,2
1,1,0.8591733,9,2
0,0,0.3290758,3,1
0,0,0.01949142,9,1
0,0,0.18146388,1,1
0,0,0.059449986,9,2
0,1,0.68152535,9,1
0,0,0.011429066,8,2
1,0,0.17683576,6,2
0,1,0.64457566,1,1
0,0,0.1974106,6,2
0,1,0.9517328,6,2
1,0,0.4755777,1,2
1,0,0.48920497,6,2
1,0,0.29494116,1,1
1,1,0.9812366,1,1
1,1,0.53303695,6,2
1,1,0.8493611,1,1
0,0,0.030293355,6,2
1,0,0.26725307,8,1
0,0,0.46116215,9,1
0,0,0.46179274,1,2
0,0,0.027264923,1,2
1,1,0.99293303,1,1
1,1,0.9189694,1,1
1,0,0.28402874,1,1
1,1,0.9553582,6,2
0,0,0.002971842,8,2
1,1,0.82893384,1,1
0,0,0.10798071,8,2
0,0,0.095582895,8,1
0,0,0.17118724,1,1
0,0,0.15907042,8,2
1,1,0.5355554,9,1
0,1,0.5347174,6,2
0,1,0.923715,1,2
1,1,0.99674606,1,1
0,0,0.002060399,1,1
0,1,0.6381464,6,1
1,1,0.90631217,9,1
1,0,0.32289213,3,1
1,1,0.98669356,1,2
1,1,0.6677937,1,1
1,1,0.948073,6,2
0,1,0.778098,1,2
1,1,0.93200654,6,1
0,0,0.08938145,1,1
1,0,0.46347827,1,1
1,1,0.95590484,6,2
1,1,0.9905634,6,1
0,0,0.03848707,8,1
0,0,0.06728117,8,2
0,0,0.11951153,1,1
0,0,0.05212892,8,2
1,1,0.8136766,8,2
1,1,0.8045681,9,2
0,1,0.88206804,1,2
0,0,0.0008186455,8,2
0,0,0.0020026793,8,1
0,0,0.0027849067,1,2
1,1,0.8563848,6,1
1,0,0.17975888,9,2
0,0,0.047229744,2,2
0,0,0.19917625,8,1
1,1,0.98750544,1,1
1,1,0.6260469,1,2
0,1,0.7343742,1,1
1,1,0.92985904,1,2
0,0,0.17460355,6,2
1,1,0.99826944,1,1
0,1,0.8379163,1,1
1,1,0.9135765,1,2
1,1,0.88209397,6,2
1,1,0.92094946,6,2
0,0,0.010444939,9,1
1,1,0.81998646,1,2
1,0,0.24153002,2,2
1,1,0.86406076,1,1
0,0,0.44943422,1,2
1,0,0.074667715,9,1
0,0,0.24456036,1,2
0,0,0.00896596,1,1
1,1,0.9820185,1,1
0,0,0.123156734,2,1
0,0,0.2891873,6,2
0,0,0.00031987592,2,1
0,0,0.0025885135,6,1
0,0,0.012979515,1,2
1,1,0.7929871,6,2
0,0,0.06917185,8,1
0,0,0.028047504,1,2
1,0,0.2281778,1,1
1,1,0.7139325,6,2
1,0,0.40821993,1,1
0,0,0.0022395242,9,2
0,0,0.44649202,8,2
1,0,0.4095996,1,2
1,1,0.9023802,1,2
0,1,0.51694995,6,2
1,1,0.82817537,1,1
0,1,0.55157846,9,1
0,0,0.14864704,2,1
0,0,0.0017054041,9,2
0,0,0.0025874896,1,2
1,1,0.9440205,1,1
0,0,0.47168955,3,1
1,1,0.92904156,1,1
0,0,0.016400002,8,1
1,1,0.64638317,1,1
1,1,0.86726093,8,2
0,1,0.8217983,6,1
0,0,0.023746662,6,1
0,1,0.7359369,8,1
1,1,0.9111692,1,2
0,0,0.3059106,8,2
1,1,0.73344696,6,1
0,0,0.00083273265,3,2
0,1,0.7544442,1,2
1,1,0.9047894,1,1
1,1,0.75600857,2,2
0,1,0.8932651,1,1
0,0,0.36504236,6,2
0,0,0.039354023,8,2
0,0,0.002578861,1,1
1,1,0.9804658,2,1
1,0,0.3721012,9,1
0,0,0.055025406,1,2
0,0,0.0072964234,8,2
1,1,0.92484605,1,1
1,1,0.92475754,1,1
0,0,0.48851627,2,2
1,1,0.6361067,1,2
0,0,0.088472776,9,1
1,1,0.8674052,9,1
0,0,0.08342839,9,1
1,1,0.5951528,1,2
0,0,0.1664585,1,1
1,1,0.6898308,3,2
0,1,0.6717236,1,2
1,1,0.7768102,9,1
1,1,0.64692324,3,2
1,1,0.87023425,9,2
1,1,0.74509865,1,2
0,0,0.003470298,1,1
1,1,0.8127597,1,1
0,0,0.02256014,9,1
1,1,0.85636735,6,2
0,0,0.0303328,8,1
1,1,0.58172023,1,2
0,0,0.15697499,9,1
0,0,0.14554775,8,1
0,0,0.07934783,9,1
1,0,0.1867585,6,1
1,1,0.9768742,9,1
0,1,0.6000152,2,1
0,0,0.021522472,6,2
0,1,0.739392,1,1
0,0,0.20747456,1,2
1,0,0.25705618,8,1
1,1,0.92704636,6,2
0,0,0.045327388,1,2
1,1,0.98346025,1,1
0,0,0.026520127,6,2
1,1,0.9454192,1,1
0,0,0.252126,6,1
0,0,0.05716149,3,1
1,1,0.83700407,6,1
1,1,0.83589363,8,2
0,1,0.9285419,1,1
0,0,0.036303617,9,2
1,1,0.84536195,6,1
1,1,0.9975811,1,1
1,1,0.97011906,1,1
0,0,0.36182922,8,2
0,0,0.018674958,1,1
0,0,0.09541163,8,2
1,1,0.94594735,6,2
1,0,0.39900547,1,1
1,1,0.857017,9,1
0,0,0.18344305,1,2
0,0,0.008787382,6,2
0,0,0.0052853613,1,1
1,1,0.969675,1,2
0,0,0.08103067,9,2
0,0,0.22667861,2,2
1,1,0.9081092,1,1
0,0,0.33287776,8,1
0,0,0.024413748,8,1
1,1,0.92280984,2,2
0,0,0.2893377,1,1
0,0,0.015435273,2,1
1,1,0.96596485,6,1
1,1,0.95833564,1,1
1,0,0.39337623,9,1
0,0,0.07059644,8,1
0,0,0.116555326,2,2
1,0,0.14793974,1,1
1,0,0.16544683,1,2
1,1,0.8322933,6,2
1,1,0.63098836,1,2
1,1,0.7558247,1,1
1,1,0.7525186,2,1
1,1,0.94166636,6,1
1,0,0.18933052,5,2
0,1,0.79752123,9,1
1,1,0.96743214,1,2
1,1,0.82351965,1,1
0,0,0.008464564,8,1
0,0,0.044388514,6,2
0,0,0.0032336877,9,2
1,1,0.9869458,1,1
0,1,0.78183234,6,2
0,0,0.21101177,9,1
1,1,0.98498833,8,1
1,1,0.9475226,1,1
0,1,0.6338808,1,2
1,1,0.9380201,2,2
0,0,0.001735716,9,2
0,0,0.008311049,9,1
1,1,0.652883,1,1
0,0,0.4289506,8,1
1,1,0.9075768,1,2
0,1,0.79454225,1,2
1,1,0.99745756,1,1
1,1,0.91495496,1,2
1,1,0.9068617,9,2
0,0,0.08241847,6,2
1,1,0.8850978,8,2
1,1,0.909473,2,2
0,0,0.015499034,1,1
1,1,0.95521575,1,2
0,0,0.12846516,1,2
0,1,0.7837736,1,2
1,1,0.9446584,6,1
1,1,0.7500093,6,1
1,1,0.8129401,1,2
0,1,0.89638937,9,2
0,0,0.026806807,6,1
1,1,0.9505213,1,1
1,1,0.9761568,1,1
1,1,0.84339947,1,1
1,1,0.87300026,6,1
1,1,0.9183906,2,1
0,0,0.012868368,1,2
1,0,0.012113257,1,2
1,1,0.7478879,1,2
1,1,0.9727639,1,2
0,0,5.546136e-05,9,1
1,1,0.7046733,1,2
1,1,0.7083796,8,1
0,0,0.043216653,1,1
0,0,0.017762985,1,1
0,1,0.88324434,1,2
0,0,8.425692e-05,9,2
1,1,0.71295846,1,2
1,1,0.90595776,6,1
0,1,0.89503306,2,2
0,0,0.0534785,1,2
0,0,0.044223998,1,1
0,0,0.15320037,1,2
1,1,0.99829,1,1
0,0,0.012064101,1,1
0,0,0.08865575,2,1
0,0,0.43517494,9,2
0,0,0.0015708625,9,1
0,1,0.73723376,1,1
0,0,0.3962447,9,1
0,0,0.004715202,6,1
1,1,0.5185166,9,1
1,1,0.81602275,2,2
0,0,0.33162358,8,1
0,0,0.005896335,6,2
1,1,0.8723479,1,2
1,1,0.9282096,6,2
1,1,0.930017,1,2
0,0,0.17174377,1,2
0,1,0.597487,1,2
1,1,0.77952784,1,1
1,1,0.967257,8,1
0,0,0.12162152,9,1
0,0,0.00691071,6,2
0,0,0.10446606,8,1
0,0,0.1099013,6,2
0,0,0.07920542,9,2
0,0,0.05952784,9,2
1,0,0.40315557,6,1
0,0,0.007406049,8,1
0,0,0.026692914,8,2
0,0,0.14920194,1,1
1,1,0.7503472,1,1
0,0,0.002328972,8,1
1,1,0.9971265,1,1
1,1,0.93476385,1,2
0,0,0.19908886,2,2
0,1,0.8838849,6,1
1,1,0.5212716,1,2
0,0,0.018998249,8,1
0,0,0.20035288,8,1
1,1,0.9611103,6,1
0,0,0.061556797,9,1
1,1,0.8529581,6,1
0,0,0.04693834,1,1
1,1,0.9767387,1,1
0,0,0.061932474,8,2
0,0,0.014485277,9,1
0,0,0.014395956,8,1
1,1,0.8328842,1,1
1,1,0.8064849,8,1
0,1,0.55806273,9,1
0,0,0.19365579,8,1
1,1,0.8433238,6,2
0,0,0.16719687,9,1
0,0,0.02590541,8,2
0,0,0.08713907,9,1
1,1,0.92631865,9,2
0,0,0.007464878,8,2
0,1,0.9175093,6,1
1,1,0.6885512,1,2
0,0,0.15819648,6,1
1,1,0.7594529,6,2
0,0,0.2611349,1,2
0,0,0.08868208,9,2
1,1,0.88530636,6,2
0,0,0.08153052,6,2
0,0,0.010297059,8,2
0,1,0.6149076,1,1
1,1,0.9803631,1,2
0,1,0.66155183,9,1
0,0,0.040791437,1,1
0,0,0.021455148,1,1
1,1,0.83352864,1,2
0,0,0.3954371,6,2
0,0,0.18123761,8,1
1,1,0.99199766,8,1
1,1,0.93898505,1,1
0,0,0.0920776,6,2
1,1,0.96272624,1,1
0,0,0.29375798,8,2
1,0,0.1912837,8,2
1,1,0.7561603,6,2
1,0,0.013955888,8,1
1,1,0.9732702,1,1
0,0,0.3020718,1,1
0,0,0.0004352072,8,1
1,1,0.8840929,1,1
1,0,0.28930908,9,1
0,0,0.38143745,1,2
1,1,0.84326756,1,1
1,1,0.97262436,6,1
1,1,0.9549678,1,1
1,1,0.99177015,1,1
0,0,0.1093473,8,1
0,0,0.004751284,1,2
0,0,0.19440995,1,2
0,0,0.22238861,1,1
0,0,0.017287072,8,2
1,1,0.91093075,1,1
1,1,0.87330925,1,1
0,0,0.015630173,8,2
0,0,0.08486156,2,1
0,1,0.5829214,9,1
1,1,0.8496072,1,1
0,0,0.014497569,1,2
0,0,0.14668883,8,1
1,1,0.99161947,6,1
0,0,0.11760433,9,1
0,1,0.66094184,6,1
0,0,0.3759565,9,2
0,0,0.35667184,6,1
1,1,0.91500187,1,2
1,1,0.6215262,2,1
1,0,0.3298314,1,2
0,1,0.58210987,9,1
1,1,0.8164325,6,1
1,0,0.24881268,9,2
1,0,0.46012565,6,1
1,1,0.99246335,1,1
1,1,0.71557945,1,1
0,0,0.0126966685,9,1
0,0,0.0003412464,9,1
0,0,0.12986603,6,2
0,0,0.32884702,8,2
0,0,0.039005265,9,1
1,0,0.15334263,6,2
0,0,0.0065367282,8,1
1,1,0.95863986,1,2
1,1,0.8517671,6,1
0,0,0.0043150485,8,2
1,1,0.9092119,1,1
0,0,0.22563739,1,2
0,0,0.10947176,6,2
0,0,0.077549495,1,2
1,1,0.59330696,1,2
1,0,0.2146653,2,2
1,1,0.8697355,8,1
1,1,0.94737244,6,1
1,1,0.9841793,1,1
1,0,0.08465597,9,2
1,1,0.85896283,9,1
1,1,0.99431914,2,1
0,0,0.119797334,8,1
0,0,0.09962185,8,2
0,0,0.007253844,6,2
1,0,0.3191591,1,1
1,1,0.8320854,1,1
1,0,0.18467785,1,2
1,0,0.44115007,6,2
1,1,0.9820948,6,1
0,0,0.1668713,8,1
1,1,0.94211787,1,1
0,0,0.003983547,1,2
0,0,0.00092932914,1,1
1,1,0.9076704,9,1
1,0,0.29091406,1,2
0,0,0.05985438,1,2
0,0,0.012095855,8,1
0,0,0.0011717778,9,2
0,1,0.6238196,6,2
0,0,0.011265489,9,2
0,0,0.019894678,8,2
1,0,0.08325787,1,2
1,1,0.8737461,6,1
0,1,0.69492763,1,1
1,1,0.9290264,1,1
0,0,0.25143674,2,2
0,0,0.053761195,6,2
0,0,0.12703975,9,1
1,0,0.24730898,6,2
0,1,0.8126607,9,1
0,0,0.011235138,8,2
0,0,0.0014151549,9,2
0,0,0.23732547,1,1
1,1,0.9896292,1,1
0,0,0.0002589967,9,2
0,0,0.0068764077,1,2
0,0,0.04219522,8,1
0,1,0.9496857,3,2
0,0,0.34791046,8,1
0,0,0.01680649,8,2
0,0,0.13594392,1,2
1,0,0.2629727,1,2
1,1,0.97544324,6,2
0,0,0.24946901,6,1
0,1,0.87903535,2,1
1,1,0.6870372,9,2
1,1,0.978682,1,2
0,0,0.18394624,1,1
1,1,0.98166025,9,2
1,1,0.8624281,1,1
1,1,0.88378215,1,2
0,0,0.0047851605,1,2
0,0,0.39482,6,2
1,1,0.8455856,1,2
0,0,0.040592555,1,1
0,0,0.3253839,9,1
0,0,0.0005576257,6,1
0,0,0.2261788,8,1
1,0,0.44846636,2,2
0,0,0.0044832844,1,2
0,0,0.0008270512,1,1
0,0,0.008381028,1,2
1,1,0.7791818,1,2
0,1,0.8142825,1,1
0,0,0.3632841,2,1
1,1,0.98425496,1,2
0,0,0.14558189,6,1
1,1,0.86121607,1,1
1,1,0.9067589,1,2
1,1,0.8916016,1,1
0,0,0.046494324,6,1
0,0,0.41502163,8,1
0,0,0.0007858022,1,2
1,1,0.9686891,1,2
0,1,0.9028883,1,2
0,0,0.32242712,1,2
0,0,0.060545422,1,2
0,0,0.41798517,1,1
1,1,0.8446715,1,1
0,0,0.012716678,8,2
0,0,0.20968291,1,1
0,0,0.00027502124,9,1
1,1,0.8189504,1,2
1,1,0.6281872,6,2
1,1,0.5726973,8,1
1,1,0.6388112,9,2
0,0,0.11370439,3,2
1,1,0.55028135,1,1
1,1,0.7058306,1,1
1,1,0.77800655,9,2
1,1,0.95379037,6,1
0,0,0.034664333,9,1
0,1,0.86863005,1,1
1,1,0.9694871,1,1
0,0,0.030832266,8,1
0,0,0.109284766,8,1
1,1,0.96104264,2,1
1,0,0.32153147,8,1
0,0,0.09098457,2,1
1,0,0.23468019,8,1
0,0,0.08245251,6,2
1,1,0.9248859,1,1
0,0,0.018873617,1,2
0,0,0.0075808815,9,2
1,1,0.54675347,9,1
0,0,0.11161328,8,2
1,1,0.99249834,1,1
0,0,0.0002890382,1,1
1,1,0.88713765,2,1
0,0,0.12292561,8,1
1,1,0.7300317,9,2
0,1,0.6623913,3,1
0,0,0.0011548168,8,2
1,1,0.76783234,1,1
0,0,0.20439304,6,2
1,1,0.99676216,1,1
0,0,0.06561602,9,1
0,0,0.027377797,2,2
1,1,0.74733,6,1
0,0,0.043974757,8,1
0,0,0.024167757,9,2
1,1,0.53722954,8,1
1,1,0.9627998,1,1
0,0,0.009087029,9,1
0,0,0.4179771,1,2
0,1,0.5013054,8,2
0,0,0.05954654,9,2
1,1,0.9930153,1,1
0,0,0.39151463,9,1
0,0,0.09984919,1,1
1,1,0.94222546,8,1
1,1,0.95578986,1,2
0,0,0.12935005,1,1
1,0,0.064253576,8,1
1,1,0.79937947,6,1
1,1,0.65341973,1,2
0,0,0.03273815,9,1
1,0,0.056107264,6,2
0,0,0.03662709,1,1
0,1,0.7208863,8,1
0,0,0.37558964,8,1
0,0,0.0071925693,1,1
0,0,0.007046972,8,1
1,1,0.9322854,1,2
1,1,0.74214214,1,1
1,1,0.6791362,8,2
1,1,0.8623361,1,2
0,0,0.32434195,2,2
1,0,0.47895405,6,2
0,0,0.011465478,8,2
1,1,0.89846236,6,1
0,0,0.2324912,1,1
0,0,0.0034607071,1,2
0,0,0.060209285,8,2
1,1,0.8022928,1,1
0,0,7.149206e-05,6,1
1,1,0.7263303,6,2
0,0,0.00028568678,6,1
0,0,0.23945345,6,1
1,1,0.9477168,6,1
1,1,0.96837515,6,1
1,1,0.84356034,6,2
1,1,0.9784773,9,1
1,0,0.2561295,9,1
0,0,0.32266706,6,2
1,1,0.90999925,1,2
1,0,0.062278833,2,1
0,0,0.013924223,8,1
1,1,0.6087986,3,1
0,0,0.003616063,9,2
0,0,0.1312218,1,2
0,0,0.00061439286,8,1
0,0,0.27469826,1,2
0,0,0.31689242,1,1
1,0,0.32834822,1,1
1,1,0.78781724,1,1
0,0,0.21007073,8,1
0,0,0.16323394,1,2
1,1,0.7694487,1,1
1,1,0.9908503,1,2
1,1,0.9446363,9,2
1,0,0.33257067,9,2
0,0,0.12701058,8,1
0,0,0.047543272,6,1
0,0,0.4144292,8,2
1,1,0.8850835,9,2
0,1,0.9215488,6,1
0,1,0.60956484,2,2
1,0,0.4159824,8,1
1,1,0.7022292,8,1
1,1,0.6736422,1,1
1,1,0.69269025,8,1
0,0,0.19682272,1,2
1,1,0.65172887,1,1
0,0,0.14012565,1,2
1,1,0.72251517,8,2
1,1,0.9857017,9,2
1,1,0.83938944,9,1
0,0,0.08851486,1,1
0,0,0.14955258,2,1
1,1,0.9689886,1,1
1,1,0.8192541,1,1
1,1,0.9134005,6,1
0,0,0.16768686,8,1
1,1,0.7155614,1,2
1,1,0.66721296,9,1
0,0,0.013310648,9,2
0,0,0.008434765,8,2
1,0,0.2809224,1,2
0,0,0.36640215,1,1
0,0,0.2401578,9,1
1,0,0.24851124,8,2
1,1,0.7718587,8,2
1,1,0.8044346,6,2
1,0,0.35919496,1,1
1,1,0.9820899,1,2
0,0,0.34797856,6,2
1,1,0.93867207,6,2
1,1,0.77919894,1,1
0,0,0.013635431,1,1
1,1,0.9607937,6,1
0,0,0.01928347,8,2
1,1,0.84408253,9,1
0,1,0.53106284,6,1
1,1,0.9883475,1,1
1,1,0.92458093,1,2
1,1,0.79925984,6,1
1,1,0.99066895,1,1
1,1,0.5354952,1,1
0,0,0.060265094,1,2
0,0,0.073964044,9,2
1,1,0.93380284,1,2
0,0,0.032035183,8,1
1,0,0.41533026,6,2
1,1,0.72847754,8,2
1,1,0.9285957,1,1
0,1,0.5321615,1,1
1,1,0.77104354,1,1
0,0,0.0012375477,8,1
0,1,0.97160983,6,2
0,0,0.1140102,8,1
0,0,0.00044167478,1,1
0,0,0.22293071,8,2
1,1,0.9599508,1,2
0,0,0.39018843,8,1
0,0,0.00029433632,6,1
0,0,0.2952115,6,2
1,1,0.9807916,1,1
1,1,0.9052757,1,1
1,1,0.83752954,1,2
1,1,0.7873092,8,1
0,0,0.086972326,1,2
1,1,0.9477154,1,1
0,0,0.14105631,6,1
1,1,0.8880284,9,1
1,1,0.9387813,1,1
1,1,0.51048696,1,1
1,1,0.9594351,1,2
1,0,0.46948847,8,2
0,1,0.5646905,6,2
0,0,0.031580385,6,2
1,1,0.5735887,9,1
1,1,0.75506955,1,2
1,0,0.23869741,1,1
1,1,0.8910012,1,2
1,1,0.79145277,1,2
0,0,0.092328005,8,1
0,0,0.008252722,1,1
1,1,0.83214545,1,1
0,0,0.01137471,1,1
1,1,0.96553713,1,1
0,0,0.024659792,8,1
0,0,0.2590687,8,2
1,1,0.80561537,1,2
0,0,0.47049803,1,1
0,0,0.13013266,2,1
0,1,0.549097,1,1
0,0,0.054047346,6,2
0,0,0.095654696,6,2
0,0,0.0008887884,1,2
0,1,0.7836397,1,2
1,1,0.9830688,6,1
1,0,0.049484022,9,1
1,1,0.96960574,1,1
1,1,0.922142,9,2
1,1,0.5855866,1,2
0,0,0.0004648013,1,2
0,0,0.053653825,2,1
0,0,0.042094324,9,2
0,0,0.00037747755,1,1
1,1,0.9660502,1,2
1,1,0.79187,9,1
0,0,0.37765014,1,2
1,0,0.46544525,1,2
0,0,0.015659995,8,2
0,0,0.0045427205,9,1
0,0,0.021351703,8,1
1,1,0.9839686,9,1
0,1,0.5868617,1,1
1,1,0.8606789,1,1
0,0,0.48603088,1,2
0,0,0.0008082465,6,1
0,0,0.00347565,9,1
1,1,0.9633043,6,1
1,1,0.7287429,1,1
0,0,0.42013678,9,1
1,1,0.832295,1,1
0,0,0.37174365,1,2
0,0,0.0070437565,1,2
0,0,0.14082928,1,1
1,1,0.8852369,6,1
1,0,0.3282761,1,1
0,0,0.006693,1,1
1,1,0.98408556,1,1
1,1,0.93012834,1,1
0,1,0.63371646,1,1
0,0,0.00041472036,1,1
0,0,0.01991855,8,1
0,0,0.121138826,1,1
0,1,0.5363509,1,1
0,0,0.0007447156,8,2
1,1,0.90539706,1,1
0,1,0.6419343,8,1
0,1,0.8831897,8,1
1,1,0.98799044,9,2
0,0,0.20105192,8,2
0,1,0.56205857,9,1
0,0,0.0024331906,9,2
0,0,0.0037444723,1,1
1,0,0.070197634,6,1
0,0,0.0121722855,1,1
0,0,0.4490599,1,1
0,0,0.039971747,8,1
1,1,0.79463357,1,2
0,0,0.22085448,8,1
0,0,0.013931604,9,2
0,0,0.0006077616,9,1
0,1,0.5764099,8,2
0,0,0.06251236,8,1
1,0,0.44867364,9,2
1,1,0.71818864,3,1
0,0,0.046622895,8,2
0,0,0.0018374055,8,1
1,1,0.8921001,1,2
1,1,0.9933996,6,1
1,1,0.75473636,1,2
1,0,0.33839098,8,2
1,1,0.9870461,1,2
1,1,0.88764966,1,1
1,1,0.8834058,1,1
0,0,0.01765971,9,2
0,0,0.17046209,1,1
1,1,0.84490085,1,1
0,0,0.028697638,9,1
1,1,0.792626,1,1
0,1,0.5523606,1,2
0,0,0.22429498,1,2
0,0,0.19864845,8,1
1,1,0.9421406,9,2
1,1,0.9396103,9,1
0,0,0.020861505,8,2
0,0,0.008889625,8,2
0,0,0.01862354,1,2
1,1,0.99572515,3,1
0,0,0.36619994,6,2
0,0,0.28465086,2,1
0,0,0.023765622,8,1
1,1,0.9526672,1,2
1,1,0.9138121,1,1
1,1,0.7953709,1,2
1,1,0.5565152,9,1
0,1,0.97218645,6,1
1,1,0.9955218,1,1
0,1,0.8738115,2,1
0,1,0.77484596,1,2
1,1,0.946511,1,2
1,0,0.28415582,1,2
1,1,0.97889256,1,1
1,1,0.88429004,6,1
0,1,0.8908751,1,1
0,0,0.011204615,9,2
0,0,0.000946557,1,2
1,1,0.9477703,1,2
1,0,0.23823167,9,1
1,1,0.69026023,9,2
0,0,0.012593521,1,2
0,0,0.0039599543,8,1
0,0,0.1953701,1,2
0,0,0.06106631,8,2
0,0,0.25822702,6,2
0,1,0.8671225,1,2
0,1,0.5527213,2,2
0,0,0.014293055,1,1
0,0,0.10410869,3,2
1,1,0.6706271,8,2
0,1,0.79563403,9,2
1,1,0.6274068,1,1
0,0,0.48217946,8,1
0,0,0.03808428,9,1
1,1,0.9154576,6,2
0,0,0.000888382,2,1
1,1,0.84566,6,1
1,1,0.78017,8,2
1,1,0.91536057,1,1
1,1,0.95989054,9,1
0,0,0.05736305,6,1
0,0,0.021720016,9,2
1,1,0.8713822,6,1
1,1,0.86121184,1,2
1,0,0.31142813,8,1
0,0,0.3023398,1,2
0,1,0.5726668,8,2
1,1,0.93137676,1,2
1,1,0.67707324,9,1
0,0,0.16537319,9,1
0,1,0.8259007,6,1
0,0,0.0051417374,6,2
0,0,0.20284443,1,2
1,1,0.8593456,1,2
1,0,0.13963412,9,1
0,0,0.00673383,8,2
1,1,0.8180922,1,1
0,0,0.0013147283,8,2
0,0,0.045889996,2,1
0,0,0.07214602,9,2
1,0,0.14896928,9,2
0,0,0.46684402,8,2
1,1,0.6907588,6,2
1,1,0.9581464,1,2
1,1,0.888897,2,1
1,1,0.9959168,1,2
0,0,0.07621885,1,1
0,1,0.89119875,9,1
1,1,0.97949755,6,1
0,0,0.38606688,6,2
1,1,0.95883733,1,1
1,0,0.36822212,6,2
1,0,0.108620584,8,1
0,0,0.039858963,1,2
1,1,0.9908441,1,1
0,0,0.020834118,8,1
1,0,0.14504987,1,2
1,1,0.9639528,1,2
1,1,0.62002903,2,1
1,1,0.7312514,9,2
1,0,0.42274702,1,1
0,0,0.2292454,9,1
1,1,0.79038,1,2
0,0,0.002211641,9,1
0,0,0.17809685,1,1
0,0,0.02842699,8,2
0,1,0.8773821,1,1
0,0,0.008875108,6,1
0,0,0.00095060543,1,1
0,0,0.16630825,1,2
1,1,0.71635914,8,1
1,1,0.75187737,8,1
1,1,0.98464024,9,2
1,0,0.36218357,1,2
0,1,0.6563188,6,1
1,0,0.33780143,6,1
1,0,0.4864284,1,1
0,0,0.047632713,8,2
0,0,0.27238962,8,2
0,0,0.00078259903,6,2
1,1,0.63009214,1,1
1,0,0.3322141,2,1
0,0,0.10232461,1,2
1,1,0.5222518,9,1
1,1,0.92287695,1,1
0,1,0.6557515,1,1
1,1,0.53164274,1,1
1,0,0.2820447,1,1
1,0,0.31656706,6,2
0,1,0.5723789,1,1
0,0,0.049844086,6,2
1,1,0.7710226,6,2
0,0,0.014070916,6,2
0,0,0.12186574,6,1
0,0,0.011170944,8,2
1,0,0.160573,9,2
0,1,0.98487896,1,1
1,1,0.9647898,1,1
0,0,0.2297926,6,1
0,0,0.04821971,8,2
1,1,0.9758744,6,2
1,1,0.91294867,6,2
1,1,0.9874421,1,1
0,1,0.58539766,1,1
0,1,0.71541363,1,2
0,1,0.71713364,8,1
0,1,0.9358494,1,1
1,0,0.46289366,8,2
0,0,0.0011662546,8,2
1,1,0.958232,1,1
1,1,0.764234,1,1
0,0,0.11271862,8,1
0,0,0.036983006,8,1
1,1,0.61688966,1,1
0,0,0.17678086,8,1
0,0,0.009156328,8,2
0,0,0.045278996,8,2
0,0,0.1275476,1,2
1,1,0.8747983,1,1
1,1,0.65849566,9,2
1,1,0.9589195,1,2
0,0,0.10733834,9,1
1,1,0.9195694,6,1
0,0,0.3551031,6,2
0,0,0.45442578,6,2
1,1,0.9595597,1,1
0,0,0.024193382,8,1
1,1,0.9388579,1,1
1,0,0.36216998,1,2
0,0,0.1700015,8,1
0,0,0.02890186,8,2
0,0,0.4515878,9,2
1,1,0.5864687,1,1
0,0,0.0019730737,8,2
1,0,0.44724268,6,1
1,1,0.7032462,6,1
1,0,0.3098939,1,1
1,1,0.8460664,1,1
1,1,0.90953493,1,1
0,0,0.03144069,1,2
0,0,0.0029187943,8,2
0,0,0.0026829601,6,2
1,0,0.438611,8,1
1,1,0.9850193,1,1
0,0,0.0017490383,1,2
0,1,0.9272233,1,2
1,1,0.7532307,6,2
1,1,0.93169755,9,2
0,0,0.22384994,8,1
1,1,0.7860999,1,1
0,0,0.13445215,1,2
0,0,0.010767107,8,2
0,0,0.2058308,9,2
0,1,0.74867994,6,1
1,1,0.85909754,1,1
1,1,0.987655,1,1
0,0,0.25004515,9,2
0,0,0.27481732,8,1
0,1,0.83658296,1,2
1,1,0.93578064,1,1
1,1,0.59883106,6,1
1,1,0.9758127,9,1
0,0,0.07060523,1,1
1,1,0.7935316,1,1
0,0,0.027733004,1,1
1,1,0.92816925,1,1
0,0,0.0132997995,1,2
0,0,0.04982242,1,2
0,0,0.0011443158,8,2
1,1,0.68483824,1,1
1,1,0.9436565,6,1
0,0,0.003210526,9,2
0,0,0.09410794,1,2
0,0,0.0008225568,8,2
0,0,0.015859801,1,2
1,1,0.9333224,1,1
0,0,0.20907295,8,1
1,1,0.98202443,1,1
1,1,0.55591285,9,1
1,0,0.067602366,1,1
1,1,0.93644536,8,2
0,0,0.2037141,9,2
1,0,0.0701915,1,1
0,0,0.09005311,1,2
0,0,0.0059614303,1,2
0,0,0.12164792,8,2
0,0,0.21855678,9,1
1,1,0.956357,1,1
1,1,0.9499976,1,1
1,1,0.9870215,6,2
0,1,0.51148003,2,1
1,1,0.7338213,6,1
0,0,0.020859942,1,2
0,0,0.2512275,6,2
1,0,0.36173105,1,1
1,0,0.09129986,6,1
1,1,0.98187673,1,1
0,0,0.016478822,8,1
0,1,0.98577166,6,1
0,0,0.087661415,1,1
0,0,0.10683095,8,1
1,1,0.9591859,6,1
0,0,0.28731337,1,2
0,1,0.90643996,1,1
1,1,0.94240457,1,1
0,0,0.2212185,1,1
1,1,0.7387065,8,2
0,0,0.3377105,9,2
1,1,0.7834154,9,1
1,1,0.9906583,8,1
0,0,0.07183979,6,2
0,0,0.10044197,3,2
0,0,0.21960106,9,2
1,1,0.8888352,6,2
1,1,0.5626196,8,1
0,0,0.033595465,1,2
0,0,0.051229697,1,2
0,0,0.07538119,9,2
0,0,0.00050790544,6,1
1,1,0.7201315,1,1
1,0,0.4654246,6,2
1,1,0.9492171,1,2
1,1,0.9177121,2,1
1,0,0.13219385,1,1
1,0,0.18988708,1,2
1,1,0.64844435,9,2
0,0,0.4137933,6,1
1,1,0.8837579,6,2
0,1,0.5629717,6,2
0,0,0.0066336268,6,1
0,1,0.63106334,1,1
0,0,0.19688728,9,2
1,0,0.2973872,6,1
1,1,0.9596172,8,1
0,0,0.014473071,1,1
0,0,0.029625645,9,2
0,0,0.009025396,1,2
0,0,0.00062789593,9,2
1,1,0.8620899,9,1
1,0,0.32145664,6,2
1,0,0.09296649,9,1
0,0,0.13395503,9,2
1,1,0.625107,6,1
0,0,0.032185834,1,2
1,1,0.88319135,1,1
1,1,0.87600774,8,2
0,1,0.7184354,8,1
1,1,0.9593873,6,1
0,0,0.0048857327,9,1
0,1,0.5230833,8,1
1,1,0.9713548,1,1
0,1,0.97753155,1,1
1,1,0.8181288,1,2
0,0,0.035633955,9,2
1,1,0.9813534,1,1
1,1,0.9544545,1,1
1,0,0.29846677,2,1
0,0,0.38213015,9,1
0,0,0.30400515,6,1
1,1,0.5070819,9,1
0,0,0.1858417,9,1
0,0,0.36325952,8,2
0,0,0.1823173,8,1
0,0,0.07949753,2,2
1,1,0.9695553,1,1
1,1,0.97922486,6,2
1,1,0.94232434,1,1
0,1,0.9537859,2,2
1,0,0.015727025,8,2
1,1,0.50282377,1,1
0,0,0.32783625,9,2
0,0,0.104627036,8,1
1,1,0.58420336,1,2
0,1,0.8124281,8,1
1,1,0.7350168,1,1
0,0,0.0058578807,1,2
1,1,0.62720263,1,2
1,0,0.2984694,8,1
0,0,0.1355135,6,1
0,0,0.28856266,6,2
0,0,0.013617498,6,1
0,0,0.059692908,1,2
0,0,0.025262414,1,2
0,1,0.92946494,1,1
1,1,0.9203264,1,1
0,0,0.157635,6,2
1,0,0.33284405,2,2
1,1,0.8179013,1,2
0,1,0.75964826,9,1
1,1,0.7105574,6,2
1,1,0.8857096,1,2
1,1,0.61834615,8,1
1,1,0.80878615,6,2
1,1,0.96510834,1,1
1,1,0.7966758,1,2
1,0,0.40402794,1,2
0,0,0.007649887,8,2
1,1,0.7281985,1,2
0,0,0.033718884,8,2
0,0,0.41069105,9,1
0,0,0.055218164,8,2
1,1,0.96741945,1,1
1,1,0.98405725,6,2
0,1,0.8756566,6,1
1,0,0.04062436,3,2
0,0,0.010977661,8,2
0,0,0.093133934,9,2
1,1,0.6193197,6,2
0,0,0.43605283,9,1
0,0,0.009380796,6,2
0,0,0.23365882,8,2
1,1,0.9800504,9,2
0,1,0.6008052,8,1
1,0,0.3638063,1,1
1,1,0.84188247,6,2
1,1,0.81734216,6,1
0,0,0.37272903,9,1
0,0,0.15109076,1,2
0,1,0.78760254,1,1
0,0,0.0012203814,8,2
1,1,0.9538195,9,1
1,0,0.32562786,1,1
0,0,0.27627593,1,1
1,1,0.9444454,1,2
1,1,0.95496625,1,1
0,0,0.064140126,1,1
0,0,0.12758513,9,1
0,0,0.084481284,6,2
0,0,0.061895873,8,2
1,1,0.9151382,6,2
1,0,0.08176021,8,1
1,1,0.61224735,1,1
0,0,0.44566908,1,1
0,0,0.005686821,9,2
1,1,0.99091774,1,1
1,1,0.705784,9,1
1,1,0.9369658,1,2
0,0,0.02565802,9,2
1,0,0.3646023,1,2
0,1,0.60573727,8,1
0,0,0.30061266,9,2
0,0,0.02246267,9,2
0,1,0.9834615,9,2
0,0,0.042242497,8,1
1,1,0.97504586,6,1
1,0,0.48418072,6,2
0,0,0.022858156,1,1
1,1,0.9477959,6,1
1,0,0.24298623,1,1
1,1,0.8537959,8,1
1,1,0.8692524,1,1
1,1,0.89160484,8,1
1,1,0.55248165,2,1
0,1,0.85832006,1,2
0,0,0.104736276,8,1
1,1,0.66231537,1,2
1,0,0.3826462,6,2
0,1,0.7931015,1,1
0,0,0.21502322,8,1
1,1,0.98025507,1,1
0,0,0.011342321,8,1
1,1,0.90574825,1,1
0,0,0.15562528,1,1
0,0,0.27845716,2,2
0,0,0.06618523,9,2
0,0,0.0031444184,9,1
1,1,0.98773617,1,2
0,1,0.58760566,1,1
0,0,0.49466252,1,1
0,0,0.030452937,1,2
0,0,0.34102628,1,2
0,1,0.5116649,9,2
1,1,0.7361679,6,1
0,1,0.8258897,1,1
0,0,0.012036002,6,2
1,1,0.99396175,6,2
0,0,0.0023775322,1,2
0,1,0.9238169,1,1
0,0,0.06822714,8,1
0,0,0.027668396,8,2
0,0,0.00371679,8,1
0,0,0.043615595,8,1
1,1,0.70725244,8,2
1,1,0.55980194,9,1
1,0,0.21321669,6,1
1,1,0.8411022,1,1
1,1,0.9768629,6,2
1,1,0.53884536,6,2
1,1,0.5810701,1,2
0,0,0.022925014,6,1
1,1,0.963509,6,1
0,0,0.011009827,6,1
1,1,0.87687445,1,1
0,0,0.020167181,8,2
0,0,0.008990631,7,2
0,0,0.09111137,6,2
0,0,0.013380959,6,2
1,1,0.70458966,1,1
0,0,0.094826885,9,1
1,1,0.7324729,9,2
1,1,0.9380891,1,1
1,0,0.24210903,9,2
1,1,0.7318144,1,1
0,0,0.17470053,9,2
0,0,0.034721304,6,1
0,0,0.0014224043,6,1
0,0,0.14337999,3,2
1,1,0.60043013,9,2
0,0,0.28800714,8,2
1,1,0.78796005,8,2
0,0,0.032108765,8,2
0,0,0.056952707,8,2
0,0,0.22192031,9,2
0,0,0.08341623,5,1
1,1,0.7073342,8,2
1,1,0.82698995,6,2
1,1,0.81682676,1,2
0,0,0.4191959,1,1
0,0,0.14102724,6,2
1,1,0.83570135,6,1
1,1,0.8369478,6,1
1,1,0.8766889,6,2
0,0,0.4875602,6,1
1,0,0.46704602,9,1
1,1,0.96581686,1,1
1,1,0.98898727,1,1
0,0,0.0048936238,1,1
1,0,0.098039284,1,1
0,0,0.07188497,1,1
0,0,0.10348923,1,2
0,0,0.0031687645,8,2
1,1,0.97576016,6,2
1,1,0.91089946,1,1
0,0,0.011861959,8,1
0,0,0.18914631,8,1
0,0,0.054553416,9,1
0,1,0.569507,6,1
0,1,0.9943348,1,2
1,1,0.55799234,6,1
0,0,0.34695917,7,1
1,0,0.39018297,2,2
0,0,0.09044734,6,2
0,0,0.028237382,1,2
0,0,0.45651194,8,2
0,0,0.49553588,1,1
1,1,0.97367144,1,1
0,0,0.017120957,8,2
1,1,0.81430155,1,2
1,1,0.70943713,6,2
0,1,0.9769056,8,1
1,1,0.96706635,1,1
0,0,0.022446426,2,1
1,1,0.5601544,1,1
1,1,0.8298545,1,2
0,0,0.48349366,1,1
1,1,0.61368334,6,1
1,1,0.972661,6,2
1,1,0.97968686,1,1
0,0,0.05758906,1,2
1,1,0.9918069,6,1
1,1,0.9969221,6,1
1,1,0.913998,2,2
1,0,0.46146843,1,1
0,1,0.8408689,1,1
0,0,0.012065551,1,1
0,0,0.2600251,1,1
0,0,0.4580037,1,1
0,0,0.0004647264,1,1
0,1,0.9160443,8,1
0,1,0.6885074,9,1
0,0,0.34101242,6,1
1,1,0.9546396,1,1
0,0,0.0015705267,1,2
0,1,0.5652303,6,2
0,0,0.034013122,8,1
0,0,0.00023723459,1,2
1,1,0.96280634,8,1
1,1,0.98555565,1,1
1,1,0.9208105,6,2
0,0,0.033352517,8,1
1,0,0.2405974,1,1
0,0,0.020280018,1,1
1,0,0.04710688,9,2
1,0,0.23159096,1,1
0,0,0.11280008,6,1
0,0,0.1503341,9,2
0,0,0.060422115,8,2
1,1,0.7449079,1,2
0,1,0.66120976,1,2
0,1,0.77126145,1,2
1,1,0.90997595,2,2
0,1,0.92148125,1,2
0,0,0.013381117,1,2
1,1,0.7791019,1,1
1,1,0.984117,6,1
0,0,0.14410211,2,1
0,1,0.6474298,6,1
1,1,0.55301183,9,2
1,1,0.8551779,6,2
0,0,0.03424785,1,2
0,1,0.7011513,9,1
0,1,0.51582867,1,2
0,0,0.04119165,6,2
0,0,0.2685758,6,2
1,1,0.5065816,9,1
0,1,0.8038365,1,2
0,1,0.95388776,1,1
0,1,0.8948417,8,2
0,0,0.13240233,1,2
1,1,0.87086624,6,2
1,0,0.3606266,1,2
0,0,0.105217,6,2
1,1,0.84778756,1,1
0,0,0.03306018,8,1
1,1,0.94436765,1,2
1,1,0.93048346,6,2
1,1,0.91730607,8,2
0,1,0.6232895,1,1
0,0,0.3955847,8,1
0,1,0.58859897,9,1
1,0,0.17230609,8,1
1,1,0.98978066,1,1
0,0,0.02091377,1,1
0,0,0.02190061,6,2
1,1,0.8730412,8,1
0,1,0.5955667,6,2
1,1,0.9745256,9,2
1,0,0.39338642,1,2
1,1,0.71215695,1,2
0,1,0.84549475,1,1
0,0,0.005963657,1,2
1,0,0.34335294,1,1
0,0,0.36937928,3,1
1,1,0.9242215,1,2
0,0,0.00661642,9,2
1,0,0.41307598,9,1
0,0,0.057207152,9,2
1,1,0.5329038,8,2
0,0,0.23182738,6,1
1,1,0.9774091,9,2
1,1,0.5049198,1,2
0,0,0.0007937753,9,1
1,1,0.77906525,1,1
1,1,0.8585702,6,1
0,0,0.033439033,1,2
0,0,0.027297221,1,1
1,0,0.44277024,1,2
1,0,0.23512122,1,2
1,1,0.86178726,1,1
0,0,0.007757093,8,2
1,0,0.23222716,1,2
1,1,0.8824189,1,1
1,1,0.92538977,9,2
1,1,0.81200606,1,1
1,1,0.6819595,9,2
1,1,0.97686577,2,2
0,0,0.013094099,8,1
0,0,0.031935964,7,1
0,0,0.0036026682,1,2
1,1,0.93196356,6,1
0,0,0.059862807,2,2
0,1,0.5965529,9,1
0,0,0.04931114,1,2
1,1,0.60029835,1,1
1,1,0.8288708,1,2
0,0,0.16817059,6,1
1,0,0.35157984,6,1
0,0,0.0017712977,8,1
1,1,0.65413475,1,2
1,1,0.83835435,1,1
0,0,0.0027788999,3,2
0,1,0.71194065,1,2
0,0,0.22454087,9,1
0,0,0.10836267,1,2
0,0,0.06738177,8,2
0,1,0.7875141,1,1
0,0,0.3545955,1,1
1,0,0.2700505,9,2
1,1,0.58627576,8,1
0,0,0.43102106,1,1
1,0,0.21357957,6,2
1,1,0.7640218,6,1
1,1,0.8721386,9,1
1,1,0.7976371,9,2
0,0,0.049005225,9,2
1,0,0.24418817,6,1
1,1,0.8784186,6,1
0,0,0.038863838,8,2
1,1,0.6953097,6,2
0,0,0.01927564,8,2
0,0,0.31292874,9,1
0,0,0.29712573,1,2
0,0,0.3165915,3,1
0,0,0.07418993,6,1
1,0,0.22035,2,1
0,0,0.012964558,6,2
0,0,0.31459558,9,1
1,1,0.97540617,8,1
1,1,0.6637093,6,1
1,1,0.7358514,8,1
0,0,0.0007347556,1,1
1,1,0.94444835,6,2
0,0,0.11906271,6,1
0,1,0.7315754,1,1
1,1,0.7166244,1,1
0,0,0.13921441,1,1
1,0,0.18483002,8,2
1,1,0.8663677,1,1
1,1,0.9664522,8,1
0,0,0.100805335,1,2
0,0,0.007548245,1,2
1,0,0.49961072,9,1
1,1,0.9331651,9,1
0,0,0.022101764,1,1
0,1,0.5372229,2,1
1,1,0.97017765,1,1
0,0,0.010183126,8,2
1,1,0.64089864,1,2
1,1,0.8142529,1,2
1,1,0.8674016,1,1
1,0,0.49980766,8,2
1,1,0.91238636,2,1
1,1,0.77838874,1,1
0,0,0.041613586,8,2
1,1,0.8823043,1,2
1,1,0.6757463,8,2
0,1,0.98942274,1,1
0,0,0.44741285,6,1
0,0,0.31853613,8,1
1,1,0.71262705,1,2
0,0,0.18226309,9,1
1,1,0.9744615,1,1
1,1,0.96197736,6,2
1,1,0.9444716,6,1
1,0,0.15646198,1,1
1,1,0.6302113,1,1
1,1,0.97978836,9,1
0,0,0.0402979,1,1
1,0,0.4107872,2,2
1,1,0.8562889,1,2
1,1,0.5999307,1,1
1,1,0.9683714,1,1
1,0,0.1387977,9,2
1,1,0.69972724,9,2
0,0,0.0021479689,1,1
0,0,0.013766364,9,2
0,0,0.00011606989,1,2
0,0,0.42464736,6,1
1,1,0.7869567,1,2
1,1,0.9198843,2,2
1,1,0.9018136,1,1
0,0,0.39607242,8,1
0,1,0.73266613,9,1
0,0,0.20531148,8,2
1,1,0.8750403,1,2
1,1,0.89707446,9,2
1,1,0.9795193,6,2
0,0,0.2149228,1,2
1,1,0.98599374,1,2
0,1,0.9017389,6,2
0,0,0.028326834,9,2
1,1,0.68604016,6,1
1,1,0.593974,1,2
1,0,0.44943273,9,2
1,1,0.87773776,1,1
0,0,0.09502861,8,1
0,0,0.0240246,8,1
1,1,0.80943227,9,1
0,0,0.2926694,1,2
0,0,0.11644801,9,2
0,0,0.07940968,8,2
0,0,0.13339914,8,1
0,0,0.07324277,9,1
0,0,0.016873872,9,1
1,1,0.7901103,8,1
1,0,0.4973413,8,1
1,1,0.8407236,1,1
0,0,0.07824034,8,1
0,0,0.41462764,1,1
0,0,0.040966485,9,2
1,1,0.82581663,1,2
1,1,0.93148506,1,2
1,1,0.9938585,1,1
0,0,0.25067124,8,1
1,1,0.99877113,1,1
0,0,0.30959895,2,1
0,0,0.08288882,9,1
0,0,0.015325749,6,2
0,0,0.20165741,6,2
1,0,0.17500862,1,1
1,0,0.28940585,1,2
0,0,0.101470895,1,2
0,0,0.0012459827,8,1
0,0,0.001232476,1,2
0,0,0.04388962,9,1
1,1,0.92375165,1,1
0,0,0.105162844,2,2
1,1,0.9949025,1,2
1,1,0.98520005,1,2
1,0,0.08987074,8,1
0,1,0.86475414,1,1
0,0,0.15583524,1,2
0,0,0.02711836,8,2
1,0,0.26813126,8,2
0,0,0.116337515,8,2
0,0,0.012219403,6,2
0,0,0.085907735,2,1
1,0,0.13605157,1,2
0,0,0.39756188,1,2
0,1,0.9028889,2,1
1,1,0.80016774,9,1
1,1,0.85612,1,1
0,0,0.15863095,8,1
0,1,0.5947433,1,1
0,0,0.093703166,8,2
1,1,0.895498,1,1
1,0,0.49597695,6,1
1,0,0.18000087,1,2
1,1,0.83228004,1,2
0,0,0.0012024788,9,2
0,0,0.33825848,6,1
1,1,0.96980166,1,1
1,0,0.48830685,1,1
0,0,0.08341836,1,2
1,1,0.7527452,1,1
0,1,0.6981341,1,1
0,0,0.01118152,1,1
0,0,0.120593525,8,1
0,0,0.038830142,1,2
0,0,0.031913918,9,2
0,1,0.67665136,8,1
1,1,0.98442197,1,1
1,0,0.23069192,8,1
0,0,0.016851177,8,2
0,0,0.005806591,8,1
1,1,0.9391139,6,2
0,0,0.24536347,1,1
0,0,0.002008793,2,1
0,0,0.25730154,1,2
1,1,0.8118668,9,1
0,0,0.009615072,9,1
0,0,0.2629713,9,1
1,1,0.88582116,9,1
0,0,0.0024369494,9,2
1,1,0.8027748,1,1
0,0,0.20058665,3,1
1,1,0.7715818,1,2
1,1,0.6683565,9,1
1,1,0.7750797,1,2
0,0,0.080296494,9,2
1,1,0.764756,1,2
0,0,0.04575214,8,2
0,0,0.07667992,8,1
1,1,0.8250188,6,1
0,0,0.42043954,6,2
1,1,0.7631271,1,1
1,1,0.7242634,2,1
1,1,0.93647385,1,1
0,1,0.52389187,5,1
1,0,0.36825988,1,2
0,0,0.02434107,1,2
1,0,0.27779818,1,1
0,0,0.19420272,6,2
1,0,0.48876676,1,2
0,0,0.3327211,1,1
1,0,0.47313794,1,2
0,1,0.7879355,9,2
0,0,0.16237664,6,2
0,0,0.15607901,1,1
0,0,0.0005769009,9,2
1,1,0.5034822,1,2
0,0,0.007507518,9,1
0,0,0.40621406,8,1
0,0,0.0013197283,1,2
0,1,0.78081703,8,1
0,0,0.0035090165,8,1
0,0,0.006469611,1,1
0,0,0.41666752,8,2
1,1,0.76330155,2,2
0,0,0.08308263,1,1
1,1,0.90032893,1,1
0,0,0.0023293644,2,1
0,0,0.3112572,8,1
1,1,0.88769364,9,1
0,0,0.038109284,6,2
0,0,0.019535933,8,2
0,0,0.006083367,8,2
1,1,0.9376039,1,2
0,0,0.06394087,6,2
0,0,0.2571954,8,1
0,0,0.027580716,1,2
1,1,0.7958403,1,2
1,1,0.9541704,1,1
0,0,0.12630306,1,2
0,1,0.9631997,9,2
0,0,0.26508352,1,2
0,1,0.7417199,9,2
1,1,0.9463013,9,1
0,0,0.24752186,1,2
0,0,0.07775413,9,2
1,1,0.9931497,1,1
0,0,0.0011138072,6,2
0,0,0.31637728,6,2
0,0,0.37559226,2,2
0,0,0.40225407,9,1
1,1,0.9688107,1,2
1,1,0.5091601,1,2
1,1,0.9759661,8,1
1,1,0.8436301,9,2
0,0,0.11601636,6,1
0,0,0.031488065,1,1
0,0,0.31300795,7,1
0,0,0.10737492,9,2
1,1,0.8837974,1,1
1,1,0.86931545,1,2
0,0,0.003834483,9,1
1,1,0.913121,1,1
0,0,0.021156281,8,1
0,0,0.00077443954,8,2
0,0,0.1576966,6,2
0,0,0.007650749,1,2
1,1,0.7752633,6,2
0,0,0.00016404524,1,2
1,1,0.9348133,1,1
1,1,0.8890387,6,2
1,1,0.93644094,9,2
0,0,0.12427491,6,2
1,1,0.92895013,1,2
1,1,0.9963108,1,1
1,1,0.9554537,9,2
1,1,0.88604116,1,1
0,0,0.00637261,8,2
0,1,0.81679064,1,1
1,1,0.9546033,1,2
1,1,0.7176328,6,2
1,1,0.54927343,1,2
1,0,0.02472253,8,2
0,0,0.052342635,1,2
1,1,0.8338475,1,2
0,0,0.09790987,9,1
0,0,0.026268508,8,1
0,0,0.07269866,8,2
1,1,0.67225623,9,1
1,1,0.81988007,6,2
1,1,0.9375513,9,2
0,0,0.02874658,1,1
1,1,0.78940487,8,1
1,1,0.9831613,1,1
0,0,0.0045619523,1,2
1,1,0.932184,6,1
0,0,0.20363943,8,1
1,1,0.99865013,6,1
1,1,0.99104226,6,1
1,1,0.9545295,1,1
0,1,0.56798846,3,1
1,1,0.87500536,9,2
1,1,0.5179903,2,1
1,0,0.43836734,2,1
0,0,0.027793806,6,1
0,0,0.33753452,1,1
0,0,0.18116958,1,1
1,1,0.8943684,1,2
1,1,0.9658621,6,1
1,0,0.37050724,1,1
0,0,0.08425801,1,1
1,1,0.9402964,6,2
1,0,0.20593806,1,1
0,0,0.19970356,6,2
1,1,0.96616066,1,1
0,0,0.33408555,6,2
1,1,0.77319705,1,2
1,1,0.9888102,9,2
0,0,0.00046875194,9,1
0,0,0.058066558,8,2
1,1,0.9237822,1,2
0,1,0.8966184,1,2
0,1,0.7265852,9,1
1,1,0.9648815,1,1
0,0,0.35871214,6,1
1,1,0.7789003,6,1
1,1,0.97787136,1,1
0,0,0.0070143556,9,2
1,1,0.90476537,1,1
0,0,0.15349251,8,1
0,0,0.22821705,1,2
0,0,0.314674,1,1
0,0,0.37685648,9,1
1,1,0.9244435,2,1
1,1,0.98048383,1,2
0,1,0.7993401,1,2
0,0,0.016937518,8,2
0,1,0.58076894,1,2
1,1,0.55368006,9,2
1,1,0.67428184,1,1
0,0,0.2902051,8,2
0,0,0.011361142,6,2
1,0,0.41666713,8,2
1,1,0.9647543,9,1
0,0,0.2923645,6,1
1,1,0.8763774,8,2
0,0,0.13379312,6,1
1,0,0.4066305,1,2
1,1,0.54626584,1,2
0,0,0.42484513,9,1
1,1,0.5068499,9,2
0,0,0.14542766,8,1
1,1,0.6999788,6,1
1,0,0.4715428,9,1
0,0,0.24425964,9,2
0,0,0.21165521,2,2
0,1,0.7665657,6,2
1,0,0.27909136,1,2
0,0,0.0019251517,8,2
0,0,0.039719503,1,2
1,1,0.9773111,9,1
0,0,0.0020209288,2,2
0,1,0.7529012,1,1
0,0,0.22566038,1,1
0,0,0.0032393194,8,1
0,1,0.77010554,6,1
0,0,0.008216242,1,1
1,1,0.96584874,1,1
1,1,0.91533744,9,1
1,1,0.9944106,1,1
0,0,0.015066563,8,1
0,1,0.5736871,8,1
0,0,0.4202952,1,2
1,1,0.9327163,9,2
0,0,0.024462067,6,2
0,0,0.0012306671,8,1
0,1,0.70711404,1,2
1,1,0.9698807,1,2
0,0,0.068268865,1,2
0,0,8.1029735e-05,1,2
0,0,0.006101456,9,1
0,0,0.011552861,2,1
1,1,0.9529906,1,2
1,1,0.90315926,1,2
0,0,0.33669353,9,1
0,0,0.13334887,8,1
0,1,0.92288727,1,1
0,0,5.4872e-05,1,1
1,1,0.6349421,2,2
0,0,0.27983654,6,2
1,1,0.91228735,6,1
1,1,0.93139786,1,2
1,1,0.83169615,9,2
0,0,0.24943127,9,2
0,0,0.012763628,8,2
1,1,0.8845514,6,2
0,0,0.0077767377,2,1
0,0,0.2429689,1,1
0,0,0.0032031396,6,1
1,1,0.79404414,8,1
0,0,0.2330621,8,1
1,0,0.3236706,1,2
1,1,0.9855136,1,1
0,0,0.00073375535,9,2
0,0,0.05759466,1,1
0,1,0.6323731,1,2
0,0,0.14909652,1,2
1,1,0.9710142,6,1
0,0,0.25599164,8,1
1,1,0.99650794,1,1
0,0,0.06099927,8,2
0,1,0.7592625,1,2
0,1,0.5653634,6,1
1,1,0.96087664,6,1
1,1,0.9303685,1,1
1,1,0.9981559,1,1
1,0,0.029190376,9,2
0,0,0.1334985,8,1
1,1,0.96994597,6,2
1,1,0.94552404,1,2
1,1,0.9059022,1,2
1,1,0.99238586,1,2
0,0,0.02445834,1,1
0,0,0.019835789,2,2
0,0,0.0024162338,1,1
1,0,0.025950925,1,2
1,1,0.928554,1,1
1,0,0.41219383,8,1
0,0,0.0148089025,9,2
0,0,0.02501247,9,2
0,1,0.71129936,6,2
0,0,0.01137055,6,2
1,1,0.84842426,1,2
1,1,0.9958339,1,1
0,0,0.036920477,9,1
0,0,0.07958167,1,2
1,1,0.6327368,6,1
1,1,0.9083701,2,1
0,0,0.0018169647,1,1
0,0,0.21924655,6,2
0,1,0.9770508,1,1
1,1,0.967687,6,1
1,1,0.90022874,6,1
1,1,0.9558432,1,1
1,1,0.88546497,9,2
1,0,0.38868797,1,2
0,1,0.8662303,1,1
0,0,0.20260666,6,2
1,1,0.70366716,1,1
1,0,0.013889239,2,2
1,1,0.8890455,1,1
1,1,0.78865325,1,2
1,1,0.8765724,8,1
1,1,0.9949345,9,2
0,0,0.011792498,9,2
1,1,0.94824815,1,1
0,1,0.8503519,1,2
0,0,0.048253212,8,2
1,1,0.96021473,1,1
0,1,0.59203947,9,1
1,1,0.86468685,6,2
0,0,0.21771222,9,1
1,1,0.6116562,8,2
0,0,0.020930918,1,1
1,1,0.7455938,1,2
0,0,0.38612816,9,1
0,0,0.104944326,6,1
0,1,0.6948055,8,1
0,0,0.47106937,1,1
0,0,0.44324568,8,2
0,1,0.7652826,1,1
0,0,0.14399582,8,1
0,0,0.0678426,1,1
1,1,0.9009948,1,2
1,1,0.60249996,6,2
0,0,0.19284661,9,2
0,0,0.4979224,2,2
1,1,0.85184,2,1
1,1,0.95572907,1,2
0,0,0.014339909,1,2
1,1,0.62560266,1,1
0,0,0.0012528409,7,1
1,1,0.9558173,6,2
1,0,0.23782964,9,1
1,1,0.8590442,1,2
1,1,0.9012412,1,1
0,0,0.0009809798,1,1
0,0,0.022364212,8,1
1,1,0.73001677,1,2
0,0,0.34851488,1,1
0,0,0.18735808,1,2
0,1,0.60827327,1,1
1,1,0.7495571,1,1
0,0,0.023012396,1,2
0,1,0.77016276,1,2
1,1,0.93538547,1,1
0,0,0.3133353,9,1
0,0,0.0054402426,9,1
0,0,0.00048779158,1,2
1,1,0.92288214,6,1
0,0,0.012305711,9,2
0,0,0.10526738,1,2
1,1,0.71537447,2,1
1,0,0.4279536,9,2
0,0,0.15629488,2,1
0,1,0.654859,1,2
1,1,0.5804864,1,2
0,0,0.20276742,9,1
0,0,0.46581542,9,2
0,0,0.43550164,1,1
1,1,0.91091806,2,1
0,0,0.006117392,9,2
1,1,0.74510485,9,2
0,0,0.07093329,9,1
0,0,0.3322087,2,1
0,0,0.047837373,9,2
1,1,0.98939323,2,1
0,0,0.37116745,9,1
1,1,0.5420014,7,1
0,0,0.05060124,6,2
1,1,0.5734788,1,2
1,1,0.9987809,9,1
1,0,0.3785626,9,2
1,0,0.4414986,1,2
1,0,0.106848694,1,2
0,0,0.03968697,8,2
1,1,0.9518007,1,1
0,0,0.17864712,2,1
1,1,0.6809778,6,1
0,0,0.00076148805,1,2
1,1,0.9013889,1,2
1,1,0.9805377,1,1
1,1,0.9610919,1,1
1,0,0.35945943,9,2
1,0,0.2411163,8,1
0,1,0.6730147,8,1
1,0,0.45729506,1,1
1,1,0.8329042,9,2
1,1,0.855995,9,1
0,0,0.03843372,6,1
0,0,0.21849489,1,1
1,1,0.9363924,1,1
1,1,0.8282174,1,2
1,1,0.9861265,1,1
0,0,0.1755004,1,2
1,1,0.64514744,9,2
0,1,0.5222441,1,2
1,1,0.75071687,1,1
1,0,0.116721034,1,2
1,1,0.865865,1,2
0,0,0.04066709,8,1
0,0,0.032203984,6,1
1,1,0.9581269,6,1
0,0,0.18748942,9,1
0,0,0.21640645,9,2
1,1,0.9156135,1,2
0,0,0.04113433,8,1
1,1,0.85296994,1,2
0,1,0.8096198,9,1
0,1,0.5863877,1,2
1,1,0.7946233,1,2
1,1,0.58084065,1,2
1,1,0.918198,8,1
1,1,0.5443512,1,1
0,0,0.022278497,1,1
1,0,0.45151088,1,2
0,0,0.46815738,8,1
0,0,0.0044381833,8,2
0,1,0.81606185,1,1
0,0,0.35708392,1,1
0,0,0.26229453,1,2
0,0,0.054409914,1,1
0,0,0.0755932,2,2
1,1,0.93832964,1,1
0,0,0.10333025,6,2
1,1,0.5569832,9,1
0,0,0.0038739976,8,1
1,1,0.7217379,8,2
0,0,0.0077816667,6,1
0,0,0.24007048,5,1
1,1,0.64032453,1,2
0,0,0.38350818,1,2
1,1,0.9272017,6,2
0,0,0.08652533,8,1
0,0,0.028179197,1,2
1,0,0.22460228,1,2
0,0,0.036101718,1,2
0,0,0.003558878,1,2
0,0,0.27414712,9,2
1,1,0.770297,1,1
1,1,0.8933391,1,1
1,1,0.9919437,9,1
0,0,0.009108553,8,2
1,0,0.42518374,1,2
1,0,0.010591051,1,2
0,1,0.9333828,1,2
1,1,0.9565426,2,2
0,0,0.0041417237,1,2
0,0,0.44178388,6,1
1,1,0.904375,1,1
1,1,0.6198341,8,1
0,0,0.1396757,9,1
1,1,0.8266342,1,2
1,1,0.9531081,2,1
1,1,0.6212632,1,1
0,1,0.6593222,1,1
1,1,0.8323718,1,1
0,0,0.043843187,1,2
0,0,0.0108674485,9,2
0,0,0.059776444,1,2
1,1,0.9654998,1,1
1,1,0.9934047,1,1
1,1,0.9571891,6,2
1,1,0.93799025,1,1
1,1,0.9943164,1,1
0,0,0.03372966,9,1
1,1,0.62789434,8,1
0,0,0.01369307,2,1
0,0,0.000711532,6,1
0,0,0.003551326,6,2
0,0,0.052753847,9,1
0,0,0.19655064,6,1
0,1,0.6857759,6,1
1,1,0.9817649,6,1
1,0,0.14117298,9,2
0,0,0.165121,9,1
0,0,0.055838108,1,2
1,1,0.62427044,1,1
1,1,0.9944956,1,2
1,1,0.9846832,1,1
1,1,0.91819376,1,2
0,0,0.3889102,8,1
1,1,0.5699116,1,1
0,0,0.09033331,9,1
1,1,0.9750786,1,1
0,1,0.8006467,9,2
1,1,0.9626426,1,1
0,1,0.6916094,1,1
1,1,0.93048346,6,2
0,0,0.017279783,8,1
0,0,0.0052460404,6,2
1,0,0.38038212,1,1
1,1,0.9657587,8,1
0,0,0.46520627,3,1
0,0,0.30790603,9,1
0,0,0.007848018,9,2
1,1,0.8407804,6,2
0,0,0.036423143,1,2
1,0,0.12114951,8,1
0,1,0.9300282,1,2
1,1,0.83086413,1,1
1,1,0.84648186,1,2
1,0,0.12827887,1,2
0,0,0.006865975,1,2
0,0,0.008680039,8,1
1,1,0.9777829,9,1
1,1,0.56607753,1,2
0,0,0.08738719,8,2
0,0,0.43407118,8,1
0,0,0.10065045,8,2
0,0,0.033263613,6,2
0,0,0.053481918,1,1
0,0,0.47691172,2,1
1,0,0.008592112,1,2
0,0,0.0016244304,1,1
0,1,0.62694454,6,1
1,1,0.95295626,9,1
1,1,0.89701873,2,1
0,0,0.4041929,1,1
1,1,0.9580998,6,2
0,0,0.0017269694,1,2
0,0,0.008639092,9,1
1,1,0.98002213,1,2
1,1,0.9500032,6,2
0,0,0.15779701,8,1
0,1,0.60278785,8,2
1,0,0.08545286,9,2
1,1,0.6924627,9,1
1,1,0.9379738,1,1
0,0,0.2710379,6,1
1,1,0.89757925,1,2
1,1,0.75326043,1,2
0,1,0.7878507,1,1
0,1,0.73679644,1,2
1,0,0.31873506,9,1
0,0,0.1404337,1,2
0,0,0.15440726,2,2
0,1,0.7944593,2,1
1,1,0.77140677,9,1
1,1,0.75073165,1,1
1,0,0.29617625,6,1
0,0,0.0007564617,9,2
0,0,0.24961603,6,1
0,0,0.0031871463,1,1
0,0,0.07093796,8,2
1,1,0.729798,1,1
1,1,0.9976419,1,2
1,1,0.75060576,6,1
0,0,0.31375742,6,2
0,0,0.1078414,6,2
0,0,0.029460583,8,1
0,0,0.38753417,6,2
0,0,0.057229776,1,2
0,1,0.59592575,6,1
1,1,0.95155317,1,1
0,0,0.1050948,6,2
1,1,0.68953454,6,1
1,1,0.93849206,1,1
1,0,0.3808849,6,1
0,0,0.09336758,8,2
0,0,0.08585288,9,1
0,0,0.2158969,8,1
0,1,0.5263093,8,1
0,0,0.03582178,2,2
0,0,0.37978417,9,1
0,0,0.25763375,6,2
0,0,0.19084471,1,2
1,0,0.37505475,1,1
0,0,0.0013555869,1,2
0,0,0.10482025,1,2
1,1,0.57099694,6,1
0,0,0.031372037,8,1
0,1,0.54108024,6,1
1,1,0.73993325,9,2
1,1,0.9536285,1,1
0,0,0.010976548,9,2
0,1,0.5867968,8,1
1,0,0.2973034,1,1
0,1,0.8615911,1,1
1,1,0.88247967,1,2
0,0,0.48252165,6,1
1,0,0.36414814,6,2
1,1,0.857787,1,1
0,0,0.027128495,6,1
1,1,0.9061598,6,1
1,1,0.9828944,9,1
1,1,0.79411167,1,1
0,0,0.0012766338,1,2
1,1,0.90994143,6,1
0,0,0.2749092,9,1
0,0,0.32113603,8,1
1,1,0.89043146,2,1
1,1,0.7088499,2,2
1,1,0.96761525,2,1
0,0,0.12638253,2,1
0,0,0.0113833845,1,2
0,0,0.17348103,6,1
1,1,0.8577052,1,2
0,0,0.0400766,8,2
0,0,0.0011408618,8,2
0,0,0.1251325,9,2
0,0,0.13675871,1,2
0,0,0.00289711,8,1
0,0,0.025654873,8,1
0,0,0.077237494,8,2
0,0,0.121876195,8,2
0,0,0.44652262,1,1
0,1,0.5941062,1,2
1,0,0.4730394,8,2
1,1,0.6966599,1,1
1,1,0.9137626,6,2
1,1,0.6519966,1,2
0,1,0.56870383,1,1
1,1,0.91391426,1,1
1,0,0.4808339,9,1
1,0,0.36494258,1,1
1,0,0.4921119,1,1
1,1,0.88247037,6,1
0,0,0.21095859,2,2
0,0,0.00054766587,1,2
1,1,0.9217343,8,2
0,1,0.67882085,1,2
1,1,0.9865389,1,1
0,1,0.9416872,9,2
1,0,0.08913541,1,1
1,1,0.97719485,6,2
1,0,0.18282568,8,2
1,1,0.7101258,6,1
0,0,0.0005376888,6,2
1,1,0.74560434,6,2
0,0,0.007833888,9,1
0,0,0.0020383662,6,2
1,1,0.7632186,1,1
1,1,0.9170761,1,1
0,0,0.22477272,8,2
0,1,0.7084081,6,2
1,0,0.023951966,1,2
1,1,0.9833282,6,2
0,0,0.10497046,6,2
0,0,0.25584766,9,2
0,1,0.8206809,1,1
0,1,0.91759354,9,2
1,1,0.9684238,1,1
0,0,0.0225833,8,2
0,0,0.16310216,1,2
1,1,0.5198885,8,1
1,1,0.88488984,6,1
1,1,0.65672374,8,1
1,0,0.37027082,9,2
1,1,0.9859678,1,1
1,1,0.8536517,6,1
0,0,0.20287114,1,1
0,1,0.5366422,9,1
0,1,0.87281597,1,2
0,0,0.009671659,1,2
1,1,0.98919827,1,1
0,0,0.042475216,8,1
0,0,0.18163925,8,1
1,1,0.929072,1,1
0,0,0.040451214,8,1
1,1,0.92400885,1,2
0,0,0.39723536,1,2
0,0,0.012729316,1,1
0,0,0.24202666,6,2
1,1,0.9059022,1,2
0,0,0.026156355,9,1
0,0,0.10268064,9,2
0,0,0.06465911,8,1
0,0,0.16923386,8,1
0,0,0.4151119,8,1
0,0,0.17046835,6,1
1,1,0.9784078,1,2
1,1,0.6175758,1,1
0,1,0.702899,1,2
0,1,0.59879774,2,1
0,0,0.29752165,6,1
1,0,0.44582027,8,1
0,1,0.622363,6,1
1,1,0.54397744,8,1
1,0,0.38937774,8,2
0,0,0.029080482,1,2
1,1,0.8894896,8,2
0,0,0.004851663,9,2
1,1,0.7418791,1,2
0,0,0.0002785603,8,2
1,1,0.90292716,6,2
0,0,0.0027117056,1,1
0,0,0.0963368,1,1
1,1,0.8809966,1,2
0,1,0.97599846,6,2
1,1,0.965657,1,1
0,0,0.15661821,9,1
0,0,0.24045455,8,2
0,0,0.09104628,1,1
1,1,0.9206508,9,2
0,0,0.0014744757,9,2
0,0,0.108688705,6,1
0,1,0.69918036,1,2
1,1,0.98616844,9,1
0,1,0.9116857,1,1
1,1,0.77036625,6,1
1,1,0.9430927,6,2
1,1,0.98117065,6,1
0,0,0.035056338,1,2
0,0,0.28112444,1,2
0,0,0.015146249,9,2
0,0,0.3809971,8,2
0,0,0.42588204,1,2
1,1,0.9865567,6,1
0,0,0.000113820686,9,2
1,1,0.74509126,9,1
1,1,0.9809549,1,1
0,0,0.09297554,6,1
1,1,0.6455421,8,1
1,1,0.6238265,1,2
0,0,0.0066269753,9,2
0,0,0.022109773,6,1
0,0,0.13979119,1,1
1,1,0.5227329,1,1
0,0,0.016357329,8,1
0,0,0.015479939,9,2
0,1,0.631006,8,2
1,0,0.31782976,1,1
1,1,0.90513504,9,1
0,1,0.5429631,9,2
1,0,0.44611067,1,2
0,0,0.11397255,6,2
0,0,0.36925733,1,1
1,1,0.65254366,9,2
1,1,0.938666,1,1
0,0,0.3684675,8,1
0,0,0.00040197102,8,1
0,0,0.055827543,1,2
1,1,0.9118495,1,2
0,1,0.80554825,2,1
0,0,0.017988164,8,1
1,1,0.907629,8,1
0,0,0.18734872,8,2
0,0,0.08600602,6,2
0,0,0.014414356,1,1
1,0,0.07274956,1,2
0,0,0.027586918,9,1
0,0,0.19859761,6,1
0,1,0.9773032,1,2
0,1,0.78091717,1,2
0,1,0.75121856,1,1
1,1,0.9689735,6,1
0,0,0.090319544,6,2
1,1,0.8842644,6,1
0,0,0.0025238025,6,2
0,0,0.14744307,8,1
0,0,0.32411277,8,1
0,0,0.015401909,2,1
1,1,0.86740994,7,2
0,0,0.009964976,5,2
0,0,0.054411754,9,2
1,1,0.93127817,6,2
0,0,0.001245065,6,1
0,1,0.58115363,6,2
0,1,0.60259974,1,1
0,0,0.12875706,9,1
1,1,0.98412293,6,1
0,0,0.13236263,1,1
1,0,0.4260085,8,1
0,0,0.16796581,8,1
0,0,0.10524109,6,2
1,0,0.06163155,1,2
1,1,0.5022657,1,2
1,0,0.34610155,9,1
1,1,0.7794978,6,1
0,0,0.06413144,1,1
1,1,0.90164125,9,1
1,0,0.43389732,6,2
0,0,0.06476218,6,1
1,0,0.319321,8,2
1,1,0.97184205,1,1
1,1,0.96162623,1,1
0,1,0.818121,6,1
1,0,0.22485958,6,2
1,1,0.99883646,6,1
1,1,0.7549336,2,1
0,1,0.8225889,9,1
1,1,0.9040131,6,1
1,0,0.23313607,8,2
0,0,0.041592892,6,2
1,1,0.84716046,1,1
1,0,0.39574334,1,1
1,1,0.9298779,6,1
1,1,0.957188,1,1
0,1,0.69754905,1,2
0,0,0.22487693,1,2
0,1,0.63420403,1,1
0,1,0.6381981,1,2
1,1,0.7218619,9,1
0,0,0.019315585,6,2
0,0,0.31678283,1,2
0,0,0.009342505,6,2
0,0,0.0142206205,9,2
0,1,0.9172221,6,1
1,1,0.9942543,6,2
0,0,0.4099035,1,1
0,0,0.0005107956,1,2
1,1,0.9369247,9,2
0,0,0.13021335,8,1
1,1,0.8719371,1,2
0,0,0.09318201,1,1
0,1,0.5659602,1,2
0,0,0.12687719,6,2
1,1,0.57347304,6,2
1,1,0.86075366,1,1
0,1,0.5738996,2,2
0,1,0.5174682,1,2
0,0,0.022596871,1,1
0,0,0.14981934,6,1
0,1,0.82706404,6,2
1,0,0.044349615,9,2
0,1,0.87853324,1,1
0,0,0.008546912,1,1
1,1,0.5579884,1,1
1,1,0.90927833,6,1
1,1,0.87308323,6,2
0,0,0.050209295,8,1
1,1,0.9847114,1,1
1,1,0.6159814,9,2
1,1,0.88119537,1,1
1,1,0.7322975,1,1
1,1,0.85666126,1,1
1,1,0.6270169,1,1
1,1,0.65140325,6,2
0,0,0.2651448,9,1
1,1,0.94151336,1,1
0,0,0.18076065,1,2
0,0,0.017870812,9,2
1,1,0.99655616,9,1
0,0,0.36109668,6,1
1,1,0.9837462,6,1
0,0,0.19456951,9,2
1,1,0.9493613,1,1
1,1,0.61610615,6,1
0,0,0.3305833,1,2
0,0,0.013608648,6,2
1,1,0.950732,6,1
0,1,0.8415601,2,1
1,1,0.935199,6,2
1,1,0.54169655,8,1
1,1,0.874468,1,1
1,1,0.9505743,6,2
0,0,0.015456143,8,1
1,1,0.91089034,6,2
0,0,0.007503032,8,2
0,0,0.41437903,6,2
0,1,0.53280705,8,2
1,1,0.980098,1,1
1,1,0.9256405,6,2
0,0,0.2082586,1,2
1,1,0.7172899,8,1
1,1,0.9002509,9,1
1,0,0.2706883,1,2
0,0,0.16662447,9,1
0,0,0.04142099,1,2
1,1,0.58262163,9,1
0,1,0.6217282,1,1
0,0,0.3326107,1,1
0,0,0.00019146397,9,2
1,1,0.9747464,9,2
0,0,0.34783047,1,1
0,0,0.0010913922,2,2
1,0,0.37805727,8,1
0,0,0.021033797,6,1
1,1,0.8998424,6,1
0,0,0.059082706,9,1
0,0,0.06532126,8,1
1,1,0.9461256,1,1
1,1,0.7735116,1,2
0,1,0.8861765,1,1
1,1,0.793858,1,1
0,0,0.018894382,8,1
0,0,0.0023154016,9,1
1,1,0.6997566,8,1
0,1,0.93722457,1,2
0,0,0.03695497,1,1
1,1,0.52465254,8,1
0,0,0.011150096,8,2
0,1,0.54602265,9,1
0,0,0.02605064,8,2
0,0,0.102499545,6,2
1,0,0.4277005,1,1
1,1,0.5003141,1,1
0,0,0.0063355225,1,1
1,1,0.820773,1,1
0,1,0.9513107,1,1
0,1,0.593819,1,2
1,1,0.6270834,1,1
1,0,0.29514372,6,2
1,1,0.7153382,6,1
0,1,0.8586569,1,2
1,1,0.8719195,1,1
1,1,0.96208847,6,2
0,0,0.12225353,2,1
0,0,0.065760225,1,1
0,0,0.016868409,9,2
0,0,0.007822618,9,1
1,1,0.9040943,6,1
0,1,0.7033456,1,2
0,0,0.3206539,9,1
1,1,0.76626354,8,1
0,0,0.012448687,8,2
1,0,0.4099468,1,2
0,0,0.046034478,1,2
0,0,0.015268247,9,1
0,0,0.0021185272,1,2
1,0,0.16852729,2,1
0,0,0.03432171,8,2
0,1,0.5015975,8,1
0,0,0.15802243,2,1
1,1,0.7693022,8,1
0,0,0.0992901,9,2
0,0,0.012958774,6,1
1,1,0.9613167,1,2
0,0,0.0035909673,6,2
1,0,0.4629263,1,1
0,0,0.0021535503,9,2
1,1,0.90117466,1,2
1,1,0.8178006,3,1
0,0,0.002814787,8,2
0,0,0.0093258545,6,1
1,1,0.95728105,1,1
1,1,0.9660688,6,2
0,0,0.010761105,6,1
1,1,0.7955348,1,1
0,0,0.44883972,7,1
0,0,0.009931284,1,1
0,0,0.2365254,1,1
1,1,0.97053367,1,2
0,0,0.23800851,8,1
0,0,0.057433322,9,2
0,1,0.80122757,9,1
0,0,0.3070065,1,2
1,1,0.94431466,1,2
0,0,0.0019139872,8,1
0,0,0.047928754,8,2
1,0,0.025788572,9,1
1,1,0.6093785,1,2
1,1,0.75690764,1,2
1,1,0.97636503,1,2
0,0,0.29149136,8,2
1,1,0.7267633,9,1
1,1,0.93920445,8,1
1,0,0.08509602,8,2
1,1,0.8244674,1,1
1,0,0.28291467,6,2
0,1,0.8829998,1,2
1,1,0.97133845,1,1
1,1,0.96080214,6,2
0,0,0.020830242,1,2
1,1,0.6917355,1,2
0,0,0.10928075,1,2
1,1,0.80392593,9,1
0,0,0.21624431,6,2
1,0,0.48410666,1,2
0,0,0.18631329,8,2
0,0,0.07382785,8,2
0,0,0.007089339,1,2
1,1,0.90474916,6,2
1,1,0.68022287,8,2
1,1,0.74361306,6,1
1,1,0.612769,6,1
1,1,0.8326719,6,2
0,1,0.5733853,9,1
0,0,0.29120374,6,2
0,0,0.022620037,1,1
0,0,0.0028056498,9,1
0,0,0.052908644,6,1
1,1,0.7603331,1,2
0,0,0.120729916,1,1
1,0,0.40104136,9,1
1,1,0.75837255,8,1
1,1,0.90079284,1,1
0,0,0.031563587,8,2
1,1,0.94840604,2,2
0,0,0.02700437,8,1
0,1,0.65780383,6,1
0,0,0.017111162,9,2
1,0,0.40050235,1,2
0,0,0.15839267,1,1
0,0,0.24449278,1,1
0,1,0.5715707,2,1
1,1,0.9593672,9,1
1,1,0.9941056,6,1
1,1,0.9109313,1,2
1,1,0.8741622,1,1
0,0,0.06988795,9,1
1,1,0.9351791,1,2
0,0,0.2287711,9,1
1,1,0.64356923,1,1
0,0,0.30006865,9,2
1,1,0.99526525,6,2
1,1,0.987089,1,1
1,1,0.9317344,6,2
1,1,0.98768204,1,2
0,0,0.012891945,9,1
0,0,0.22517273,1,2
1,1,0.9620322,9,2
0,0,0.00235092,1,1
0,1,0.8729361,1,1
1,1,0.8983825,1,1
0,0,0.094001636,1,2
1,1,0.67777133,1,2
1,1,0.9886912,1,1
1,1,0.6779233,2,2
0,0,0.0022206667,9,1
1,1,0.9725825,1,1
0,0,0.020053288,1,2
1,1,0.97651243,6,1
0,0,0.18363535,8,1
0,0,0.01360879,1,2
0,0,0.24421012,9,2
1,1,0.80194616,6,2
0,0,0.0827783,1,2
1,1,0.6994025,1,2
0,0,0.021247314,1,2
1,1,0.63125896,1,1
1,1,0.52726406,8,1
0,0,0.032727335,1,1
0,0,0.10833071,9,2
0,0,0.1059268,1,1
0,0,0.3053757,1,2
0,0,0.13597359,1,1
1,0,0.23300932,1,1
1,1,0.93543917,6,1
0,0,0.05328243,8,2
0,0,0.018313335,6,2
0,0,0.0006130531,1,2
1,1,0.97549653,1,1
1,1,0.6782485,1,2
1,1,0.9085765,1,1
0,0,0.00067517784,1,2
0,0,0.12434075,8,1
1,1,0.96847767,1,1
1,0,0.034758437,1,1
0,0,0.082334824,8,1
0,0,0.11242251,8,1
1,1,0.7282946,1,2
0,0,0.20488624,8,2
1,1,0.50621516,8,2
1,1,0.60125357,1,2
0,0,0.08931174,1,1
0,0,0.07380443,8,1
0,1,0.5442916,1,2
0,0,0.21186756,1,1
0,0,0.3365622,1,1
1,1,0.5301945,1,1
1,1,0.9676415,9,1
0,0,0.0003183988,8,1
1,1,0.9285494,1,2
0,0,0.06243836,1,2
1,1,0.98140967,1,1
0,0,0.2706693,6,2
0,0,0.00090843515,1,1
0,1,0.89280593,1,2
1,1,0.6374085,9,1
1,1,0.9340989,1,1
0,0,0.0009526917,8,2
0,0,0.028093746,6,2
1,1,0.89863145,6,1
1,1,0.98282605,6,2
0,0,0.3094246,8,2
1,1,0.5443747,8,1
0,0,0.0033124888,6,2
0,0,0.2990532,9,2
0,1,0.8575464,1,2
1,1,0.97490996,9,1
0,0,0.028126797,8,2
0,0,0.043874733,8,2
1,1,0.80289197,1,1
0,1,0.67603546,2,2
0,0,0.25228518,9,1
1,1,0.7681177,1,2
0,0,0.3854125,6,1
1,0,0.40946516,9,1
0,0,0.0009816468,8,2
0,0,0.25873426,6,2
0,0,0.17534335,1,1
1,1,0.9034244,1,1
1,1,0.8611478,1,2
0,0,0.065898396,9,1
1,0,0.30842963,9,1
1,0,0.031781357,1,2
0,0,0.26227546,1,2
0,0,0.0004189133,9,2
1,1,0.8953622,1,1
0,1,0.50896275,8,2
0,1,0.87363416,1,2
1,1,0.5152866,1,1
0,0,0.00026377043,8,1
0,0,0.015953971,6,2
1,1,0.8725013,9,1
1,0,0.19101575,1,2
0,0,0.050268598,6,2
0,0,0.0069300514,1,2
1,1,0.93539196,1,2
0,0,0.094002254,8,2
0,1,0.6009093,1,2
1,1,0.9661491,1,2
1,1,0.9586128,1,1
1,1,0.9520519,6,2
1,1,0.99348056,1,1
0,0,0.001577601,8,2
0,0,0.11951148,6,1
0,0,0.0043321582,8,1
0,0,0.36890334,6,1
0,1,0.6017544,1,2
0,0,0.33709773,6,1
1,1,0.97643614,1,1
0,0,7.6631615e-05,8,1
1,0,0.49714416,1,1
0,0,0.022169152,8,1
1,1,0.9358155,1,1
1,1,0.9117095,9,1
0,0,0.037756093,8,2
0,0,0.17680143,9,1
1,1,0.9544507,6,1
0,0,0.08216344,1,2
1,0,0.31399003,9,1
0,0,0.27003774,1,1
0,0,0.37678683,1,2
0,1,0.8994662,8,1
0,1,0.8689482,1,1
0,1,0.99543166,1,2
1,1,0.7585732,9,1
0,1,0.671755,1,1
0,0,0.45280904,1,1
0,0,0.006118213,9,1
0,0,0.23070174,8,1
0,0,0.108884014,6,1
1,0,0.32801336,8,1
1,1,0.96301144,1,1
1,1,0.8521296,1,2
0,0,0.10747018,1,2
1,0,0.49624518,6,2
0,0,0.051056452,9,2
0,1,0.7249149,6,1
0,0,7.0362956e-05,9,2
1,1,0.66421604,1,2
0,0,0.28253418,9,1
0,1,0.8614976,6,1
0,0,0.0047940775,8,2
1,1,0.56919736,8,2
1,1,0.89475185,6,2
1,0,0.4927513,1,1
0,1,0.76672393,1,2
1,1,0.6127563,6,1
0,0,0.024773236,1,2
1,1,0.9480839,1,1
0,0,0.059659727,8,1
0,0,0.021051366,6,2
1,1,0.852264,9,2
1,1,0.9519408,1,1
1,1,0.87145513,9,1
1,1,0.8788017,6,1
1,1,0.8709265,6,2
1,1,0.9828262,6,1
1,0,0.17567787,1,2
1,1,0.9621132,9,1
1,1,0.9315305,6,1
1,0,0.45841363,1,1
1,1,0.9291178,6,1
1,1,0.97134215,3,1
1,1,0.95857483,6,1
1,1,0.9558933,1,1
0,0,0.15690425,1,2
1,0,0.16619147,1,1
0,1,0.6812327,1,2
0,0,0.0017491066,8,2
0,0,0.08948582,9,2
1,1,0.7250191,1,2
1,1,0.9258899,1,1
0,1,0.5965108,2,1
0,0,0.27885184,8,2
1,1,0.98657227,1,1
1,1,0.92776304,6,1
0,0,0.2788341,1,1
1,1,0.7617654,9,1
1,1,0.9061207,1,1
1,1,0.54032433,1,2
0,0,0.00603838,8,1
0,0,0.0003443791,6,2
1,0,0.31084055,8,1
1,0,0.35583815,1,2
0,0,0.035859652,2,2
0,0,0.14664519,8,1
1,1,0.9214641,9,2
1,0,0.3443216,9,2
0,0,0.30200076,1,2
0,0,0.22524121,6,2
0,0,0.0022348983,9,1
0,0,0.047313143,1,2
0,0,5.3992135e-05,1,2
1,1,0.95329535,1,1
1,1,0.7962606,1,2
1,1,0.92069626,1,2
1,1,0.96266997,9,1
1,0,0.117828146,2,2
1,0,0.44429567,6,2
1,1,0.84297115,1,2
0,0,0.0007657132,2,1
1,1,0.6869853,8,1
1,0,0.13624118,8,2
0,0,0.21410078,1,1
1,1,0.95726174,1,1
1,1,0.7896465,9,1
1,1,0.8399164,1,2
0,0,0.0043147104,1,2
0,0,0.024935806,8,2
0,0,0.0015030667,1,1
0,0,0.2692716,8,1
0,1,0.99317193,6,1
1,1,0.9432432,1,1
0,0,0.11944575,8,1
0,0,0.2490057,9,1
1,1,0.92101556,9,2
0,0,0.29187152,1,2
0,0,0.22764194,1,1
0,0,0.163086,9,2
1,1,0.74448556,9,1
1,1,0.54909956,1,2
0,0,0.40187144,6,1
0,0,0.0428375,9,1
0,0,0.013047375,1,2
1,1,0.9334673,6,2
0,0,0.0719004,2,2
0,0,0.013684367,8,1
1,1,0.9495639,1,1
1,1,0.9649322,1,1
0,0,0.067517474,8,2
1,1,0.89859325,8,1
1,1,0.58538944,1,2
0,0,0.044898108,9,2
0,0,0.14783463,9,2
1,0,0.36929217,8,2
1,1,0.92268974,6,2
1,1,0.9100989,1,2
1,1,0.9362199,6,1
1,0,0.042634215,1,2
0,1,0.84536225,1,1
1,1,0.9873869,1,1
0,0,0.124045625,1,2
1,1,0.9635477,1,2
1,1,0.9791358,9,1
0,0,0.13574249,1,1
0,0,0.0983323,8,1
0,0,0.3214977,6,2
0,0,0.0011557395,1,1
0,0,0.0031605,9,2
0,0,0.31484833,9,1
1,1,0.59302956,1,1
1,0,0.18371335,3,2
0,0,0.38526893,9,1
1,1,0.8143759,1,2
0,1,0.8692904,6,1
0,0,0.11534773,6,1
0,0,0.04112553,8,1
0,1,0.67318547,1,2
1,0,0.41684327,3,1
1,1,0.9013242,1,2
0,1,0.50749856,1,1
0,0,0.42709184,1,1
0,0,0.021435365,1,2
1,1,0.85555166,1,2
0,0,8.037131e-05,8,1
0,0,0.25133625,9,2
0,0,0.1856527,8,1
0,0,0.0038362446,1,2
0,1,0.877638,9,1
1,1,0.96204555,1,1
1,1,0.9080001,1,1
0,0,0.10233156,1,2
1,1,0.8098242,6,2
1,1,0.64319855,8,2
0,1,0.75174904,8,2
0,0,0.015562499,6,2
1,1,0.8593008,9,1
1,1,0.9271722,1,1
1,1,0.84975946,1,1
0,0,0.32513684,9,2
1,0,0.27212515,1,2
0,0,0.4349985,8,1
1,0,0.23946248,8,1
0,0,0.055587616,8,1
0,0,0.05895553,8,1
1,0,0.0534563,8,2
0,0,0.35731,1,2
0,0,0.16969956,6,1
1,1,0.8261095,6,1
0,1,0.9314683,1,1
1,1,0.9646184,6,1
0,0,0.21913448,9,1
1,1,0.98255587,1,2
1,1,0.89136773,1,2
0,0,0.0024779332,8,2
0,0,0.010251805,8,2
1,1,0.60644877,8,1
0,1,0.5599402,1,2
1,1,0.9111341,1,1
1,1,0.9936826,9,2
1,1,0.99964595,1,1
1,0,0.49612707,1,2
1,1,0.7586777,1,1
0,0,0.0045082173,6,2
0,0,0.013725746,1,2
1,1,0.8962628,1,2
1,1,0.928018,1,2
1,1,0.99423015,9,1
1,1,0.97869885,6,1
0,0,0.0064812126,8,1
1,1,0.87778354,1,2
1,1,0.8274631,9,2
0,0,0.0038286354,2,2
0,1,0.6454819,8,1
0,1,0.937706,9,1
0,0,0.0030081575,9,2
1,1,0.9197516,1,1
1,0,0.43642423,9,1
1,1,0.64468205,6,1
1,1,0.86875314,8,1
1,1,0.9113594,6,2
1,1,0.8558397,1,2
1,1,0.9824667,1,2
1,1,0.5668572,1,1
1,1,0.8225753,1,1
1,1,0.7113629,1,2
0,0,0.14223872,1,1
0,0,0.30601633,1,2
1,0,0.25816944,1,1
0,0,0.05244519,9,1
0,1,0.662312,1,1
1,0,0.38213423,1,1
0,0,0.0013784637,8,2
1,1,0.90193367,1,2
1,1,0.85548764,9,2
0,0,0.39616767,9,2
1,1,0.79853755,1,2
0,0,0.06269443,1,2
0,1,0.82600147,2,1
1,0,0.4191837,6,1
1,1,0.8318924,6,1
0,1,0.6123164,8,2
0,0,0.002616745,1,2
1,1,0.9276844,2,1
1,1,0.98538315,6,2
0,0,0.18293269,9,1
0,0,0.30056444,9,2
1,1,0.95202917,1,1
1,1,0.64390165,1,2
1,1,0.5892952,1,1
1,1,0.75143945,1,1
0,0,0.2954197,1,1
0,0,0.034024592,1,2
1,1,0.98444957,1,2
0,0,0.03789454,8,2
0,1,0.73460174,6,1
1,1,0.88882464,1,1
1,1,0.5470369,1,2
0,0,0.44224605,8,2
0,0,0.43822595,8,1
1,1,0.8135265,9,2
1,1,0.79647917,8,1
0,0,0.30602008,1,1
1,1,0.88545007,6,1
0,0,0.12084726,9,1
0,0,0.11006911,6,2
1,1,0.8780037,9,2
1,1,0.9536599,2,1
0,0,0.00056296634,1,1
1,1,0.832669,9,1
1,1,0.92560506,1,2
0,0,0.0016066809,2,1
0,1,0.80845666,9,1
0,1,0.9799875,1,1
0,0,0.046151254,9,2
0,0,0.29311064,6,1
0,1,0.64000607,1,2
0,0,0.039579235,1,2
1,1,0.977521,6,1
0,0,0.03387198,8,1
0,0,0.011629168,8,1
1,1,0.92258453,6,2
0,0,0.103175186,1,2
0,0,0.0020307947,9,2
1,1,0.9631657,9,1
1,1,0.9994616,1,1
0,1,0.7534051,1,2
1,1,0.80983007,6,2
0,0,0.070607126,9,2
1,1,0.75431085,1,2
1,1,0.61523664,9,1
1,0,0.30419424,1,2
1,1,0.90299386,6,2
1,1,0.60475403,1,2
0,1,0.73600805,6,2
1,1,0.80955553,6,1
1,0,0.399014,1,1
1,0,0.33903152,6,2
0,0,0.058132198,3,2
1,1,0.74492764,1,2
0,0,0.04941968,1,2
0,0,0.19045277,8,2
1,0,0.24585189,9,2
0,0,0.15441875,1,2
1,1,0.928975,1,2
0,0,0.104179084,1,1
0,0,0.029599616,8,1
1,1,0.882477,1,2
1,1,0.7812656,1,2
0,0,0.034336556,8,1
0,1,0.60983795,6,1
1,1,0.89303267,1,1
1,0,0.43903506,1,2
1,1,0.944552,1,2
0,0,0.04833599,6,1
0,0,0.41782203,8,1
0,0,0.0024295049,9,1
1,1,0.9949714,1,1
0,1,0.942112,6,2
0,1,0.9129154,1,2
1,1,0.81010693,1,1
0,0,0.12093528,9,1
1,1,0.93755436,9,1
0,0,0.05164098,8,2
1,0,0.28742754,1,2
1,1,0.8975544,2,1
0,1,0.99307525,1,1
0,1,0.9449673,1,2
1,1,0.98161674,1,2
0,0,0.0068775476,9,2
0,0,0.0009928714,1,2
1,1,0.96530014,1,1
1,1,0.6395304,6,2
1,0,0.46150753,9,2
0,1,0.8320635,1,1
1,0,0.35454133,9,2
0,0,0.4439099,6,1
0,0,0.3619735,1,2
1,1,0.99278426,9,2
1,1,0.7298163,9,2
0,0,0.08709076,8,2
0,0,0.0015769807,1,1
0,0,0.34600937,8,2
0,1,0.6943616,1,1
1,1,0.92570233,6,2
0,0,0.06087767,8,2
1,1,0.63233346,1,1
0,0,0.089825645,9,1
1,1,0.9686234,1,2
0,0,0.021260759,9,1
1,1,0.5044694,1,2
1,1,0.66658294,6,2
1,1,0.87139016,6,1
1,1,0.9832939,6,1
1,1,0.91617495,6,1
0,0,0.0070249285,1,1
0,0,0.0037417482,8,2
1,1,0.9409027,1,2
1,1,0.91264343,1,1
0,1,0.80382293,1,1
0,0,0.46827745,1,1
0,1,0.5261436,1,2
0,0,0.13355584,8,1
1,1,0.79432625,1,2
1,1,0.708878,9,1
1,1,0.99941957,6,1
1,1,0.99062717,1,1
0,0,0.34511578,1,2
1,1,0.86379236,1,2
1,1,0.91553813,1,1
1,1,0.86768997,1,1
1,1,0.72255075,3,1
0,1,0.8431447,6,2
0,0,0.36238837,8,2
1,1,0.88780504,1,1
0,0,0.048684765,1,2
0,0,0.0038720882,1,2
0,0,0.29656118,8,1
0,1,0.5623227,8,2
0,0,0.029583255,1,2
0,0,0.0006119463,1,2
0,0,0.003822927,8,2
0,0,0.16708623,1,1
0,0,0.004937566,7,2
0,0,0.29877728,1,2
1,0,0.22517495,6,1
0,0,0.049175687,9,2
0,0,0.49554,8,1
1,1,0.9196503,1,1
0,0,0.011974089,6,2
1,1,0.76893663,1,2
0,0,0.2768385,8,1
1,1,0.7147622,1,1
1,1,0.97524345,6,1
0,0,0.0062626135,8,2
0,0,0.29527214,8,1
1,1,0.993381,1,1
0,0,0.15387991,2,2
1,1,0.987678,6,2
1,0,0.25936148,9,1
0,0,0.3989874,9,1
0,0,0.009011065,1,1
0,0,0.09137547,9,2
1,1,0.8300098,1,1
1,1,0.75196844,8,1
0,0,0.21394764,8,1
0,0,0.044214606,9,2
0,0,0.17155266,8,1
1,1,0.7938527,1,2
1,1,0.98722005,1,1
0,0,0.006710423,9,2
1,1,0.96869856,1,2
1,1,0.9752284,6,1
1,1,0.89294744,1,1
1,1,0.9981502,1,1
1,1,0.9190479,9,1
0,0,0.0326136,6,1
0,0,0.00014938945,8,2
0,1,0.7057083,3,2
0,0,0.14866745,2,1
0,0,0.0036014328,8,2
0,0,0.41687387,8,1
1,1,0.6826092,6,2
1,1,0.98233277,1,2
1,1,0.97297996,1,1
1,1,0.5573547,9,1
1,1,0.8430537,9,2
0,0,0.008193627,1,2
0,1,0.7333856,1,1
0,0,0.2855869,8,1
1,0,0.308875,1,1
1,1,0.8603585,6,2
0,0,0.028411264,8,1
1,1,0.8592926,8,2
1,1,0.9566237,1,2
0,0,0.029184222,3,2
0,0,0.0073456457,1,1
1,1,0.65327215,1,2
0,1,0.9926801,1,1
0,0,0.07438537,8,1
0,0,0.016653277,6,2
0,0,0.037575435,1,2
1,1,0.84500706,6,1
1,1,0.9462411,6,1
1,1,0.9635007,1,1
1,1,0.8159124,1,2
0,0,0.026962254,9,1
1,1,0.9894187,6,2
0,0,0.009730925,1,2
1,1,0.7114246,8,1
1,1,0.82575196,1,1
1,1,0.6021755,9,1
1,1,0.9697114,1,1
0,0,0.03961037,1,1
0,0,0.00094288273,9,1
0,0,0.0051674494,9,1
0,0,0.05574907,6,2
1,1,0.6242897,1,1
0,0,0.02149367,9,2
1,0,0.4294717,8,2
1,1,0.8691399,2,1
0,0,0.0014252275,9,1
1,1,0.83490765,1,2
0,0,0.21718723,8,2
0,0,0.009700984,2,1
0,0,0.0119496975,6,2
1,1,0.85894185,9,1
1,1,0.9465882,1,2
0,1,0.5465408,6,2
0,0,0.274914,8,2
0,1,0.69536513,1,1
0,0,0.46280244,6,2
1,1,0.5876888,1,1
1,1,0.70087856,1,1
0,0,0.05465196,2,2
0,0,0.003982272,8,1
0,0,0.4401067,1,2
0,0,0.21852863,8,1
0,0,0.3012004,1,2
0,0,0.02252012,8,2
0,0,0.108832434,6,1
1,1,0.9934517,9,2
1,1,0.9404131,2,1
1,1,0.91705364,8,1
0,0,0.22911346,6,2
0,0,0.21832675,3,1
1,1,0.89590794,9,1
1,0,0.39517537,2,2
0,0,0.083270766,9,1
1,1,0.85606796,6,2
1,1,0.9503699,1,1
1,1,0.9389889,1,1
1,1,0.6343707,1,1
1,1,0.925405,6,2
0,0,0.4021055,2,2
0,0,0.019509869,9,2
0,0,0.4853558,2,2
0,0,0.377343,9,1
1,1,0.95399934,6,1
1,1,0.95618194,9,2
1,1,0.99371207,1,1
1,1,0.90590423,9,2
1,1,0.9463775,1,1
1,1,0.71664304,1,1
1,1,0.8523294,1,1
0,1,0.88501674,1,1
1,1,0.95623666,1,2
1,1,0.9489524,9,1
1,1,0.7049697,8,1
0,0,0.27276188,2,2
0,0,0.08467746,8,1
0,0,0.034474503,9,1
0,0,0.01982833,8,2
1,0,0.12973762,8,1
1,1,0.7285213,1,2
0,0,0.08452076,1,2
1,1,0.9465514,1,1
0,0,0.02500333,8,1
1,1,0.9386091,1,1
0,0,0.18979205,1,2
1,1,0.8405568,1,1
0,0,0.0958046,1,2
0,0,0.18107045,8,2
1,1,0.9052364,9,1
0,0,0.004543372,6,1
1,1,0.788391,1,1
0,0,0.00887541,2,2
0,0,0.3967946,8,1
0,0,0.18988942,8,1
1,1,0.9512493,6,2
1,1,0.84197414,1,2
0,0,0.09971007,1,2
1,1,0.9839077,9,2
1,0,0.20904844,1,1
1,1,0.8882276,1,1
1,1,0.7357909,1,2
1,1,0.9906811,6,2
0,1,0.66819084,6,2
0,0,0.3099375,6,1
0,0,0.003057173,1,1
0,0,0.43099907,6,2
1,1,0.9237857,1,1
0,1,0.6647336,6,2
1,1,0.8734112,1,1
1,1,0.5420247,8,1
1,1,0.83649075,9,2
1,0,0.35203972,9,1
0,0,0.11663711,9,2
1,1,0.82625586,6,1
1,1,0.9830935,1,2
1,1,0.7336631,9,2
1,0,0.37321183,6,1
0,0,0.15155149,1,1
0,0,0.026464669,8,2
0,0,0.07122711,9,2
1,1,0.9547153,1,2
0,0,0.13880564,8,2
0,0,0.40085486,1,2
1,1,0.94757706,1,2
1,1,0.9456653,1,1
1,1,0.8596239,1,2
0,0,0.04826479,1,2
0,0,0.0023405657,8,2
0,1,0.85632104,1,2
0,0,0.26206958,1,2
0,0,0.053511012,8,2
1,1,0.745647,1,2
1,1,0.8595066,1,2
1,0,0.46147496,1,1
0,0,0.010011614,8,2
0,0,0.13241199,6,2
1,1,0.89508635,9,1
1,0,0.4518804,6,1
0,0,0.46110037,1,1
1,1,0.9647821,6,2
1,1,0.9824845,1,1
0,0,0.028861376,1,2
0,0,0.18055423,9,1
1,0,0.00996245,2,2
0,0,0.15458427,8,2
0,0,0.38214198,6,1
0,0,0.0037274307,9,1
0,1,0.9902952,1,1
0,0,0.4821305,1,1
0,1,0.58169705,6,1
1,1,0.8242969,1,1
0,1,0.96783954,1,2
0,0,0.17379557,9,2
1,1,0.95882136,9,1
1,1,0.78039235,6,2
1,0,0.29344538,9,2
1,1,0.8904672,2,1
0,0,0.037834052,8,1
1,1,0.60142285,8,2
0,0,0.1475009,1,2
0,0,0.3140036,9,1
1,1,0.9658409,1,1
0,0,0.001516413,9,1
0,0,0.17094919,8,1
0,0,0.008706276,6,2
0,0,0.0005149068,9,1
1,1,0.93883616,1,1
0,0,0.23748125,1,1
0,0,0.18073781,9,2
1,1,0.9340165,1,1
1,1,0.9025681,6,1
0,0,0.029690286,1,2
0,1,0.520076,6,2
1,0,0.38419536,1,1
0,0,0.2596647,9,2
1,1,0.58426976,9,1
1,1,0.9146482,1,1
1,1,0.95312136,6,1
0,0,0.0021804308,1,2
1,1,0.94722056,1,1
0,0,0.015924614,9,2
0,0,0.0016429096,1,2
0,0,0.009946927,6,2
0,0,0.00034816714,6,2
1,1,0.9904169,9,1
1,1,0.89713854,8,1
0,0,0.011626197,8,2
1,1,0.96731967,1,1
1,0,0.081655905,8,2
1,1,0.6391112,6,1
1,1,0.6950661,1,2
1,1,0.95646954,2,2
0,0,0.1452555,6,1
1,1,0.979518,1,1
0,0,0.29060543,6,1
1,1,0.96988374,1,1
1,0,0.37378284,3,1
0,0,0.018040905,6,1
0,0,0.13571544,1,1
1,1,0.82919526,6,1
1,1,0.8407454,1,1
0,1,0.6384344,1,2
0,0,0.004193306,6,2
1,1,0.9880983,1,1
0,0,0.0002189002,9,1
0,1,0.80784005,1,1
0,0,0.3714119,1,2
0,0,0.0037660415,9,1
0,0,0.084013805,1,1
1,1,0.87496775,1,1
1,0,0.31988245,1,2
0,0,0.40040225,9,1
1,1,0.772531,6,2
1,1,0.8922314,1,1
0,0,0.019959854,1,2
0,1,0.88923997,8,1
0,0,0.15071824,2,2
1,1,0.82311666,1,1
1,1,0.61326265,8,1
1,1,0.9954466,1,1
0,0,0.033964433,9,2
1,1,0.7953273,1,1
1,1,0.92789745,1,1
1,1,0.90342975,9,2
0,0,0.06277428,6,2
1,1,0.7379355,6,1
0,0,0.10861766,8,1
0,0,0.15748322,6,2
1,1,0.8536117,1,2
0,0,0.20449565,1,2
0,0,0.00054729695,1,1
0,0,0.000172913,1,2
0,0,0.0015661347,9,1
0,0,0.009022254,8,2
0,0,0.24995884,1,1
0,0,0.048807997,8,2
0,0,0.0645556,1,2
1,1,0.7846926,6,1
1,1,0.7426291,1,1
1,1,0.98280257,1,1
1,0,0.49938256,1,1
1,1,0.757967,1,2
0,1,0.5177268,6,2
1,1,0.8421097,8,2
1,1,0.89802635,1,1
0,0,0.013711385,6,1
1,0,0.33946773,1,2
1,1,0.9258705,1,1
0,1,0.8289347,9,1
0,0,0.003056583,1,2
0,0,0.04179914,9,1
0,0,0.36124417,6,2
0,0,0.23090087,2,1
0,0,0.15958142,1,2
0,1,0.7168753,6,2
0,0,0.0008042986,9,1
1,1,0.5494618,1,2
0,0,0.27992752,1,1
0,0,0.0012458202,1,2
0,0,0.12068753,1,2
0,0,0.018797688,9,1
1,1,0.84996235,1,1
0,0,0.009081552,9,2
0,0,0.08630513,1,1
1,1,0.98085517,1,1
0,1,0.7898843,1,1
1,1,0.868284,6,2
0,1,0.7714542,1,1
0,0,0.0023682783,1,2
0,0,0.052959394,2,2
1,1,0.8794078,1,2
0,1,0.7433521,1,1
0,0,0.18177669,6,1
0,0,0.035715893,6,2
0,0,0.022981308,6,1
0,0,0.004281216,8,2
0,0,0.022534188,8,1
0,0,0.0038888576,8,1
1,1,0.97857946,1,1
0,0,0.10390381,1,2
0,0,0.07105633,1,1
0,1,0.8346872,1,2
1,1,0.91227347,1,1
1,1,0.60108554,6,2
1,1,0.9448831,8,2
1,1,0.882638,6,1
0,0,0.00024382099,1,2
0,0,0.1586145,6,2
0,0,0.070848525,9,1
1,1,0.9624905,1,2
1,1,0.58732647,8,1
0,0,0.3577185,9,1
1,1,0.9938443,2,1
1,1,0.964972,1,1
1,0,0.362376,6,1
1,1,0.9951538,6,2
0,0,0.036555525,6,1
0,0,0.0029540786,8,2
0,0,0.35197082,9,2
1,1,0.6242683,1,1
0,0,0.054321688,8,1
0,1,0.6319032,8,1
1,1,0.90623826,1,2
1,0,0.4925106,1,1
1,1,0.9657687,1,2
1,1,0.9039297,1,1
1,1,0.71929723,6,1
0,1,0.66264486,1,2
0,0,0.28857788,8,2
1,1,0.88794637,3,2
0,0,0.14659268,9,1
1,1,0.9644813,1,1
1,1,0.75809085,1,1
1,1,0.73675686,1,1
1,1,0.9820547,1,1
1,1,0.9879248,1,1
0,0,0.010048999,1,2
0,1,0.6720587,9,1
0,0,0.07325486,6,1
0,0,0.15999179,3,1
1,1,0.8040566,6,1
1,1,0.99088913,6,1
1,1,0.9821452,1,2
1,1,0.9026463,1,2
1,0,0.27769518,2,1
1,0,0.21528617,1,2
0,0,0.25692335,8,2
0,0,0.4876833,1,2
0,1,0.8225137,1,1
0,0,0.34777084,1,1
1,0,0.17057715,6,2
1,1,0.78437734,9,1
1,1,0.9339551,8,2
1,1,0.9792373,6,1
1,1,0.95329845,6,1
1,1,0.91433024,1,1
0,1,0.8047819,2,1
0,0,0.03390753,1,1
1,1,0.6095824,1,1
1,1,0.97144485,1,1
1,1,0.97770905,9,2
0,0,0.1279739,1,1
1,1,0.9311935,1,1
1,1,0.8194128,1,2
1,1,0.94436914,1,1
0,0,0.021785611,8,1
0,0,0.48584953,1,2
1,1,0.85694325,6,2
0,0,0.20996673,1,1
0,1,0.6834002,6,2
1,1,0.8785393,1,1
0,0,0.012098392,9,1
0,0,0.046599574,9,1
0,0,0.4077203,1,1
1,1,0.91008675,1,1
0,0,0.027254097,9,2
0,0,0.055069346,6,2
0,0,0.052387886,9,1
0,0,0.03226327,1,1
0,0,0.2714876,6,1
0,0,0.010957091,8,2
0,0,0.0010897362,1,1
1,1,0.8518908,1,1
1,1,0.8482937,1,1
0,1,0.81591284,6,2
0,0,0.08365075,8,2
1,1,0.8181262,1,2
0,0,0.03152066,1,1
1,1,0.9970511,1,1
0,0,0.10004181,8,2
0,0,0.20178072,6,1
0,0,0.004540481,3,1
0,0,0.0026706147,8,2
0,0,0.035484284,1,2
1,1,0.9929293,1,2
0,0,0.3298314,1,2
0,0,0.14231586,6,2
0,0,0.075262845,6,1
0,0,0.0012437885,1,2
0,0,0.23143703,8,2
1,1,0.9257045,1,2
0,0,0.18930365,8,1
0,1,0.9106068,1,2
0,0,0.12188902,8,1
0,0,0.019562386,2,1
0,0,0.0037948466,9,2
0,0,0.009324441,1,1
1,0,0.47981426,8,2
0,1,0.7542436,8,2
1,0,0.106804624,8,1
1,1,0.6315593,9,1
1,1,0.6825911,1,1
0,0,0.0036418322,6,2
0,0,0.0054811304,8,2
0,0,0.4085411,1,1
0,0,0.0029011955,8,2
1,1,0.9944621,9,1
1,0,0.45467007,8,1
0,0,0.2012689,1,2
0,0,0.0094987815,6,1
0,1,0.8911279,9,2
1,1,0.9515744,1,2
1,1,0.8567716,1,1
0,0,0.18406934,9,1
1,1,0.99038565,6,2
1,1,0.9123516,9,1
1,1,0.817652,1,2
1,1,0.98919094,9,1
0,0,0.107434094,1,2
0,0,0.00083031633,1,2
0,1,0.8041745,6,1
0,0,0.091781124,3,2
0,0,0.26585057,1,2
0,0,0.11749476,9,1
0,0,0.01328394,9,2
0,0,0.08892442,8,1
1,1,0.6843669,8,1
1,1,0.88566977,6,2
0,0,0.018450668,6,2
0,0,0.22100432,9,2
0,0,0.30634505,8,1
1,1,0.9593298,1,2
1,1,0.9700819,9,2
1,1,0.97470844,1,1
1,1,0.8771607,1,1
0,0,0.25743777,6,1
1,1,0.6629568,6,2
1,1,0.8661903,6,1
0,1,0.94022286,2,1
0,0,0.010026569,6,2
0,0,0.14396563,8,2
1,1,0.8470935,6,1
1,1,0.9583979,1,1
1,0,0.28997293,1,2
0,0,0.016101772,8,2
1,1,0.8103183,8,2
0,0,0.007800133,9,1
0,0,0.07352502,8,1
0,0,0.04679752,1,2
1,1,0.9286628,1,2
1,1,0.7760946,6,2
0,0,0.07231368,9,1
1,1,0.9821539,1,1
0,0,0.3388983,6,2
0,1,0.7453064,9,2
1,1,0.9617098,1,1
1,1,0.7212128,8,2
0,0,0.11837825,8,2
1,1,0.90686584,1,1
0,0,0.23748095,9,2
1,1,0.7556492,6,1
1,1,0.7135595,8,1
0,1,0.52385384,9,1
0,0,0.0002107098,2,2
1,1,0.8143636,1,2
0,0,0.15914357,8,2
0,0,0.39847523,6,2
0,1,0.73058873,8,1
0,0,0.22850922,6,2
1,1,0.9504305,8,2
0,0,0.28049806,9,2
0,0,0.0018308731,9,2
1,1,0.9054815,1,2
1,1,0.7131296,6,2
1,1,0.5562336,1,1
1,1,0.9472417,1,1
1,1,0.7395296,3,2
1,1,0.85365194,1,2
1,1,0.53569233,9,1
0,0,0.0003744192,6,2
0,0,0.14727321,8,1
0,0,0.39818108,1,1
0,1,0.659587,1,1
1,0,0.1155293,1,1
0,0,0.46635184,1,1
1,1,0.6930783,1,1
0,0,0.00037436263,6,1
0,0,0.004893331,7,1
0,1,0.9573343,1,1
0,0,0.12534042,1,2
1,1,0.94516045,1,2
1,1,0.7817522,8,2
1,1,0.9434961,1,2
1,1,0.94726217,9,1
0,0,0.03612416,6,2
0,0,0.20502445,9,1
0,0,0.02543339,6,1
1,1,0.91959023,1,2
0,0,0.00445042,8,2
0,0,0.0036831095,9,1
1,1,0.7493905,6,2
1,1,0.93840283,6,1
0,0,0.010931516,8,2
0,0,0.004252531,1,1
1,0,0.24677329,8,1
1,1,0.98166764,1,1
1,1,0.7298324,1,1
0,0,0.13194633,6,1
0,0,0.004963086,6,1
0,1,0.7521869,6,2
1,1,0.8203073,9,2
1,0,0.16615924,1,2
0,0,0.12756766,9,1
0,0,0.3022657,1,1
1,0,0.4985027,1,1
0,0,0.26067838,9,2
0,0,0.0086178165,6,1
1,1,0.6873502,1,2
1,1,0.9902867,1,1
0,0,0.21466528,1,2
1,1,0.9230695,1,1
1,1,0.76733893,8,1
1,0,0.051103707,1,1
0,0,0.08384073,8,2
1,0,0.46544844,1,1
1,1,0.6110628,2,2
0,0,0.28778923,9,1
0,0,0.0017132489,1,1
0,0,0.041786816,9,2
0,0,0.1824065,9,1
1,1,0.95384717,9,1
1,1,0.7176898,6,1
0,1,0.5092981,1,2
1,1,0.9786236,1,1
0,0,0.016055897,6,2
1,1,0.95216024,9,2
1,0,0.25548196,1,2
1,1,0.754654,6,2
0,1,0.5281694,9,2
1,1,0.88417476,6,2
1,1,0.9870292,1,1
0,0,0.20056944,1,2
0,1,0.9125205,1,1
0,0,0.026463827,9,1
1,0,0.14071946,1,1
0,0,0.027446013,8,1
1,1,0.8716219,1,1
0,0,0.20798329,8,1
0,0,0.0014324575,6,2
0,1,0.9018282,1,1
0,1,0.85947,6,2
0,0,0.35208368,8,2
0,0,0.1996396,1,2
1,1,0.8708947,6,1
0,0,0.36792785,1,2
1,0,0.25043,9,2
1,0,0.20865008,1,2
1,1,0.9182231,1,1
0,1,0.8526341,8,2
1,1,0.9704949,1,1
1,1,0.89690655,9,2
0,0,0.014382458,8,1
0,0,0.060365602,9,2
0,1,0.5114014,6,2
0,0,0.026991231,8,2
1,1,0.99177116,1,1
0,1,0.93058866,1,1
1,0,0.13953418,8,1
1,1,0.9391845,1,2
1,1,0.99718684,1,1
1,1,0.97091067,6,2
0,0,0.005601868,9,1
1,1,0.6291226,1,2
1,1,0.7620637,1,1
1,0,0.4029519,6,2
0,1,0.6912703,1,2
0,0,0.28132465,6,1
1,1,0.98803353,6,1
1,1,0.6255942,8,1
1,1,0.99243915,2,1
1,1,0.78418744,6,1
0,0,0.026451891,8,2
1,0,0.1219384,8,1
1,0,0.33875653,1,2
1,1,0.65305805,6,1
1,0,0.15453167,6,1
1,1,0.50739366,1,2
1,0,0.140934,9,1
1,1,0.5765401,1,2
1,1,0.70214266,1,1
0,0,0.28295246,1,1
1,1,0.92542404,6,2
0,1,0.92605734,1,1
1,1,0.7439086,9,1
1,1,0.9245532,1,1
0,0,0.012868496,6,1
0,0,0.04442383,8,1
0,0,0.009805983,8,1
0,0,0.03727207,6,1
1,1,0.98202884,1,1
0,0,0.2943401,1,1
0,0,0.005789686,1,2
1,1,0.86493427,1,2
1,1,0.8086097,8,1
0,0,0.23093371,9,1
1,0,0.43097213,8,2
1,1,0.94925565,1,1
0,0,0.021615414,6,2
1,1,0.89290226,6,2
0,0,0.020266011,8,2
1,1,0.9801082,1,1
1,1,0.90732825,6,2
1,1,0.96754575,1,1
0,0,0.015681913,2,2
1,1,0.74863666,6,2
0,0,0.11456376,1,1
0,0,0.03168106,1,1
0,0,0.08900512,1,2
1,1,0.85380167,1,2
1,1,0.88774246,1,1
0,0,0.49271953,1,1
1,1,0.8370117,2,2
1,1,0.9905301,9,2
1,1,0.7724281,6,2
1,1,0.9823245,1,2
1,1,0.983163,1,1
1,1,0.9097726,9,2
0,0,0.31893027,6,2
1,1,0.9712524,1,2
0,0,0.12781636,8,2
0,0,0.03429645,6,2
1,1,0.9733522,6,1
1,1,0.63553727,6,2
1,1,0.8510552,1,1
0,1,0.6729014,8,1
1,0,0.24417995,6,1
1,1,0.9230584,2,1
0,1,0.881963,1,2
1,1,0.92941356,6,1
0,0,0.004591854,6,2
0,0,0.0034829476,1,1
0,0,0.002827892,6,2
0,0,0.055396438,1,2
0,0,0.005558896,6,2
1,0,0.01143778,1,2
1,1,0.96149564,6,1
1,1,0.9942736,1,1
1,1,0.9015503,1,2
0,1,0.8010026,1,1
0,0,0.0020636232,8,2
1,1,0.97585416,1,1
0,0,0.31910193,1,2
1,1,0.8346814,6,1
0,0,0.0006512648,8,1
1,1,0.72452134,1,1
0,0,0.013762363,1,1
1,1,0.95932275,6,1
0,0,0.39213902,8,1
1,1,0.98346704,6,2
0,0,0.0041417964,6,2
0,1,0.8655359,1,2
1,1,0.95993423,1,1
0,0,0.081788376,1,1
0,0,0.2755678,1,2
0,0,0.3701652,2,2
0,0,0.0012587144,6,1
0,0,0.033397272,8,2
1,1,0.70775545,1,2
1,1,0.8549034,1,1
0,1,0.5324527,6,2
1,1,0.8962134,1,2
1,1,0.9772979,1,1
0,1,0.56307167,9,2
0,1,0.8724879,9,1
0,0,0.13398738,9,2
1,0,0.09403765,8,2
1,1,0.69461393,8,1
1,0,0.030716715,1,1
0,1,0.9165971,1,1
1,1,0.7070854,1,2
0,0,0.20390901,2,1
1,1,0.6906769,3,2
1,1,0.8611423,9,2
1,1,0.85544705,1,1
1,1,0.8646469,6,2
1,1,0.9890683,1,1
1,1,0.82226443,1,2
0,0,0.0021041569,2,2
0,0,0.00047422573,2,1
1,1,0.993743,6,1
0,1,0.94045687,1,2
0,1,0.60756916,9,2
1,1,0.98332995,1,2
0,1,0.8549537,9,1
1,1,0.85860926,6,2
0,0,0.13031244,1,2
0,0,0.02426306,1,2
0,0,0.023241872,8,1
1,1,0.9337879,6,1
1,1,0.97923124,6,1
1,1,0.75533766,1,2
1,1,0.57742894,9,1
0,0,0.027798058,7,1
1,1,0.94597733,1,1
0,0,0.105403475,1,2
0,0,0.010272354,8,2
0,1,0.69936395,6,1
0,0,0.37144193,8,1
1,1,0.86557466,6,2
0,1,0.8173827,1,1
1,0,0.1135777,6,1
0,1,0.6322615,1,1
0,0,0.010979567,9,2
1,1,0.50647,1,1
1,0,0.31485388,8,1
0,0,0.014549513,9,2
1,1,0.96505773,1,1
1,1,0.7948602,8,2
0,0,0.00054043875,8,2
0,1,0.80972224,6,2
0,0,0.0138315,8,2
1,1,0.94576424,1,1
0,1,0.5607691,6,2
0,0,0.00096165854,6,1
1,1,0.8304595,1,1
0,0,0.10156008,9,1
1,1,0.5269072,6,2
1,0,0.40283576,8,1
1,1,0.9841942,1,1
1,1,0.6070907,1,1
0,1,0.8533642,6,2
1,1,0.8376283,1,1
1,0,0.19012451,8,1
0,1,0.6482956,6,2
0,1,0.7723985,1,1
1,1,0.594438,2,2
0,0,0.01182373,1,1
1,1,0.81795096,2,1
0,0,0.39922264,9,2
0,0,0.07893291,1,2
1,1,0.7135008,1,1
0,0,0.46983558,1,1
0,0,0.3947487,1,1
1,1,0.5836484,1,2
0,0,0.27543455,1,2
0,0,0.00026040035,2,2
1,1,0.9668529,1,1
1,1,0.96983904,1,1
1,1,0.96320367,1,2
1,1,0.9564944,6,2
0,0,0.055193894,1,2
1,1,0.7753323,8,2
1,1,0.9897105,1,1
0,0,0.048146132,6,1
0,0,0.069165826,9,2
0,0,0.086791195,1,2
0,0,0.0054719388,6,2
1,1,0.99297607,1,1
1,1,0.9980521,1,1
1,1,0.8341845,1,2
1,1,0.9918799,1,1
1,1,0.9843508,1,1
0,0,0.32068035,2,1
0,1,0.57874364,2,2
1,1,0.93600553,1,2
0,0,0.046150293,9,2
0,0,0.27304313,8,1
0,0,0.4147284,6,2
1,0,0.25987345,9,2
1,0,0.23673548,1,2
1,1,0.77628106,6,2
1,1,0.97894955,1,1
0,0,0.106574744,1,1
0,0,0.14489463,9,1
1,1,0.8549836,1,2
0,0,0.018235479,8,1
0,1,0.58998334,9,1
0,0,0.09202123,1,2
0,1,0.9178586,6,1
1,1,0.9461864,1,2
0,1,0.7159608,8,1
0,1,0.92308855,9,1
0,1,0.90886897,9,2
0,0,0.29608828,9,1
0,0,0.09711218,1,1
1,1,0.9820431,6,2
1,1,0.97812986,1,2
0,0,0.37899354,2,2
1,0,0.102788925,6,2
1,1,0.910543,1,2
0,0,0.006502335,8,2
0,0,0.10909838,8,2
0,0,0.19344743,1,1
0,0,0.06809172,9,1
1,1,0.8901636,6,1
1,1,0.8381738,1,2
0,0,0.00078830007,1,1
0,0,0.00089911744,3,2
0,1,0.50677663,1,1
1,1,0.90173036,1,1
0,0,0.18417108,6,1
1,0,0.43095678,1,2
0,1,0.6998623,6,2
1,1,0.9491742,1,2
0,0,0.044692043,1,1
0,0,0.029236084,1,2
1,1,0.8743718,1,2
1,1,0.98094946,6,2
0,0,0.036281645,1,1
0,0,0.48081267,1,2
0,0,0.27010536,2,2
1,1,0.735978,1,1
0,0,0.30111173,6,2
1,1,0.8385014,8,2
0,0,0.036617067,8,2
0,0,0.014943493,8,1
1,1,0.84225523,1,1
1,1,0.61690414,1,2
1,0,0.3051277,8,1
0,1,0.91678756,1,2
0,1,0.54104203,1,1
0,0,0.021696609,8,2
1,1,0.98758996,6,1
0,0,0.26650357,8,1
0,0,0.15891299,1,2
0,1,0.7406753,1,1
1,1,0.9082197,6,1
1,1,0.9035371,1,2
1,1,0.9672071,1,1
0,0,0.0014853736,1,2
1,1,0.81410563,2,2
0,0,0.01788925,1,2
1,1,0.7230354,1,1
0,0,0.051240347,1,2
1,1,0.95219135,2,1
1,1,0.9673004,9,1
0,0,0.092844754,8,2
0,0,0.3447821,8,1
0,0,0.024989642,9,2
0,0,0.09140004,6,2
0,0,0.21551798,2,1
1,1,0.7332753,1,2
0,0,0.050023198,8,2
0,0,0.0022487028,6,2
0,0,0.08767784,1,2
1,1,0.9612092,6,2
0,0,0.07238631,1,2
0,0,0.020701727,1,2
1,1,0.9151572,1,1
1,1,0.93632376,1,2
0,0,0.21327576,1,1
0,0,0.022567023,1,1
1,1,0.88471085,9,2
0,0,0.48012382,9,1
0,0,0.0841399,6,1
1,1,0.9825994,6,2
0,1,0.5041446,6,2
1,1,0.89014167,9,1
1,0,0.39043608,9,1
1,0,0.19981742,8,1
1,1,0.8306244,1,1
1,0,0.017039862,1,2
0,0,0.1982735,1,2
1,1,0.90855426,1,2
0,0,0.0027313954,9,2
0,0,0.080756746,9,2
1,1,0.9937063,1,1
1,1,0.923525,6,2
0,0,0.30067876,3,1
1,0,0.23810007,1,1
1,1,0.9176924,2,1
1,1,0.7402793,8,1
1,1,0.9772817,1,1
0,0,0.14704357,9,2
1,1,0.97848344,1,1
0,0,0.013108816,1,1
0,0,0.040550113,8,2
0,0,0.014568279,1,2
1,1,0.95041156,1,1
0,1,0.85890603,1,2
0,0,0.0019679535,1,1
0,0,0.008465236,1,2
0,0,0.35130605,2,2
1,1,0.93355894,6,2
0,0,0.22742873,1,1
0,1,0.9636434,2,2
0,1,0.8482665,1,2
0,0,0.030959874,8,2
0,0,0.3130205,6,2
1,1,0.9907577,1,1
1,1,0.84016633,8,2
1,1,0.7902906,1,1
1,1,0.9151806,1,1
0,0,0.051479653,1,1
1,1,0.63205,8,1
0,1,0.66578716,8,1
0,0,0.007936233,1,2
1,1,0.797265,3,2
0,0,0.14660728,1,2
0,0,0.09310464,6,1
1,1,0.9837202,1,1
1,1,0.88987863,6,1
1,1,0.85543984,6,1
1,1,0.9411305,1,2
1,1,0.9937302,1,1
1,1,0.96017146,9,2
1,1,0.9640941,1,1
0,0,0.0007704643,2,1
0,0,3.3198965e-05,8,1
1,1,0.8405158,1,2
0,0,0.2098014,1,2
1,1,0.87484986,1,2
0,0,0.42170766,9,1
0,0,0.023014905,8,1
0,0,0.06995895,1,1
0,0,0.010393605,7,1
1,1,0.95221853,1,1
0,1,0.71646065,9,1
1,1,0.9523357,1,1
0,1,0.5174511,6,1
1,1,0.98432493,1,2
0,0,0.34692916,1,2
1,1,0.81678396,6,1
1,1,0.8715598,1,1
0,0,0.40220532,1,1
1,1,0.8375484,1,2
0,0,0.0036681024,8,1
1,1,0.9216473,1,1
0,0,0.31482536,1,1
1,1,0.574256,1,2
0,0,0.30280632,1,1
1,1,0.9897626,6,1
0,0,0.023799075,9,2
1,1,0.867713,1,1
0,0,0.16662231,1,1
0,0,0.41891778,6,1
1,1,0.5909165,9,2
1,1,0.9462069,1,1
1,1,0.9782094,6,2
0,0,0.0020339089,9,1
0,0,0.0030751813,1,2
0,0,0.003230362,9,1
0,0,0.45046258,9,1
1,1,0.94862354,6,2
1,1,0.98586845,8,2
0,0,0.1969913,9,1
0,0,0.0034791727,6,2
0,1,0.81825924,9,2
0,0,0.018200131,8,2
0,1,0.72331846,6,2
0,0,0.051082574,6,2
1,1,0.74640256,6,1
0,0,0.09588721,1,1
1,1,0.8908093,1,2
1,1,0.9041315,1,1
0,1,0.75502366,9,2
1,1,0.6445008,1,1
0,0,0.11325738,6,2
0,0,0.027154181,1,1
0,0,0.08531107,6,1
0,0,0.4869646,8,1
0,0,0.013216304,8,2
0,0,0.2762379,1,2
1,1,0.90607446,1,1
1,1,0.85254735,1,1
1,1,0.8994188,2,1
0,0,0.46949506,8,1
1,1,0.5821106,1,1
1,1,0.8268265,9,2
1,1,0.80749303,1,1
1,1,0.97811985,1,1
1,1,0.97172505,1,1
1,0,0.32836065,8,2
0,0,0.11452568,2,2
0,0,0.00200877,1,1
1,1,0.9473389,9,2
1,1,0.5212523,1,1
1,1,0.9815394,6,1
1,0,0.31475452,1,1
1,1,0.5589559,8,1
0,0,0.04630023,6,2
0,1,0.62814265,9,1
0,0,0.33473215,1,2
0,0,0.0063612824,8,2
1,0,0.48235816,1,1
1,1,0.91789573,6,2
1,1,0.9688317,9,1
0,0,0.09372409,1,2
0,0,0.0028567608,1,1
0,1,0.54336333,2,2
1,1,0.63656074,6,2
1,0,0.32894084,1,2
1,0,0.13883106,8,1
1,1,0.5773861,8,2
1,1,0.87835544,6,1
0,0,0.30492514,1,1
0,1,0.6774807,1,2
0,1,0.52004236,1,2
1,0,0.00872512,1,2
1,1,0.94137514,1,1
1,1,0.9375954,1,1
1,1,0.57195675,6,1
1,0,0.44090205,6,1
0,0,0.114227474,6,1
1,0,0.15195867,9,1
1,0,0.25860465,1,2
0,0,0.042422924,1,2
0,1,0.6435793,1,1
1,1,0.97709227,1,1
1,0,0.21433108,9,2
0,1,0.9166372,1,1
1,1,0.8896064,6,1
0,0,0.1457601,1,2
0,1,0.60916996,8,2
1,1,0.8367321,1,2
0,0,0.24564311,8,2
0,0,0.096291505,8,2
0,0,0.14448619,8,1
0,0,0.0011807475,1,1
1,1,0.55175936,1,2
1,1,0.9984403,6,2
0,0,0.04544697,8,1
0,0,0.016274186,6,2
0,0,0.3163365,1,2
1,1,0.95568126,1,2
0,0,0.007601501,1,1
0,0,0.0021993879,6,1
0,1,0.62853885,8,1
0,1,0.8543533,1,2
1,1,0.79840225,1,1
0,0,0.07902964,6,2
1,1,0.9228289,2,2
0,1,0.6223157,1,2
0,0,0.08487923,6,2
0,0,0.004958449,8,2
0,0,0.39076892,9,2
1,1,0.9943475,6,1
1,1,0.93293,6,1
0,0,0.1281695,1,1
1,1,0.6886092,8,2
0,1,0.6386859,1,1
0,0,0.3851325,1,1
1,0,0.49124932,6,1
1,1,0.9540156,9,1
1,0,0.02088872,1,1
1,1,0.92273104,1,1
1,1,0.71072334,9,2
0,0,0.11198519,1,2
1,0,0.36294398,1,1
0,0,0.1185898,2,1
0,0,0.0307343,1,1
0,0,0.34686467,6,1
0,0,0.043712165,2,2
1,1,0.97876006,1,1
1,1,0.77787125,6,1
0,0,0.3870945,9,1
0,0,0.038722776,1,2
0,0,0.003947966,6,2
1,1,0.94322336,1,1
1,1,0.9693626,1,1
1,0,0.11327617,1,2
1,1,0.88521856,1,1
0,0,0.016631847,8,2
0,0,0.020880673,8,2
0,0,0.07261992,1,1
0,0,0.04420772,8,1
0,1,0.8236642,6,2
0,0,0.010588912,1,2
0,0,0.0042054676,9,1
0,0,0.48803762,6,2
0,1,0.71908885,1,2
0,0,0.00053097267,9,1
0,1,0.603817,1,2
1,0,0.45825624,8,1
0,0,0.047220666,8,2
0,0,0.00031911748,1,1
1,0,0.41861197,6,1
1,0,0.018605748,8,2
1,0,0.24694343,6,1
0,0,0.007915675,2,1
0,0,0.010045395,8,2
0,0,0.0054082028,1,2
1,1,0.98151267,1,1
0,0,0.33992934,9,2
1,1,0.88075966,6,2
1,1,0.9394753,1,1
0,1,0.91490906,1,1
1,1,0.953989,1,2
0,0,0.07388953,9,2
1,0,0.34751964,8,2
0,0,0.0053707543,1,1
1,1,0.9313525,6,2
1,1,0.8791395,9,2
1,1,0.9782405,1,2
0,1,0.63528407,1,2
1,0,0.27855033,8,1
1,1,0.8196432,6,2
1,1,0.9851264,9,1
0,1,0.5484015,1,1
0,0,0.008225351,9,1
1,0,0.061258167,9,1
0,0,0.008714399,9,1
1,1,0.8767553,1,1
1,1,0.8481284,1,2
1,1,0.6666902,1,2
0,0,0.49067137,6,1
0,0,0.18610811,8,2
0,0,0.0019057029,8,2
1,1,0.8548679,1,2
1,1,0.56997633,1,1
0,0,0.13831465,6,1
1,1,0.75491726,8,1
1,1,0.9511882,6,1
1,1,0.8911112,1,2
0,0,0.17775998,1,2
0,0,0.01752473,1,1
1,1,0.8409059,8,1
0,0,0.27729985,9,1
1,1,0.9934371,1,1
0,1,0.71861774,1,2
0,1,0.81220174,6,1
1,1,0.81316155,6,2
0,1,0.8811545,1,2
0,0,0.32435668,2,1
1,1,0.9626034,6,2
1,1,0.93148494,1,2
1,1,0.8555344,6,2
1,1,0.83506966,1,1
0,0,0.010775882,1,2
0,0,0.26262045,8,1
1,1,0.58293945,2,2
0,0,0.106085315,1,1
0,0,0.029198052,1,2
1,1,0.9806998,1,1
0,0,0.26462108,8,1
1,1,0.9678438,1,2
1,0,0.08958972,8,2
0,0,0.37391675,8,1
0,0,0.12374913,9,1
0,0,0.04705758,8,1
1,1,0.54972583,1,1
1,1,0.91709423,6,2
1,1,0.9247653,1,1
0,0,0.47412333,8,2
0,1,0.6842793,6,2
1,1,0.894073,1,1
1,1,0.9521368,6,2
1,1,0.7279871,1,2
0,0,0.02729893,1,1
1,1,0.5641625,8,1
1,0,0.08514526,9,2
1,0,0.4871387,8,2
0,0,0.011184769,6,2
1,1,0.90727055,6,1
0,1,0.6673517,8,2
0,0,0.028369403,6,2
1,0,0.43557498,9,1
1,1,0.90569943,1,1
1,0,0.31426013,6,1
1,1,0.6439003,6,1
0,0,0.003962033,1,2
0,0,0.37664232,1,1
0,1,0.60955834,1,2
0,0,0.02912295,8,2
1,1,0.99121875,1,2
0,0,0.03324448,8,2
1,1,0.76911676,1,1
1,1,0.64510226,6,1
1,1,0.9430731,1,1
0,0,0.0015691478,9,2
0,1,0.62456864,1,1
0,0,0.037523374,8,2
1,0,0.33575884,3,1
1,1,0.7782158,1,2
0,1,0.7109938,2,2
1,0,0.49079442,9,2
0,0,0.016540792,8,1
0,0,0.2886572,1,2
0,0,0.016668025,8,2
0,0,0.26674196,8,1
1,0,0.2465346,6,2
0,0,0.0038266717,6,2
0,0,0.0003915889,8,1
1,1,0.9388538,8,2
0,1,0.674682,6,2
1,1,0.9445215,1,1
0,0,0.36445558,1,2
0,0,0.19991763,8,1
0,0,0.016417772,1,2
1,0,0.09858162,6,1
1,0,0.07606295,1,1
0,1,0.892895,1,1
0,1,0.7853811,1,2
1,1,0.95634186,6,1
1,1,0.97969097,1,2
0,0,0.010710645,6,2
1,1,0.9646391,9,1
0,0,0.01780409,1,1
0,0,0.12759481,9,2
0,0,0.19257624,9,1
0,0,0.008636663,8,2
0,0,0.17000777,8,2
1,1,0.8521767,9,2
1,1,0.8570125,6,2
1,1,0.5726931,9,2
0,1,0.9713109,1,2
0,1,0.7294436,1,1
0,0,0.08329546,8,2
1,1,0.6008249,6,1
1,1,0.9524364,6,1
1,1,0.8230567,1,2
0,0,0.13092223,1,2
0,0,0.0019769836,1,2
0,0,0.03669435,6,2
0,0,0.012327232,1,2
0,0,0.09792414,6,2
1,0,0.36768904,8,1
0,0,0.19445828,8,1
1,1,0.8498263,6,1
1,1,0.7987434,8,1
0,1,0.8691082,6,2
0,0,0.24169728,9,1
0,0,0.19373986,9,1
1,1,0.9612487,6,1
1,1,0.9806284,9,1
1,1,0.68126315,9,2
1,1,0.6654539,8,1
1,1,0.85921466,9,1
1,1,0.6482314,9,2
0,0,0.40596533,9,1
1,1,0.9409172,1,2
0,0,0.020414617,8,2
1,1,0.9362295,6,2
1,1,0.96414053,6,1
0,0,0.39627233,9,2
0,0,0.059123307,8,1
1,1,0.9770569,1,1
0,0,0.00038173856,9,1
0,0,0.08872496,6,2
1,1,0.77789354,1,1
0,1,0.5619944,1,2
1,1,0.919138,9,1
1,1,0.9633043,6,1
0,0,0.17816174,8,1
0,0,0.0038224747,8,1
1,1,0.97654927,9,2
0,0,0.0106139,8,2
1,1,0.9985416,1,1
0,1,0.99561596,1,1
1,1,0.50194436,1,1
0,1,0.7351929,1,2
0,0,0.0007267856,8,2
1,1,0.99528426,1,2
1,1,0.9734167,9,2
0,0,0.3693685,1,2
0,0,0.1604679,9,2
0,1,0.53663635,1,2
0,0,0.0010787526,1,2
1,1,0.9810712,1,2
1,1,0.9645949,1,2
1,1,0.990191,1,1
0,0,0.08815765,8,1
0,0,0.14055908,1,1
1,1,0.9607925,1,2
1,1,0.75323665,9,2
0,0,0.0006548323,1,1
0,0,0.025060149,8,1
1,1,0.5799504,1,2
1,1,0.9884801,1,2
1,0,0.3561941,6,1
1,1,0.96475375,1,1
1,1,0.75867504,1,2
1,1,0.9711335,8,1
0,0,0.040452987,8,2
0,0,0.1609471,9,2
1,1,0.99305856,1,1
1,1,0.6177239,6,1
1,1,0.951004,9,1
0,0,0.18237,9,1
1,0,0.37955937,9,2
0,1,0.59594226,1,2
1,1,0.721024,6,1
1,1,0.91436833,6,2
1,1,0.89543843,6,1
1,1,0.80147904,9,2
0,0,0.023491133,8,1
0,0,0.018774357,9,2
1,1,0.7856488,6,1
0,0,0.028381832,1,2
0,0,0.095693395,1,1
0,1,0.76016814,8,1
0,0,0.020640826,8,2
0,0,0.4186121,1,1
1,1,0.8902991,6,2
1,1,0.9768844,1,2
0,0,0.47538254,2,1
1,1,0.7727262,8,2
1,1,0.9862846,1,1
0,0,0.045854006,8,1
1,1,0.94391567,6,1
0,1,0.7336398,1,2
0,1,0.79063654,1,1
0,0,0.06242716,9,2
0,0,0.30632952,2,2
0,0,0.20124911,8,1
0,0,0.11083304,9,1
0,1,0.72668755,7,2
1,1,0.74111515,1,2
0,0,0.030768588,8,2
1,1,0.9619413,1,1
1,1,0.9784695,6,1
0,1,0.8202165,6,1
1,1,0.97510105,1,1
1,1,0.5509166,6,1
1,1,0.8884024,1,2
0,0,0.015759068,6,1
1,1,0.9596092,1,2
0,0,0.05680961,8,2
0,0,0.022765737,6,1
0,0,0.026606416,6,2
1,1,0.76876277,8,1
0,0,0.10989512,6,1
0,0,0.012585489,8,1
1,1,0.5859956,8,1
0,0,0.2381352,8,2
0,0,0.0064154034,9,2
1,0,0.22089174,8,2
0,0,0.16897604,1,1
0,0,0.23757556,8,2
0,0,0.30266455,8,1
0,0,0.25920537,6,1
0,0,0.0033787072,8,1
0,0,0.33625475,6,1
0,1,0.6763415,8,1
0,0,0.3205513,8,1
1,0,0.39012942,6,2
1,1,0.76445305,2,2
0,0,0.022460813,1,2
1,1,0.97442836,1,1
1,1,0.94308645,1,2
0,0,0.002166768,3,2
0,0,0.07847272,9,2
1,0,0.17279266,8,1
1,1,0.95250255,6,2
1,1,0.94044644,1,1
1,1,0.6553246,1,1
0,0,0.016560592,1,2
0,0,0.006057818,9,2
0,0,0.4733792,8,1
0,0,0.0008226093,6,2
0,0,0.0976923,1,1
1,0,0.46285444,1,2
1,0,0.11002201,8,1
0,0,0.49621207,6,2
1,1,0.9709956,9,1
1,0,0.35229763,6,1
1,1,0.6658003,1,1
1,1,0.99793637,1,1
0,1,0.96421546,9,2
0,0,0.036059223,6,1
1,0,0.061401404,1,1
1,1,0.9962871,9,1
0,1,0.74774003,1,1
1,1,0.8518122,6,1
0,1,0.63613594,1,2
1,1,0.9144595,1,2
0,1,0.92475003,6,1
0,0,0.3356087,6,2
0,0,0.0019237604,8,2
0,1,0.61677593,1,2
1,1,0.8355352,1,1
0,0,0.02193423,1,2
0,1,0.6909924,1,2
0,0,0.01737319,8,2
0,0,0.0054249824,6,2
1,1,0.8125348,2,1
0,0,0.07776776,9,2
1,1,0.84904706,8,2
1,1,0.98383397,6,1
0,0,0.3181885,8,1
0,0,0.016959215,6,1
1,0,0.058932416,1,1
1,0,0.32067573,9,2
0,0,0.2831874,2,2
1,1,0.90401065,6,1
1,0,0.17059223,6,1
0,0,0.012905005,6,2
0,0,0.030093746,3,2
0,0,0.0997526,8,1
0,0,0.31216174,1,1
1,1,0.7700847,1,2
1,1,0.92688227,1,1
0,1,0.8086496,1,2
0,1,0.6982879,6,2
1,1,0.7888799,6,2
0,0,0.003472482,8,2
1,0,0.18629645,8,2
1,0,0.35236162,1,1
1,1,0.69879055,9,1
0,0,0.009905876,1,2
1,0,0.4232928,1,1
1,1,0.8120835,1,2
1,1,0.9941806,1,1
0,0,0.18480183,9,2
1,1,0.7758469,1,2
0,1,0.7628104,6,1
0,1,0.9582578,9,1
0,0,0.01468073,1,1
1,0,0.36660907,8,2
0,0,0.045589127,7,2
0,0,0.32670063,1,1
0,0,0.27156317,8,1
0,0,0.009176375,1,2
0,1,0.64612967,2,2
1,0,0.21594326,6,2
0,0,0.041357446,9,1
1,1,0.7394622,6,2
0,0,0.0050756913,1,2
0,0,0.041131426,1,2
1,1,0.9567942,1,1
0,0,0.059824258,9,2
0,0,0.09303704,8,1
1,1,0.7455743,1,2
1,1,0.96012527,6,1
0,0,0.40929955,8,2
0,0,0.033884417,2,1
0,0,0.09511784,8,1
0,1,0.8514968,2,1
0,0,0.19087878,1,2
0,1,0.76640385,6,1
1,1,0.9869136,1,1
1,1,0.95451164,1,1
0,1,0.53628016,8,2
0,0,0.0006087442,6,2
1,1,0.9563082,6,2
1,0,0.35609904,6,2
0,1,0.54671824,1,1
0,0,0.04284153,9,2
1,1,0.6146202,1,2
1,1,0.83215785,1,2
1,0,0.20923555,9,1
1,1,0.9036205,1,2
1,1,0.97247946,1,1
0,0,0.006569621,9,1
1,0,0.00916549,1,1
1,1,0.91107625,1,1
1,1,0.9107274,1,2
0,0,0.28865814,9,1
0,0,0.016789181,6,1
1,1,0.9723371,7,2
1,1,0.9842137,1,1
1,1,0.95437926,1,2
1,0,0.29223648,1,2
1,0,0.2123446,1,2
0,0,0.10248204,6,2
0,0,0.07431575,8,2
1,1,0.695466,6,2
1,0,0.25790977,8,2
1,0,0.25560713,8,1
1,0,0.29242957,2,1
0,0,0.050678678,6,1
0,0,0.026370978,6,2
0,0,0.009049652,6,1
1,1,0.9255965,8,1
0,0,0.031860273,8,2
0,1,0.7401782,1,2
1,1,0.8783822,1,1
0,0,0.19397263,9,1
0,0,0.16020975,1,1
0,1,0.79265475,1,1
0,1,0.6100805,6,2
1,1,0.76650816,6,2
0,1,0.57113665,9,1
0,0,0.09091427,9,1
1,1,0.9210274,6,2
1,1,0.72958875,6,1
1,1,0.9921634,1,1
1,1,0.9665667,1,2
0,0,0.23941971,8,1
0,0,0.036208823,9,1
0,0,0.0019420176,8,2
0,0,0.29249853,8,2
0,0,0.22008924,6,1
0,0,0.3373542,8,2
1,1,0.93355066,1,1
0,0,0.06569643,8,2
1,0,0.03390439,8,1
0,1,0.7858112,9,1
0,0,0.011360178,9,2
1,1,0.9949293,1,1
0,0,0.029020153,1,2
0,0,0.002608151,6,1
0,0,0.10695188,8,2
0,0,0.031987835,1,1
0,0,0.0044784565,1,2
0,0,0.11543301,9,2
0,1,0.9031328,1,1
0,0,0.0013715533,9,2
0,1,0.7894256,1,2
1,1,0.57207346,6,2
1,1,0.88297725,6,2
0,0,0.31456864,6,1
1,1,0.76799107,1,1
0,1,0.90268475,6,2
0,0,0.016144782,8,2
1,1,0.96928763,8,1
1,1,0.9217574,6,1
1,1,0.7169223,8,1
1,1,0.8562776,6,2
0,1,0.6452799,6,2
0,1,0.63255626,6,2
0,0,0.25974298,8,1
1,1,0.6113431,9,2
0,0,0.0058640954,1,2
1,1,0.9823437,6,2
0,0,0.06480542,3,2
1,0,0.31360838,9,1
1,1,0.84932584,1,2
1,1,0.7168165,6,2
1,1,0.9863338,1,2
1,1,0.59286106,6,2
0,0,0.05886647,2,2
1,1,0.8786145,1,1
1,1,0.89270604,6,2
1,1,0.86372846,9,2
0,0,0.17621545,8,1
0,1,0.6414933,1,1
1,1,0.93979794,6,1
0,0,0.029026374,1,1
1,1,0.9214641,9,2
1,1,0.8667416,6,1
1,1,0.5180395,1,2
1,1,0.7289305,1,2
0,0,0.1777187,1,2
1,1,0.76289463,9,2
0,0,0.001509599,1,2
1,1,0.865175,1,1
1,0,0.25931177,8,2
0,0,0.26669645,9,2
1,0,0.4350899,9,2
1,1,0.98150647,2,1
1,1,0.5162872,1,1
1,1,0.9592972,1,1
0,0,0.280681,1,1
0,0,0.020320386,9,1
0,1,0.8545566,2,1
1,0,0.043310612,8,1
1,1,0.80723464,8,2
0,1,0.6552243,1,1
1,1,0.79955226,8,1
1,1,0.7722711,1,1
1,1,0.77503806,6,2
0,0,0.010645532,9,1
1,1,0.9692013,1,2
0,0,0.21038431,8,1
0,0,0.06664299,9,2
1,1,0.71541363,1,2
0,0,0.017257296,8,2
0,0,0.124778934,3,2
1,1,0.93230075,1,1
0,0,0.0779357,9,1
0,1,0.70471483,1,2
1,1,0.96849746,1,2
1,1,0.9838495,1,1
1,0,0.46917412,9,1
1,1,0.96565765,6,1
0,1,0.5546441,9,1
0,0,0.26531202,1,1
0,1,0.72774994,1,1
0,0,0.23344679,6,1
0,1,0.8088764,1,1
0,0,0.057799652,6,2
0,0,8.4855776e-05,9,1
1,1,0.7525891,9,1
1,0,0.4190508,2,2
0,0,0.037523307,6,2
1,1,0.968635,1,2
1,1,0.98728555,6,1
0,0,0.00051018764,6,2
0,0,0.09990034,9,1
1,1,0.9433167,6,2
1,1,0.53984934,1,1
0,0,0.05544107,8,1
0,0,0.018149057,9,2
0,0,0.102838784,6,2
0,0,0.0014319712,1,1
1,1,0.9856942,9,1
1,1,0.99479717,1,1
0,0,0.025146969,1,2
1,1,0.98683715,6,2
1,0,0.099886924,6,2
0,0,0.0056310394,6,2
0,0,0.15871392,8,2
0,0,0.27789763,3,2
1,1,0.65940255,1,1
0,0,0.42712525,1,2
0,0,0.071512416,9,2
1,1,0.6877436,1,2
1,0,0.4969225,2,1
1,1,0.6008844,3,1
0,0,0.23043196,8,1
1,1,0.7530432,6,2
1,1,0.966861,1,1
0,0,0.080564134,9,2
1,1,0.84193075,6,2
0,0,0.0029833962,8,2
0,0,0.29575095,8,2
1,1,0.51502514,9,1
1,0,0.46529096,8,1
0,0,0.010768377,1,2
1,1,0.9153298,9,1
0,1,0.81650895,9,1
1,1,0.8748795,9,2
1,1,0.72573847,1,1
0,0,0.2617939,9,1
0,0,0.0017938141,8,2
1,1,0.95942974,6,1
1,0,0.23763692,9,2
0,0,0.18631764,8,1
1,0,0.48475042,2,2
0,0,0.011528455,8,1
1,1,0.70458555,6,1
0,1,0.60138285,1,2
1,1,0.87676895,8,2
1,1,0.9352108,1,2
1,1,0.9892047,1,1
0,0,0.04669295,1,2
1,1,0.8304166,9,2
0,0,0.013847978,6,1
0,0,0.0002542839,9,2
0,0,0.2066467,6,2
1,1,0.9502433,1,2
0,0,0.1295825,6,1
1,1,0.5255399,6,2
1,0,0.35064617,1,2
1,0,0.09948215,8,1
0,0,0.006095719,8,2
1,0,0.41783276,1,2
1,1,0.7648001,1,2
0,0,0.009666153,8,2
0,1,0.58886296,6,2
0,1,0.6810109,6,2
1,0,0.4447751,6,2
1,0,0.33556372,1,2
0,0,0.42383394,8,1
0,0,0.04112101,1,2
0,0,0.3429394,8,1
1,1,0.9895951,1,1
1,1,0.88399947,8,2
0,0,0.4371056,6,2
0,1,0.63474584,1,2
1,0,0.4941816,9,2
1,1,0.6682137,1,1
0,1,0.8038356,9,2
1,0,0.07017961,2,2
0,0,0.020687908,1,1
0,0,0.008720061,8,1
0,0,0.0707865,6,2
1,0,0.2392762,1,2
1,1,0.9714792,1,1
0,0,0.18253608,1,2
0,0,0.36917594,8,2
0,0,0.0034080157,9,2
0,1,0.6950104,1,1
0,0,0.0023449478,1,1
1,0,0.18136741,6,2
0,0,0.027619235,1,1
1,1,0.9482441,6,2
1,1,0.94353646,1,1
0,0,0.03350369,8,1
0,0,0.09729376,6,1
1,1,0.9993605,6,1
1,1,0.74587166,1,1
0,0,0.00195521,2,1
0,0,0.4761904,3,1
0,0,0.103165016,6,2
0,0,0.26197568,8,1
0,0,0.32703105,9,2
0,0,0.005305711,1,2
1,1,0.7914339,2,1
0,0,0.190971,9,1
1,1,0.9409554,6,1
1,1,0.94731873,2,2
0,0,0.20909886,1,1
0,0,0.037255522,1,2
1,1,0.936898,1,2
0,0,0.45516938,1,1
1,1,0.99345726,1,1
1,1,0.96919125,9,1
0,0,0.020641828,3,1
1,1,0.83131266,9,2
1,1,0.8309192,1,2
0,0,0.0052252393,8,2
1,1,0.5506938,9,1
0,0,0.075010315,6,1
1,1,0.7273808,8,2
0,0,0.0018271401,8,1
1,0,0.42747086,8,1
1,1,0.97548455,9,1
1,1,0.922412,9,1
0,0,0.0719091,1,2
0,0,0.01527848,1,1
1,1,0.9394384,1,1
0,0,0.006070331,1,2
0,0,0.3362971,9,1
0,1,0.68792635,2,1
1,1,0.91145957,6,1
1,1,0.98531973,6,2
0,0,0.012830814,8,2
1,1,0.9183859,6,1
1,1,0.9096583,6,2
0,0,0.009858897,8,2
0,1,0.7654196,6,1
1,0,0.48512253,1,1
0,0,0.093522824,1,1
0,0,0.4566379,3,2
0,0,0.14862117,1,2
0,0,0.0083634155,8,1
1,1,0.9857399,9,1
0,0,0.05762423,8,2
0,0,0.00047374773,9,2
0,0,0.005133254,9,1
0,0,0.0018508735,1,2
1,1,0.96918744,9,1
0,0,0.18634108,9,2
0,1,0.6538951,8,2
0,0,0.27115846,9,2
0,0,0.45499918,1,2
1,0,0.23869328,1,1
0,0,0.006038165,8,1
1,1,0.7020508,9,1
1,1,0.8746483,6,1
0,0,0.0007113727,6,1
0,0,0.29909778,1,2
0,0,0.1521993,9,2
1,1,0.9162396,1,1
0,0,0.2029897,8,2
0,0,0.33209062,1,1
0,0,0.013216341,8,2
0,1,0.5755233,8,1
0,0,0.17601678,8,1
0,1,0.67470396,9,1
1,1,0.7064041,1,2
0,1,0.93475205,2,1
1,1,0.864189,6,2
1,1,0.7563131,8,1
0,0,0.15788892,8,1
0,0,0.054221794,1,2
1,0,0.3893856,8,2
0,0,0.23483932,1,1
1,1,0.96585196,2,1
0,0,0.0012260485,6,1
1,1,0.9214569,6,2
1,1,0.75151175,1,1
0,0,0.0028679315,1,1
0,0,0.04209958,1,1
1,1,0.9308246,1,2
0,0,0.037606418,9,1
0,0,0.11818337,1,2
0,1,0.8107301,1,1
1,1,0.88605005,1,2
0,0,5.1672854e-05,1,1
0,0,0.3329261,1,1
1,1,0.5330162,8,2
1,1,0.98231274,6,1
0,1,0.6778579,9,2
1,1,0.74380803,9,1
0,1,0.8278685,1,1
1,1,0.97202444,1,2
1,0,0.45461556,9,2
0,0,0.32727152,9,1
0,0,0.021936629,1,2
0,0,0.36645582,1,1
1,0,0.40729758,9,1
0,0,0.035255197,8,1
0,0,0.21551844,8,1
1,1,0.9984705,1,1
0,0,0.01810035,8,2
0,0,0.03426415,8,1
0,1,0.90805084,1,2
1,1,0.69257385,8,1
0,0,0.033691674,8,2
0,0,0.40612778,1,2
1,1,0.87813485,1,2
1,1,0.95169955,1,1
1,0,0.03886371,1,2
0,0,0.14432225,8,1
0,0,0.3300509,9,2
0,0,0.22244869,1,2
0,1,0.6039656,8,1
0,0,0.10452398,1,1
0,0,0.0015213195,2,1
0,0,0.3990277,9,2
0,0,0.101972036,8,1
1,1,0.6449719,1,1
1,1,0.74311614,1,2
0,0,0.33701548,1,2
1,1,0.5230081,2,1
0,0,0.0045962017,1,2
1,1,0.92613226,9,1
1,0,0.09359468,9,2
1,1,0.8880305,6,2
0,0,0.08938374,9,1
1,1,0.72627556,1,1
0,0,0.11223023,9,2
1,1,0.9468363,2,2
0,0,0.0044070054,8,1
1,1,0.88958466,1,2
1,1,0.8198127,8,2
1,0,0.39151174,8,1
1,1,0.7295793,6,2
0,0,0.000719292,1,1
0,0,0.30528462,9,1
0,0,0.39140677,8,1
0,0,0.0016966276,9,2
0,1,0.7304748,1,2
0,0,0.0008113919,9,1
0,1,0.83802384,6,1
0,1,0.95754397,1,1
0,0,0.3964474,1,1
1,1,0.97488326,1,2
1,1,0.8135394,6,1
0,1,0.974919,9,2
0,1,0.84173936,1,1
1,1,0.8056205,1,1
1,1,0.94999385,9,1
0,0,0.25801316,1,2
0,0,0.004196242,2,1
0,0,0.13539913,8,1
0,0,0.0030808337,1,1
1,1,0.8033793,6,2
1,1,0.9847319,2,2
0,0,0.046927605,8,1
0,0,0.0028326805,6,2
1,1,0.92288446,1,2
0,1,0.95006293,6,2
1,1,0.827043,1,1
0,0,0.09130108,1,1
0,0,0.0039650467,8,1
1,1,0.8174583,1,1
0,0,0.06375825,1,2
1,1,0.9074982,9,2
1,1,0.9896571,1,2
0,0,0.00091653113,1,2
0,0,0.04748106,1,1
1,1,0.94987714,6,1
0,0,0.074944556,6,2
1,1,0.97310007,1,1
1,1,0.949948,1,1
0,0,0.00074741984,6,1
0,0,0.039029043,1,2
0,1,0.97203517,1,1
1,0,0.07500287,6,2
1,1,0.9668299,9,2
0,1,0.6302655,6,2
0,0,0.022107927,9,1
0,0,0.08214066,1,1
0,0,0.04639238,6,2
1,0,0.105356075,1,2
1,1,0.9562326,1,1
0,0,0.07424782,1,1
0,0,0.45907944,8,2
1,1,0.745416,6,1
0,0,0.36643606,1,2
0,0,0.0006204909,9,2
1,1,0.7491244,6,2
1,1,0.7908405,9,1
1,0,0.20683706,6,2
0,0,0.0010028601,8,1
1,1,0.9764138,8,1
0,0,0.026775444,9,2
0,1,0.67478347,6,2
1,1,0.9489528,1,1
1,1,0.9676476,1,2
0,1,0.63930273,6,1
0,1,0.7448349,1,1
0,0,0.00091716927,1,1
0,0,0.14824721,8,1
0,0,0.22801629,1,1
1,1,0.89744127,6,1
0,0,0.016289797,9,1
0,0,0.12696323,1,1
0,0,0.045726757,9,1
0,0,0.003787438,8,2
1,1,0.9654209,8,2
0,0,0.010882893,6,1
1,1,0.9291512,6,2
1,0,0.36123002,1,1
1,1,0.977701,6,1
1,0,0.3256998,1,1
0,0,0.008935252,8,2
1,1,0.54535973,8,1
0,0,0.35667548,8,1
1,1,0.6481753,6,2
0,0,0.12578548,6,1
1,1,0.9838881,1,2
1,1,0.7692449,1,2
0,0,0.0154059315,6,2
0,0,0.06828149,8,2
0,1,0.89909357,9,2
1,1,0.7181311,8,1
0,0,0.36939803,6,1
1,1,0.99539447,1,1
1,1,0.6829758,2,2
0,0,0.018667886,8,2
0,1,0.51957536,6,2
1,1,0.99322224,1,1
1,1,0.81614465,8,2
1,0,0.23414902,1,2
0,1,0.7364598,1,1
0,0,0.057685267,3,1
0,0,0.0019721452,8,2
0,0,0.0072229374,9,1
1,1,0.88616574,9,1
0,1,0.59596944,1,1
0,0,0.09178483,6,2
1,1,0.78982586,8,1
1,1,0.94792724,1,2
1,1,0.950094,1,1
1,1,0.9329331,6,2
0,0,0.018194156,8,2
1,1,0.6261769,6,2
1,1,0.923554,9,1
1,1,0.82785094,1,2
1,1,0.8520417,8,2
0,0,0.095915735,9,1
0,0,0.08454099,8,1
0,1,0.6864154,1,1
1,1,0.74617153,1,2
1,1,0.6362076,9,2
0,1,0.76914823,1,1
0,1,0.887655,1,2
1,0,0.35575268,1,2
1,1,0.76232153,2,2
1,1,0.950026,3,1
1,1,0.6897783,8,1
1,0,0.23257412,6,1
0,1,0.8429316,1,1
0,1,0.8217081,1,2
0,0,0.3047323,9,1
1,1,0.86126465,9,2
1,1,0.98272216,1,1
1,0,0.16150908,8,2
0,0,0.0009383172,8,2
1,0,0.45964256,6,2
1,1,0.9217619,1,1
1,1,0.6658495,1,1
0,0,0.028487569,9,2
0,0,0.17362835,8,1
0,0,0.0005660011,6,2
0,1,0.8425524,1,2
1,1,0.9147886,1,1
0,0,0.21225281,7,1
1,0,0.42597646,1,2
0,0,0.0013912122,9,1
1,1,0.9864205,1,1
0,0,0.01997822,8,2
1,1,0.92685133,1,1
0,0,0.10742565,8,1
1,1,0.7758124,6,2
0,0,0.15222533,9,1
0,0,0.2538349,1,2
1,1,0.83726436,6,2
0,0,0.35612673,2,1
1,1,0.88979894,1,2
1,1,0.56152076,8,1
0,1,0.9282546,1,2
1,1,0.91644573,9,1
0,0,0.0009977263,8,2
1,1,0.9137155,1,1
1,1,0.9880327,6,2
0,0,0.0001222437,1,2
0,0,0.018014856,1,2
1,1,0.88778657,1,1
0,0,0.050577205,1,1
0,0,0.4324072,9,1
0,0,0.006472928,6,2
0,0,0.21660784,1,1
0,1,0.6310801,8,2
1,1,0.96880215,1,1
1,1,0.97163624,1,2
1,1,0.9399981,6,2
0,0,0.013175229,6,1
0,0,0.030252207,1,1
0,0,0.0027693163,9,2
0,0,0.035662953,8,2
0,0,0.020285605,6,2
1,1,0.8061287,1,2
1,1,0.75207156,9,1
0,0,0.3630648,1,2
0,1,0.91101474,1,2
1,1,0.95473206,1,2
1,1,0.93212205,9,1
1,1,0.9257773,1,1
1,1,0.9933169,6,1
0,1,0.652486,1,1
0,0,0.2608829,6,2
0,1,0.74942434,9,1
1,1,0.82510257,1,2
0,0,0.25808457,9,2
1,1,0.97603977,6,1
1,1,0.72913903,6,2
1,0,0.07946083,9,2
1,1,0.78558487,6,2
0,0,0.02490486,1,1
0,0,0.46483842,9,1
0,0,0.27662277,1,2
1,0,0.4233274,9,1
0,0,0.008061606,2,1
1,0,0.22468165,9,1
0,0,0.46570107,6,2
0,0,0.003140357,2,1
0,0,0.17193636,8,1
0,0,0.013977407,6,2
1,1,0.9577378,6,1
1,0,0.21400419,8,1
1,1,0.9765182,1,1
0,0,0.0005467622,9,1
1,1,0.8685917,1,1
0,0,0.039610177,8,1
0,0,0.25523418,8,1
0,1,0.7326842,1,1
0,0,0.19907744,8,1
0,0,0.03416333,9,2
0,0,0.38605633,2,2
0,0,0.0932258,6,1
1,1,0.8868097,1,1
0,0,0.013649361,9,2
0,0,0.0019979503,9,2
1,1,0.9483262,9,2
1,0,0.48956546,8,1
0,0,5.8172485e-05,1,1
0,0,0.4596089,8,2
0,0,0.42652977,6,2
1,1,0.8910325,6,2
1,1,0.999506,1,1
1,0,0.4876845,6,1
0,1,0.8621762,1,1
1,0,0.010365676,6,1
1,1,0.96025795,1,1
0,0,0.0028215488,8,1
1,1,0.6993963,1,1
0,0,0.022885462,8,1
1,1,0.9914622,6,1
1,1,0.9737182,1,2
1,1,0.9768986,9,1
0,0,0.121967435,8,2
0,0,0.14204365,1,2
0,0,0.15139477,8,1
0,0,0.09726983,1,2
1,1,0.94704884,1,1
1,1,0.5835369,1,1
0,0,0.008043781,1,1
1,1,0.7884233,1,1
0,1,0.7962264,9,1
0,0,0.3150696,6,2
1,1,0.98761755,9,2
1,1,0.9560031,1,1
1,1,0.9141893,9,1
0,0,0.03728153,8,1
1,1,0.90257996,8,2
0,0,0.019818053,9,1
0,0,0.00948881,9,2
0,0,0.15910713,3,1
0,0,0.027190566,1,1
0,1,0.6256677,1,2
1,1,0.8926817,1,1
0,0,0.025215613,1,2
0,1,0.6884099,1,1
0,1,0.6991518,1,2
1,0,0.44317856,1,2
1,1,0.91713035,9,1
0,0,0.47153628,8,1
1,0,0.41984564,6,1
0,0,0.0017083318,6,1
1,1,0.9763949,1,2
1,0,0.39499134,8,1
1,1,0.9908336,1,1
0,1,0.69575685,6,2
0,0,0.039806094,1,1
0,1,0.67472935,1,1
1,1,0.82530737,1,1
0,1,0.99535215,1,1
1,1,0.56366056,9,1
0,0,0.0013226414,9,1
0,0,0.43906578,9,1
0,0,0.062418833,8,2
0,0,0.066248976,1,2
0,0,0.0012222123,9,2
0,0,0.11502362,1,2
0,1,0.56155336,1,2
0,0,0.041692033,6,2
0,0,0.18117623,8,1
1,1,0.9488886,1,1
0,0,0.08171154,9,2
1,1,0.9591863,6,1
0,0,0.04736983,3,2
0,1,0.83873105,9,1
0,1,0.8241516,9,2
1,1,0.9574525,1,1
0,1,0.60966855,8,2
0,1,0.75465196,2,1
0,0,0.21764605,1,2
0,0,0.28748554,8,1
1,0,0.4318914,9,1
0,1,0.6577471,1,1
0,1,0.5426692,1,1
0,0,0.42807668,1,2
0,0,0.43034485,1,2
0,0,0.013224924,9,2
1,0,0.074731916,8,1
0,0,0.029054819,8,1
0,0,0.06834417,9,2
1,1,0.9948502,6,2
0,0,0.4068115,1,1
0,0,0.09186574,6,2
0,1,0.77024406,1,1
0,1,0.62699366,8,2
1,1,0.9160069,1,2
0,0,0.15573198,1,2
0,0,0.011842028,8,2
0,1,0.9464763,9,1
1,1,0.7621328,6,1
0,1,0.92505157,1,1
1,1,0.9365201,1,1
0,0,0.369758,9,1
1,1,0.70150185,1,2
0,0,0.01265496,6,2
0,1,0.5341334,6,1
0,1,0.6087476,1,1
0,0,0.40045157,9,1
1,1,0.9911578,1,2
1,1,0.99565375,6,1
1,1,0.93648785,9,2
1,1,0.93460387,9,2
1,1,0.99179006,1,1
1,1,0.96932775,6,2
1,1,0.7948819,6,2
0,0,0.0011261592,1,1
0,0,0.09825407,1,2
1,0,0.44333804,6,2
1,1,0.99289304,9,1
1,1,0.89898443,9,2
0,0,0.0018442704,9,2
0,0,0.0059344606,9,2
1,1,0.9257667,6,1
0,0,0.011373354,6,2
0,0,0.0010472405,1,2
0,1,0.83112764,1,1
1,1,0.5248355,1,1
1,1,0.51231575,9,2
0,0,0.03578401,1,2
1,1,0.97776675,6,1
0,0,0.011937774,1,2
0,0,0.0007320543,1,2
0,0,0.22953203,6,2
0,0,0.34440225,1,1
0,0,0.39291236,9,2
1,1,0.9228418,1,2
0,0,0.40403762,1,1
0,0,0.036355168,8,1
1,1,0.9847083,6,1
1,1,0.98328465,1,1
0,0,0.059332196,8,2
1,1,0.8683824,8,1
1,1,0.5694307,9,1
1,1,0.5355981,8,1
1,1,0.9511246,1,1
1,0,0.47449496,1,1
0,0,0.00012606256,1,1
0,1,0.5073695,8,1
0,0,0.33786047,2,2
1,1,0.94069296,8,1
1,1,0.94607794,1,1
1,1,0.9751437,6,1
0,0,0.47107702,9,1
1,0,0.3844445,9,2
0,1,0.50413436,1,2
1,1,0.81230956,1,2
1,1,0.9107664,9,2
0,0,0.07621707,8,2
0,0,0.0047716657,6,2
1,1,0.7579067,1,1
0,0,0.35811833,8,1
0,0,0.083063506,1,2
1,1,0.97756326,6,1
1,1,0.50044423,6,2
1,1,0.9855751,1,2
1,1,0.6468455,9,1
0,0,0.018065343,1,1
0,0,0.3703728,6,2
1,1,0.99269193,1,1
1,1,0.82530063,1,2
0,0,0.33051428,8,1
0,0,0.1448564,8,1
1,1,0.95471746,1,2
1,1,0.5176411,1,2
1,1,0.7734992,1,2
1,1,0.9788029,1,1
0,0,0.0008388206,9,2
1,1,0.7849323,9,2
1,0,0.36139548,8,1
0,0,0.038553767,8,2
1,0,0.23876698,1,1
1,1,0.69980854,1,2
0,0,0.022284508,3,2
0,1,0.5402859,1,1
0,0,0.09433769,1,2
1,1,0.97289646,1,1
1,1,0.9880454,6,1
1,0,0.49085823,9,2
1,1,0.8856411,1,1
0,0,0.44672447,1,2
1,1,0.75333416,8,1
0,0,0.0030980192,1,2
1,1,0.9646723,1,1
0,1,0.7718125,6,2
1,1,0.87461936,6,1
1,1,0.7098125,1,1
1,1,0.5934691,2,2
1,1,0.6748612,1,2
0,0,0.24778226,9,2
1,1,0.9844209,1,1
0,0,0.287319,1,2
0,0,0.0011096796,9,1
1,1,0.8568826,9,1
1,1,0.8729383,1,1
1,1,0.50932705,8,1
0,0,0.013247469,9,2
1,1,0.98640835,1,2
1,1,0.9578409,1,2
0,0,0.064369716,8,2
0,1,0.68354493,1,2
0,0,0.08240405,1,2
1,1,0.94751406,6,1
1,1,0.9517616,1,1
1,0,0.023729017,1,2
0,0,0.266202,2,2
0,0,0.00030499866,1,1
1,1,0.5742297,6,2
1,1,0.9540029,1,1
0,0,0.28998575,6,1
0,0,0.2232788,1,1
1,0,0.49093568,1,2
1,1,0.7255685,6,1
1,1,0.8597479,2,2
1,1,0.7856204,1,1
0,0,0.0099226935,8,1
1,1,0.5923002,1,2
0,0,0.20352714,1,1
1,1,0.66165584,6,2
1,1,0.8505575,9,1
0,0,0.04373268,9,1
1,1,0.98340994,9,2
1,1,0.95876235,8,1
0,0,0.057795506,1,2
1,1,0.94986904,6,1
0,1,0.7281927,1,1
0,0,0.14415717,1,1
0,0,0.0958139,1,1
1,0,0.27562448,1,1
1,1,0.63740677,1,2
1,1,0.7209848,1,1
1,1,0.7956894,8,1
1,1,0.97933596,1,1
0,0,0.0051261284,8,2
0,0,0.48884583,2,2
1,1,0.9296956,9,1
1,1,0.92256784,6,2
0,0,0.117018096,9,2
0,0,0.417798,1,2
0,0,0.0853927,1,2
0,0,0.022980753,8,2
1,0,0.48669258,1,2
1,1,0.77289945,1,1
1,1,0.84721076,1,1
0,0,0.015484955,9,2
1,1,0.7891257,9,2
1,0,0.43642145,1,2
0,0,0.29836383,1,2
0,0,0.46958455,9,2
0,0,0.026002534,8,1
1,1,0.98317355,6,1
0,0,0.128362,1,2
0,1,0.5418268,1,2
1,1,0.5466669,9,1
0,0,0.002236744,8,2
0,1,0.75671774,1,2
0,0,0.014988002,9,1
0,0,0.0036485777,8,1
0,0,0.053674698,8,2
0,0,0.0005729623,1,2
1,1,0.63645905,1,2
0,0,0.04462348,6,2
1,1,0.57252747,1,1
0,0,0.07590108,1,2
0,1,0.6064786,6,2
1,1,0.51085174,6,1
1,1,0.8824407,6,2
0,0,0.010199047,8,1
0,0,0.44537657,6,2
1,1,0.65276885,8,2
0,0,0.29859024,6,1
0,0,0.0017924595,8,2
0,0,0.0068096495,8,2
0,0,0.086993694,8,2
0,0,0.03539232,8,2
0,0,0.0010817858,6,2
1,1,0.8652129,1,2
1,1,0.9908496,1,1
0,0,0.24825518,8,1
1,1,0.92980945,1,2
1,1,0.95349,6,1
1,1,0.73446566,8,1
0,0,0.1826695,9,2
1,1,0.64574796,9,2
1,1,0.8431033,6,2
1,0,0.29200038,6,1
1,1,0.5506333,1,2
1,1,0.9364645,9,1
1,1,0.68692005,6,1
1,1,0.9970086,1,1
0,1,0.74541056,8,2
1,1,0.8673407,1,1
0,0,0.04360071,9,2
1,1,0.8847184,1,1
0,0,0.22436671,9,2
0,0,0.33993587,1,2
1,1,0.92230606,9,2
1,0,0.35293517,1,1
0,1,0.8215009,1,1
0,0,0.009935522,1,1
0,0,0.4892318,1,2
0,0,0.41613537,1,1
1,1,0.66920155,1,2
0,0,0.10214566,8,1
0,0,0.17775491,1,1
1,1,0.99227107,1,1
1,1,0.97286385,1,2
0,0,0.010277625,8,2
0,0,0.09968687,3,1
0,0,0.15808436,8,1
0,0,0.21881214,6,2
1,1,0.98779607,1,1
1,1,0.9270867,6,2
1,1,0.92026645,9,2
1,1,0.9753745,1,2
1,0,0.36783847,1,2
1,0,0.27259845,8,1
1,1,0.56859875,1,1
0,0,0.011080585,1,1
1,1,0.94020534,1,1
0,0,0.18237352,6,2
1,1,0.98296404,9,1
1,0,0.4391773,6,2
0,0,0.21066853,3,1
0,0,0.25871655,2,1
0,0,0.43507817,6,1
0,0,0.1565152,8,1
0,1,0.54189134,2,1
0,0,0.08518354,6,2
0,0,0.24723819,6,2
0,0,0.02085444,3,2
1,1,0.7717046,6,1
0,0,0.02185374,9,2
0,1,0.53730905,6,2
1,0,0.08041071,6,1
0,0,0.12567951,9,2
1,1,0.9076031,9,2
1,1,0.70626956,6,1
1,0,0.37039226,8,1
0,0,0.21034548,9,1
1,0,0.39575186,6,2
1,1,0.59529316,1,2
1,1,0.9449572,8,1
1,1,0.9309928,6,2
1,1,0.907823,8,1
1,1,0.8148681,9,1
0,0,0.08541138,9,2
0,0,0.22400382,6,2
1,1,0.74453115,3,1
0,0,0.021863913,9,1
0,0,0.02515562,9,2
0,0,0.008557254,6,1
1,1,0.5131634,9,2
1,1,0.81244355,6,1
0,0,0.010595913,1,2
0,1,0.50525594,6,2
1,1,0.9709081,1,1
0,0,0.095386036,8,1
0,0,0.000104151535,9,2
1,1,0.85088295,2,2
0,0,0.03733122,9,2
0,0,0.45129097,2,2
1,1,0.9111413,1,2
0,0,0.0014456545,1,2
1,0,0.20891048,1,1
0,0,0.2363645,8,1
0,0,0.11490048,3,1
1,1,0.96427464,1,2
1,1,0.5084705,9,2
1,1,0.7490919,9,2
0,1,0.8010963,9,1
0,0,0.006202718,1,1
1,1,0.5915946,1,2
0,0,0.00227132,2,1
0,0,0.00033779163,1,2
1,1,0.95737046,6,1
0,0,0.023531586,6,1
1,1,0.78814155,1,1
1,1,0.59005845,6,2
1,1,0.99176687,1,1
1,1,0.96104914,6,2
1,1,0.8809276,6,2
0,0,0.01683091,1,1
1,1,0.9169761,1,1
1,1,0.99291354,1,1
1,1,0.9932475,1,1
1,0,0.2359212,3,1
1,0,0.08629738,9,1
1,1,0.9848669,9,1
1,1,0.7329008,9,2
1,1,0.9817234,2,1
1,0,0.47637373,1,2
0,0,0.20847324,8,2
0,0,0.4905264,1,2
0,1,0.73796284,8,1
1,1,0.9104643,1,1
1,1,0.85380614,8,1
0,0,0.039217893,1,2
1,0,0.30074072,3,2
1,1,0.97777027,1,2
1,1,0.95658916,3,2
1,1,0.9818149,1,1
1,1,0.9287401,1,1
0,1,0.9432571,1,2
0,1,0.51980406,8,2
0,0,0.10796237,8,1
0,1,0.7580742,1,1
0,0,0.20959055,8,1
0,0,0.22038274,6,2
1,1,0.92525786,1,2
0,0,0.0010163466,1,2
1,1,0.8797442,9,2
1,1,0.58180594,1,1
0,0,0.22893016,6,1
1,0,0.34319228,9,1
0,0,0.47904846,1,1
0,0,0.08203162,9,2
0,0,0.08573109,6,2
1,1,0.6554533,1,1
0,0,0.068691015,1,1
1,1,0.8805437,1,2
0,0,0.42174098,9,2
1,1,0.98040926,6,2
1,1,0.9697623,6,1
0,0,0.11630122,9,2
0,0,0.020363241,6,2
1,1,0.90503615,6,1
0,0,0.101780355,9,1
0,1,0.5162328,5,1
1,1,0.9774359,6,2
0,0,0.39500934,8,2
0,0,0.0019673111,8,1
1,0,0.4192843,1,2
1,1,0.70508385,9,1
1,1,0.72278845,1,1
0,0,0.10465594,1,2
0,0,0.31268618,9,2
0,0,0.0008384278,8,1
0,0,0.009412807,1,1
1,1,0.6958013,1,2
1,0,0.13732256,8,2
0,0,0.0008006198,8,2
1,0,0.28211215,1,1
1,1,0.94324875,6,2
0,0,0.17351083,1,2
0,0,0.22536393,9,2
1,1,0.90372384,6,2
0,1,0.73742044,1,1
1,0,0.43041232,9,2
1,1,0.95878804,6,2
1,1,0.992778,1,1
0,0,0.15650249,8,1
0,1,0.5678375,8,1
1,1,0.8258144,1,1
0,0,0.37352568,8,1
1,0,0.46363154,1,2
0,0,0.04130722,9,2
0,0,0.012132817,8,1
0,0,0.22435044,1,2
1,1,0.98906404,1,1
1,0,0.33477563,6,1
0,0,0.3793636,6,1
1,1,0.96267176,9,1
1,1,0.9757488,1,1
0,0,0.3449804,6,2
0,0,0.014481105,1,2
0,0,0.0011022945,8,2
1,1,0.99076945,1,1
1,1,0.9215805,1,1
1,0,0.49564505,9,1
0,0,0.4141639,1,1
1,0,0.4454859,1,1
1,1,0.8758422,9,1
1,1,0.7852182,1,2
0,1,0.6674428,1,1
0,0,0.06481548,8,2
1,1,0.918538,6,2
0,1,0.6569463,9,1
0,0,0.0056509334,1,1
1,1,0.94155794,1,1
0,1,0.65631384,9,1
1,1,0.9379954,6,2
0,0,0.21087407,9,1
0,0,0.22186798,1,2
1,1,0.88825214,1,1
1,1,0.9506135,1,1
0,1,0.984098,1,2
0,0,0.021901034,8,2
1,1,0.9189878,2,1
0,0,0.0012144106,1,1
0,0,0.046925247,6,1
0,1,0.75543004,1,2
1,1,0.9334547,6,2
0,0,0.36782533,8,2
0,0,0.046990003,8,2
0,1,0.95386493,6,2
0,0,0.009794784,6,2
0,1,0.86536473,1,2
0,0,0.49247557,9,2
1,1,0.89541054,1,1
1,1,0.88905543,1,1
0,0,0.28893232,2,2
0,0,0.019164566,9,1
0,1,0.6945683,1,1
1,1,0.5868384,1,2
1,1,0.90046716,2,2
1,1,0.9791926,9,1
0,0,0.018192954,9,2
1,1,0.5888949,1,2
1,1,0.6862193,1,1
1,0,0.24461184,1,2
0,0,0.43987915,8,2
1,1,0.98980707,1,1
1,1,0.6501913,1,2
0,0,0.29536968,2,1
1,0,0.35092133,1,2
0,0,0.00021391221,1,2
1,0,0.041623183,1,2
0,0,0.17701808,9,1
0,0,0.0036751186,1,1
1,1,0.79856056,9,1
0,0,0.31118318,2,1
1,1,0.5792479,6,1
0,0,0.0047746785,1,2
1,1,0.9560029,6,1
0,0,0.3211739,8,2
1,1,0.8810626,1,1
1,0,0.080057666,9,2
1,1,0.94684273,9,1
0,0,0.1093722,1,1
0,0,0.046239585,8,2
0,0,0.3769971,6,2
1,1,0.8775105,1,2
1,1,0.76028746,1,2
0,0,0.0074225706,9,2
0,0,0.017738916,1,1
0,1,0.90945584,8,1
1,1,0.65788794,1,1
1,1,0.9900423,1,2
0,0,0.0029192788,2,1
1,1,0.9793108,1,2
1,1,0.83795613,1,1
1,1,0.9630621,1,1
0,0,0.059126757,8,2
1,1,0.94871163,1,1
1,0,0.40292498,1,2
0,0,0.23484313,9,2
1,1,0.89958507,6,1
1,1,0.9680429,1,1
1,1,0.8192097,1,2
0,0,0.00016604892,6,1
1,1,0.90472835,6,1
0,0,0.0039191456,6,2
0,0,0.15401618,1,2
1,0,0.23461005,1,2
0,0,0.17468536,8,2
1,1,0.97151643,1,1
0,1,0.7167408,1,2
0,0,0.009686121,1,2
1,1,0.84811115,1,2
0,0,0.44667378,1,1
0,0,0.23889841,1,1
1,1,0.7014614,8,2
1,1,0.88857234,6,2
0,0,0.12502232,2,2
0,1,0.7654759,9,1
0,0,0.0034966946,6,1
0,0,0.009351375,8,2
0,0,0.016313225,9,2
1,1,0.9223138,2,1
1,1,0.6063226,1,1
0,0,0.00081442413,8,1
1,1,0.8069081,1,2
1,1,0.8105252,6,2
1,1,0.53248936,1,1
0,0,0.03954483,1,1
0,1,0.6560067,1,2
1,1,0.6847047,1,2
1,1,0.97532517,2,2
0,0,0.046746194,1,1
0,0,0.030638674,9,2
1,1,0.9005216,1,2
1,1,0.94145334,6,2
1,1,0.91945094,1,1
0,0,0.08529436,6,2
1,1,0.9847674,6,1
1,0,0.16988495,8,1
0,0,0.022002967,8,2
0,1,0.78886473,6,1
0,1,0.66266906,6,1
1,0,0.23641369,6,1
0,0,0.002039118,1,2
0,1,0.73159957,1,1
0,0,0.0006733275,8,1
0,1,0.57746077,8,2
0,0,0.028405208,8,2
1,1,0.9206443,1,2
1,1,0.8288544,1,1
1,1,0.60121644,8,1
1,0,0.08156034,8,2
0,0,0.496516,1,1
1,1,0.67938125,9,1
0,0,0.38412887,9,1
1,1,0.82739115,1,1
0,0,0.099458836,1,2
1,0,0.18031815,9,1
0,0,0.12130133,6,2
1,1,0.9588486,1,1
0,0,0.39667237,9,2
0,1,0.74996316,9,1
1,0,0.42974925,1,1
1,1,0.95120364,9,1
1,1,0.68278855,6,1
0,1,0.5170504,8,2
1,1,0.88359064,9,2
1,1,0.83737344,1,2
0,0,0.016345141,8,2
0,0,0.33895233,3,2
0,0,0.2872198,1,1
1,0,0.28548577,1,2
1,1,0.9762214,6,1
1,1,0.78683287,3,1
1,0,0.39476678,1,1
0,0,0.015742406,6,2
1,1,0.8954751,9,1
0,0,0.41985357,6,2
1,1,0.9617344,1,2
0,0,0.46235374,1,2
1,0,0.4078547,9,2
1,1,0.9618036,1,2
0,0,0.376119,9,2
0,0,0.28719664,1,2
0,0,0.073305875,8,1
0,0,0.022821536,9,1
1,0,0.17133707,1,2
0,0,0.21404718,1,2
1,1,0.81530666,1,1
1,1,0.6885573,1,2
1,1,0.8912742,1,1
1,1,0.6198719,2,1
0,1,0.64444125,2,2
0,0,0.011692332,1,1
1,0,0.10706836,1,1
0,1,0.830414,6,1
0,0,0.25409707,8,2
1,1,0.9415726,6,2
0,0,0.2675755,7,2
0,0,0.049180865,8,2
1,1,0.6757453,1,1
1,0,0.3755524,1,2
0,0,0.10693359,8,1
1,1,0.92215955,6,1
1,1,0.9188234,1,1
1,1,0.7518777,8,1
0,0,0.23431762,8,1
1,1,0.85563064,1,1
1,1,0.8721479,1,1
1,1,0.95379806,1,1
0,1,0.7300024,1,1
0,0,0.33562776,8,1
1,1,0.95059216,1,1
0,0,0.026319358,9,2
0,0,0.26640913,8,1
0,1,0.5004729,6,1
1,1,0.9732872,1,1
0,0,0.0014381402,6,1
0,0,0.06456511,6,2
0,0,0.35754797,2,2
0,0,0.060244508,1,2
1,1,0.8962347,1,2
0,1,0.87452865,6,1
0,0,0.02722156,6,1
0,1,0.59759206,6,1
1,1,0.5491151,6,1
0,0,0.029926881,1,1
1,0,0.42895478,1,1
0,1,0.61924064,1,1
0,0,0.068407185,8,2
0,0,0.3181889,8,2
0,0,0.0016566362,8,2
1,1,0.947726,6,1
0,0,0.4776746,8,1
1,1,0.5439406,6,2
0,0,0.19085072,9,2
0,0,0.39723957,8,1
1,1,0.96276104,9,1
1,1,0.8444608,1,2
1,0,0.2561029,1,2
1,1,0.9953542,9,1
0,0,0.18097489,1,2
1,1,0.9785523,1,1
0,1,0.5725517,2,2
0,0,0.018861558,1,1
1,1,0.8683758,2,2
0,0,0.02930799,8,1
1,1,0.99665064,1,1
0,0,0.016247816,1,2
0,0,0.23433854,9,2
0,0,0.049057566,8,2
1,1,0.9620776,1,1
1,1,0.9822551,1,1
0,0,0.17178422,9,1
0,1,0.72999656,1,1
1,1,0.7412114,6,2
1,1,0.72278154,6,1
1,1,0.7156306,6,2
0,0,0.0047389995,1,2
1,0,0.41624933,2,2
1,1,0.9525892,8,1
1,1,0.88377744,1,2
0,0,0.0005165595,8,2
0,0,0.26996925,9,2
1,1,0.68757224,1,1
0,1,0.7493979,9,2
0,0,0.09577061,6,2
0,0,0.11577996,1,1
1,1,0.9892519,1,1
1,1,0.82679,1,1
1,1,0.80312943,6,2
0,0,0.0018021282,1,2
0,1,0.54976803,2,2
0,1,0.64859736,9,2
1,1,0.96364546,1,1
1,1,0.7912741,8,1
0,0,0.13800353,8,2
0,0,0.15042304,9,1
0,0,0.010106355,9,2
0,0,0.053909805,8,2
1,1,0.6955293,1,2
0,0,0.1213053,1,2
1,1,0.86845976,6,1
1,1,0.9796554,2,1
0,0,0.03910962,8,1
0,0,0.042274967,6,2
0,0,0.05361545,8,2
0,0,0.23092158,9,1
1,1,0.6459847,9,2
0,0,0.044954006,2,1
0,0,0.07152429,1,2
0,1,0.86837506,6,2
1,0,0.33800018,1,1
1,0,0.26899663,9,1
1,0,0.34852955,1,2
0,1,0.8179628,1,2
0,0,0.01767214,9,1
1,1,0.9436151,1,2
0,0,0.4524438,1,2
0,0,0.040715028,6,1
0,0,0.01304686,1,1
0,0,0.0095838,9,2
0,1,0.6947787,8,2
0,1,0.5620673,1,1
0,0,0.297923,9,1
1,1,0.8896609,1,2
0,0,0.060116842,8,1
0,0,0.34429005,1,2
0,1,0.78051794,9,1
0,0,0.025202429,9,1
0,0,0.161696,6,2
1,1,0.9751041,1,1
1,1,0.9782492,1,1
1,1,0.9568539,6,2
0,0,0.022747673,9,1
0,0,0.09517285,8,2
1,1,0.97010505,1,2
0,0,0.016814403,8,1
1,1,0.9301731,9,2
0,0,0.28844193,1,2
0,0,0.24591084,9,2
0,0,0.12582324,1,2
0,0,0.09859269,1,2
1,1,0.9503403,1,1
0,0,0.07361503,1,1
0,0,0.22248684,3,2
1,1,0.96288747,1,1
0,0,0.09863956,1,2
1,1,0.62666875,1,1
0,0,0.0037793936,1,1
1,1,0.740658,1,1
1,1,0.6791845,6,1
0,1,0.7019186,8,1
0,1,0.7252353,9,2
1,1,0.93758285,1,1
0,0,0.2126263,1,1
0,0,0.12198041,9,2
0,1,0.9524898,6,2
0,0,0.3514626,1,1
0,1,0.5014763,2,1
1,1,0.79635304,1,1
1,1,0.8319293,9,1
1,1,0.921821,2,2
0,0,0.3624575,8,1
0,0,0.056817416,8,1
1,1,0.7446574,9,1
0,0,0.2838187,6,1
0,0,0.089179456,1,2
1,1,0.9259435,1,2
0,0,0.02637058,6,2
0,0,0.0061738146,9,2
1,1,0.6582883,1,2
1,1,0.50443876,3,1
0,0,0.00019829365,1,1
1,1,0.720079,1,2
0,0,0.4398613,1,2
1,1,0.87078184,1,2
0,0,0.028495865,8,2
1,0,0.20184872,9,1
0,0,0.026993461,8,2
0,1,0.69070226,1,1
1,0,0.43304366,8,2
1,1,0.7788479,1,2
0,0,0.16864878,9,1
0,0,0.3489077,9,2
0,0,0.008196786,2,2
0,0,0.20544675,8,1
1,1,0.9744117,1,1
0,0,0.40604553,6,2
1,1,0.70456564,6,2
0,0,0.29456452,8,2
1,1,0.847541,6,2
1,1,0.9791093,1,2
0,1,0.6195124,6,1
1,1,0.98110837,8,1
0,0,0.15456872,9,1
0,0,0.4018944,2,2
1,1,0.97976583,1,1
1,1,0.74460584,2,1
1,1,0.571461,9,1
0,0,0.020393673,1,1
1,1,0.96548927,1,2
0,0,0.0074566123,1,2
1,1,0.5993748,8,1
0,1,0.6851896,9,1
1,1,0.96616447,1,2
1,1,0.9939843,6,1
0,0,0.3038538,9,2
1,1,0.9198529,1,1
0,0,0.059102554,2,2
1,1,0.90114236,1,1
0,1,0.6776142,6,1
1,1,0.94717866,1,2
1,1,0.9951755,1,1
1,1,0.5300663,6,2
0,0,0.074985154,8,2
0,0,0.02207784,8,1
1,0,0.43567985,1,2
0,0,0.49509603,8,1
0,0,0.031658374,9,1
0,0,0.008979762,8,2
0,0,0.009069249,2,2
0,1,0.67466944,1,2
1,1,0.89321965,1,1
1,1,0.9747278,1,1
0,0,0.006035513,6,1
0,1,0.5234477,8,1
1,1,0.9813362,9,1
1,1,0.9316452,2,2
0,0,0.108295575,6,1
0,1,0.55614436,1,1
0,0,0.00039209414,8,1
0,0,0.06690208,1,2
1,1,0.9041271,1,1
0,0,0.025383199,1,2
0,0,0.034028698,6,2
1,1,0.8491141,8,2
0,0,0.44246775,8,1
1,1,0.8770313,6,1
0,0,0.074076295,8,1
0,0,0.024508383,8,2
1,1,0.9507246,1,2
1,1,0.92294484,6,2
1,1,0.6633339,6,2
1,1,0.8740156,1,2
0,0,0.3432487,8,1
0,0,0.036365617,8,1
1,0,0.17195761,6,2
0,0,0.026296208,8,2
1,1,0.84831595,9,2
1,0,0.49234924,6,1
0,0,0.4610904,1,2
0,0,0.0025754585,9,2
1,1,0.9689603,6,1
0,0,0.16345915,9,1
1,1,0.7624372,1,1
0,0,0.13540949,1,2
1,1,0.96156716,8,1
0,0,0.16545756,9,2
0,0,0.18603648,8,1
0,0,0.049989797,2,1
1,1,0.8642113,6,2
0,0,0.07660777,2,2
0,0,0.38963902,8,2
1,1,0.9941122,1,1
1,1,0.6745768,8,1
1,1,0.8262405,1,1
0,0,0.29259828,8,1
1,1,0.8877326,8,1
1,0,0.443261,1,2
1,1,0.875895,9,1
0,0,0.2528517,9,2
1,0,0.030886618,9,1
0,0,0.07876402,9,2
0,1,0.5907677,2,1
0,0,0.21271874,1,2
1,0,0.10145869,6,2
0,1,0.9834152,8,1
1,1,0.73739886,6,1
1,1,0.6472087,1,1
1,1,0.9964749,1,1
1,0,0.2913049,1,1
1,1,0.7228454,1,1
0,0,0.012627636,6,1
0,0,0.08377834,8,2
1,1,0.9803853,6,2
0,0,0.01772371,9,2
1,1,0.5261835,1,2
0,0,0.35445067,6,1
0,0,0.111272566,1,1
0,0,0.23240782,6,1
1,1,0.79111284,9,2
1,1,0.72564876,1,1
1,1,0.93269587,6,2
1,0,0.4216152,1,1
1,1,0.795485,1,2
1,1,0.6287406,1,2
0,0,0.093357936,9,2
0,1,0.8360145,1,2
1,1,0.94344383,1,2
0,0,0.11064607,6,2
0,0,0.24211107,6,1
0,0,0.015702479,1,2
0,0,0.15682033,1,2
1,1,0.9233873,6,2
0,0,0.0022790171,8,1
0,0,0.083017305,8,1
1,1,0.54571795,6,1
0,1,0.9736169,1,1
1,1,0.93484664,1,1
0,0,0.0297594,1,2
1,1,0.9311539,8,1
0,0,0.4379597,1,2
1,1,0.96438116,1,1
1,1,0.8950784,9,1
1,0,0.08713298,8,1
1,1,0.8448947,9,1
1,1,0.88315165,2,1
1,1,0.9760833,1,1
0,0,0.1524697,6,1
0,0,0.25561985,8,1
1,1,0.88475424,6,2
0,0,0.09669378,8,2
1,1,0.6958818,6,1
1,1,0.99556255,1,1
0,0,0.27530506,2,1
1,1,0.951026,1,1
1,1,0.63197047,9,2
0,0,0.00030844452,9,2
1,0,0.31802732,1,2
0,1,0.5164111,6,2
1,1,0.5162126,8,2
0,0,0.066744246,8,1
0,0,0.18389182,9,2
0,0,0.073956564,1,1
0,1,0.5913523,9,2
0,0,0.0057146954,8,2
0,0,0.05776645,8,1
1,1,0.61987966,6,2
0,0,0.00035381736,9,2
1,0,0.13533926,8,1
0,0,0.038586117,1,2
0,0,0.42742473,1,1
1,1,0.9666607,1,1
1,1,0.6692984,2,2
0,0,0.3151114,8,1
1,0,0.27803674,8,1
0,0,0.0025853245,9,2
1,1,0.5879812,1,2
0,1,0.86335015,1,2
1,1,0.7711243,1,2
1,1,0.8240843,6,1
0,0,0.17511018,1,1
0,0,0.0031426314,1,2
0,0,0.15905298,8,1
0,0,0.14644028,1,1
0,0,0.28518492,8,2
0,0,0.06190395,8,2
1,1,0.92404145,1,1
0,0,0.052954506,8,1
1,1,0.9874464,2,2
0,0,0.21938081,8,1
1,1,0.71267146,1,1
0,0,0.057936396,1,2
1,1,0.9496195,9,1
1,1,0.97763926,1,1
0,0,0.04002184,1,1
0,0,0.11549939,8,1
0,0,0.21253602,6,2
1,1,0.98151785,1,1
0,0,0.23212884,1,2
0,1,0.7625671,1,1
0,1,0.69098336,8,1
0,0,0.019491227,8,1
0,0,0.0128504215,3,2
1,1,0.9262464,1,1
1,1,0.92050254,1,1
1,1,0.8967182,1,1
0,0,0.041035827,8,2
0,0,0.043977823,1,1
0,0,0.103174604,6,2
1,0,0.43051505,9,1
1,1,0.6051001,6,1
0,1,0.9839193,6,1
1,0,0.44707644,6,1
0,0,0.18782683,2,1
1,1,0.98598933,1,1
0,1,0.9599694,6,2
1,1,0.9424437,1,2
0,0,0.09869273,6,1
1,1,0.98652667,1,1
0,0,0.19541305,8,1
0,0,0.3099841,8,1
0,0,0.05909011,6,2
0,1,0.97507155,6,1
0,0,0.23346125,9,1
0,0,0.0009123251,1,1
0,0,0.009383265,8,2
0,0,0.0012330497,6,1
0,0,0.016395172,6,1
1,0,0.23070154,6,2
0,0,0.0025842916,2,1
1,1,0.88092285,8,1
1,1,0.95496553,1,2
0,0,0.43929708,1,2
0,0,0.30255997,9,1
1,1,0.8278904,9,1
1,0,0.26873428,3,2
1,1,0.8364519,6,2
0,0,0.13219993,1,2
0,0,0.051979367,1,1
1,1,0.841078,1,1
1,1,0.89874613,1,1
1,1,0.98466486,6,2
0,0,0.24551678,6,1
0,0,0.0018676274,8,1
0,1,0.64118606,9,1
1,0,0.316114,8,2
0,0,0.040316593,8,2
0,0,0.13172585,1,2
1,1,0.9366425,6,2
0,0,0.08869503,1,2
0,0,0.21247464,9,1
1,0,0.2118819,8,1
1,1,0.5144548,8,2
0,0,0.15222932,1,1
1,1,0.79855525,1,2
0,0,0.03473948,1,2
1,1,0.70722526,1,2
1,1,0.5587225,1,1
0,0,0.034933053,6,2
0,0,0.26313516,1,2
1,0,0.36066315,6,2
0,0,0.423199,6,2
0,0,0.05564642,8,2
1,1,0.75463235,6,2
1,1,0.7525679,9,2
0,1,0.66289836,1,2
1,1,0.5442058,1,1
0,0,0.061299227,8,1
0,0,0.14043394,8,2
0,1,0.808863,8,1
0,1,0.8683219,9,2
1,1,0.79438007,8,2
0,0,0.41325137,8,2
0,1,0.74737006,8,1
1,1,0.98783386,6,1
0,1,0.64386106,1,2
0,0,0.1476105,8,2
0,0,0.15681641,9,1
1,1,0.9346517,1,2
0,0,0.19087127,6,1
1,1,0.95646924,2,2
0,1,0.6593298,1,2
0,0,0.2182679,1,2
0,0,0.09111566,9,1
1,1,0.8095064,1,2
0,0,0.22489792,1,2
0,1,0.50756437,9,2
0,1,0.5580095,8,1
1,1,0.89247924,1,1
0,0,0.048049845,7,2
1,1,0.9634689,8,1
1,1,0.80009705,9,1
0,1,0.70220804,1,2
0,0,0.09148289,9,2
1,1,0.98192465,9,1
0,0,0.20085412,9,2
1,0,0.26162386,8,2
1,1,0.9975822,6,2
1,0,0.047439147,1,2
1,1,0.96031535,6,2
0,0,0.15113567,1,1
0,0,0.14052425,1,2
0,0,0.013128886,8,1
0,0,0.012116761,9,2
0,1,0.7019964,6,1
0,0,0.027399193,1,2
0,0,0.14437154,1,2
1,0,0.4526338,9,1
1,0,0.3984837,1,1
1,0,0.29812074,9,2
1,1,0.92128927,1,1
1,1,0.5870137,6,1
0,1,0.81464434,1,1
0,0,0.010459907,2,1
1,1,0.9799509,1,1
1,1,0.97349995,6,2
1,1,0.9093744,1,2
1,1,0.89901316,1,2
0,0,0.18750371,9,1
1,1,0.99824,1,2
0,1,0.87001944,1,2
0,0,0.079259895,1,1
0,0,0.327912,9,1
0,0,0.007961166,8,2
1,1,0.9812092,1,1
1,0,0.13230981,6,1
1,1,0.991389,6,1
0,0,0.008780553,8,2
1,1,0.87672406,9,1
1,1,0.8485382,1,1
1,1,0.96531105,2,1
0,0,0.0066318144,8,2
1,1,0.8121948,6,2
1,0,0.242349,6,2
0,0,0.0134235555,9,1
0,0,0.23835595,1,2
0,0,0.15188926,2,1
0,0,0.0020103296,1,1
0,0,0.024906132,2,1
0,0,0.0008159727,1,1
1,1,0.71065074,8,1
1,1,0.9913277,8,1
1,1,0.9776054,1,1
0,0,0.1689638,6,1
0,1,0.6855061,6,2
1,1,0.9943752,6,1
1,1,0.97403616,1,1
1,1,0.8918184,1,1
1,1,0.54766357,1,1
0,0,0.2249889,9,1
1,0,0.4099519,9,2
1,1,0.81904244,9,2
0,0,0.008388379,8,2
1,1,0.7760722,8,1
0,0,0.005356826,1,2
1,1,0.5639767,1,2
0,0,0.03303821,1,2
0,0,0.05839839,1,2
1,1,0.9261783,9,2
1,1,0.9124274,1,1
1,1,0.84844184,1,1
0,0,0.096368276,9,2
1,0,0.08430342,6,1
0,0,0.0010552664,1,1
0,0,0.0010888807,9,2
1,1,0.9503169,2,2
0,0,0.32826743,1,1
1,0,0.35990316,1,1
1,1,0.95068276,1,2
1,1,0.97621447,6,1
0,1,0.80425763,1,2
0,0,0.023120541,9,1
0,0,0.064100735,1,2
1,1,0.9526722,1,1
1,1,0.5018037,9,1
1,1,0.9686688,1,2
1,0,0.43542948,8,1
1,0,0.3432656,8,1
1,1,0.94414485,9,1
1,0,0.2850746,2,1
1,1,0.98581845,6,1
1,1,0.9827079,1,1
0,0,0.101494804,9,2
0,0,0.11904293,8,1
1,1,0.9753803,6,1
1,1,0.6086667,9,2
0,0,0.023215001,6,2
0,0,0.00270274,9,1
0,0,0.18370405,9,2
0,1,0.70470434,2,1
0,0,0.006298733,8,2
1,1,0.95700574,1,2
0,1,0.96810216,8,2
1,1,0.97801375,2,2
1,1,0.87337863,1,1
1,1,0.5890382,1,1
1,0,0.22153956,2,2
1,1,0.8943679,1,2
1,1,0.929969,2,2
0,1,0.6311243,6,1
1,1,0.900392,1,1
0,1,0.9777299,6,1
1,1,0.94330364,1,2
0,1,0.5456741,9,1
0,1,0.6752317,6,1
1,0,0.4320531,6,2
0,0,0.0049598324,1,1
0,1,0.5253462,1,2
0,0,0.15882367,2,2
0,0,0.4501257,8,1
1,0,0.017850058,8,2
1,0,0.18524384,8,1
0,0,0.26571292,1,2
0,0,0.0010419015,1,2
0,0,0.16450948,2,1
0,1,0.81013393,1,2
0,0,0.17422494,8,1
0,1,0.6067181,1,1
0,0,0.119292326,6,1
0,0,0.2647097,1,1
1,1,0.55202717,1,1
0,0,0.0025281624,6,2
1,1,0.74814105,1,1
0,1,0.5298281,6,2
1,1,0.8027786,1,2
0,0,0.22412835,8,1
0,1,0.50859326,2,1
0,0,0.016936231,1,1
1,1,0.8494565,1,2
0,0,0.28885496,2,1
0,0,0.00290512,9,2
1,0,0.37726894,3,2
1,0,0.44921044,1,2
0,0,0.22073244,8,1
1,1,0.8476756,9,2
1,1,0.60710776,1,2
1,1,0.9755774,6,1
0,0,0.19908793,1,1
0,0,0.38241765,6,1
1,0,0.40829626,1,2
0,0,0.0028796291,3,2
0,1,0.52535814,9,1
1,0,0.31216395,1,2
0,0,0.058131777,8,2
1,1,0.87096655,8,1
1,1,0.90857416,1,1
1,1,0.8388258,1,1
1,0,0.48193374,1,1
1,1,0.92950696,9,1
1,0,0.22492287,1,1
0,0,0.0451232,8,1
0,0,0.494684,1,1
0,0,0.07329726,6,1
1,1,0.88073146,6,1
1,1,0.69089866,6,2
1,1,0.99081236,1,2
1,1,0.9853635,6,1
0,0,0.16539152,9,2
0,0,0.056821376,8,2
1,1,0.9460744,1,1
1,1,0.63226867,1,2
0,0,0.09079719,1,2
0,0,0.00018195913,9,1
0,0,0.0003772123,8,1
0,0,0.022765875,6,2
1,1,0.62738425,1,2
1,1,0.8696868,1,1
1,0,0.43533584,1,2
1,1,0.5212998,9,2
0,0,0.11361664,9,2
0,0,0.00070387917,8,2
1,1,0.82688904,8,2
1,0,0.377173,1,1
1,1,0.90626967,1,1
0,0,0.15810771,8,2
1,1,0.5504236,2,1
1,1,0.9295246,1,1
0,0,0.12669072,1,1
0,0,0.014979458,1,2
0,1,0.8166927,6,2
0,0,0.12838578,1,1
0,0,0.33822495,6,1
1,1,0.9266272,1,1
0,0,0.19762994,8,1
0,1,0.59560823,1,1
0,0,0.0012444278,1,2
0,0,0.09042163,8,1
0,0,0.20786017,9,2
0,0,0.013754651,9,2
0,0,0.23570794,9,1
1,1,0.99649125,1,2
0,0,0.018339658,9,2
1,1,0.6190932,1,2
0,0,0.0010092153,6,1
1,0,0.14692578,6,2
0,0,0.39331755,1,1
1,1,0.9950964,6,1
1,1,0.8689355,1,2
1,1,0.9839304,9,1
0,0,0.49376574,2,2
0,0,0.3520006,9,1
0,1,0.7196301,8,1
0,0,0.18034196,6,1
0,0,0.002434257,8,2
0,0,0.0089922,8,2
0,0,0.3200441,1,1
1,1,0.6625095,6,1
1,1,0.5932963,1,2
0,0,0.1952117,8,1
1,1,0.88946307,9,1
0,0,0.46671528,9,1
0,0,0.3890875,9,2
1,1,0.98148763,1,2
0,0,0.22238529,5,1
1,1,0.8301021,1,1
1,0,0.14814089,6,2
0,0,0.47250134,8,2
0,0,0.08165526,1,2
1,1,0.95198345,1,2
1,1,0.9873124,1,2
1,1,0.8500824,2,2
1,0,0.34594965,6,2
0,0,0.16832773,9,2
1,1,0.9407414,9,2
0,1,0.91311944,6,2
1,1,0.6813054,1,1
0,0,0.0012338574,1,2
1,1,0.94778347,1,1
0,0,0.07919678,6,1
1,1,0.8968303,1,1
0,0,0.21253602,6,2
0,0,0.0005177443,6,2
0,0,0.2598395,9,1
1,1,0.5378531,9,1
0,1,0.51638526,1,1
0,0,0.0526217,6,2
0,0,0.041879926,6,1
1,1,0.84149873,8,1
0,0,0.4468876,1,1
1,1,0.9495852,1,1
1,1,0.99681133,6,1
1,0,0.48619273,1,1
1,1,0.5046399,9,1
1,0,0.19228463,9,1
1,1,0.84811604,1,2
0,0,0.33540708,1,2
0,0,0.014959427,9,2
0,0,0.25032878,9,1
0,0,0.056816813,1,1
1,1,0.9916604,1,1
1,0,0.15713443,9,1
0,1,0.797956,1,2
0,0,0.28587958,9,1
1,1,0.82842094,6,2
1,1,0.9508321,1,1
1,1,0.87597084,1,2
0,0,0.09856077,8,1
1,1,0.69971484,1,2
0,0,0.33158788,9,2
1,1,0.9539714,1,1
0,0,0.10881601,1,1
1,0,0.3917289,8,2
0,0,0.049831305,9,2
1,1,0.7978104,1,2
0,0,0.06098457,1,2
1,1,0.9424295,6,2
0,0,0.3985461,9,1
1,1,0.98543555,6,2
1,0,0.41336647,1,1
0,0,0.026543766,9,2
0,0,0.005921108,1,2
0,1,0.69537985,8,1
1,1,0.62640005,9,1
1,1,0.78714395,6,2
0,1,0.9637048,1,1
1,1,0.55220085,1,2
0,0,0.00042445833,9,2
1,1,0.80780166,1,1
0,0,0.021566885,6,2
0,0,0.0041834614,9,1
1,1,0.95776254,1,1
1,0,0.30782568,1,2
0,0,0.47066492,8,2
0,0,0.07706883,1,2
0,1,0.7669444,8,1
1,1,0.9265513,6,1
0,0,0.05438768,8,1
1,1,0.9782761,1,2
1,1,0.81903714,2,1
1,1,0.67406976,1,1
0,0,0.021601943,6,2
1,1,0.98583037,9,2
0,1,0.59752303,8,2
0,0,0.0008799881,2,1
0,1,0.5190109,1,1
0,0,0.0015688483,1,2
1,1,0.79470253,8,2
1,0,0.24495032,6,2
0,0,0.11397498,9,2
0,0,0.30442828,9,2
0,0,0.09256731,8,1
1,0,0.44870433,9,2
1,1,0.9292584,1,1
1,1,0.6710083,6,2
1,1,0.931825,1,2
1,1,0.8295863,6,2
1,1,0.93522215,6,2
0,0,0.06824776,9,1
1,1,0.87166494,1,1
1,1,0.6420073,1,1
1,1,0.9903724,1,1
0,0,0.28728124,6,2
0,0,0.073212445,8,2
0,0,0.0030142802,6,2
0,0,0.49848476,1,2
1,1,0.63458794,1,2
1,1,0.8147262,1,2
0,0,0.038930614,8,2
1,1,0.9618592,1,2
0,0,0.004943586,8,2
0,0,0.20305079,1,2
1,1,0.6744696,8,2
0,0,0.15568295,8,1
1,1,0.9915798,1,1
1,1,0.9975084,1,1
1,1,0.9935806,1,1
0,0,0.4779336,1,2
0,0,0.06835551,1,2
0,1,0.70757675,1,1
0,1,0.6184348,1,1
0,1,0.89080155,9,1
0,0,0.25832278,9,1
0,0,0.15246774,6,1
0,0,0.009863626,9,1
0,0,0.42392597,6,1
0,0,0.044873882,8,2
1,1,0.99842167,8,1
0,0,0.025592443,9,2
0,0,0.041571748,8,1
1,1,0.84494907,6,2
0,0,0.001605424,1,1
0,0,0.121020995,9,2
1,1,0.8677139,1,2
1,1,0.9634845,9,1
0,0,0.34072307,1,2
0,0,0.1348241,8,1
0,0,0.31859517,1,2
1,1,0.7547494,1,1
0,0,0.010460934,6,2
1,0,0.048158206,8,1
0,1,0.58990645,1,2
0,0,0.013347146,1,2
0,0,0.002981319,1,1
1,1,0.9531342,6,2
0,0,0.008286377,8,1
1,1,0.90284616,1,2
0,0,0.12669551,1,2
0,0,0.24729902,6,1
0,0,0.46656162,9,1
0,0,0.16759028,9,2
1,1,0.7217791,1,1
0,0,0.057427835,8,1
1,1,0.912981,1,2
1,0,0.39539826,9,1
0,0,0.030662442,6,1
0,0,0.20619899,1,1
1,1,0.60436994,1,2
0,0,0.09706283,8,2
0,0,0.00046632948,1,2
1,1,0.9504412,2,1
1,1,0.9742654,1,1
1,1,0.55963737,6,2
0,0,0.019057976,1,2
0,0,0.03721926,5,2
1,0,0.48169708,8,1
0,0,0.44664678,8,1
1,1,0.98032516,6,1
0,0,0.24311796,8,1
0,0,0.07695122,8,2
1,0,0.38259205,1,2
0,0,0.0174563,6,1
0,0,0.006287021,8,2
1,0,0.4813043,1,2
0,1,0.5585551,8,1
1,1,0.9655665,1,1
0,0,0.46896985,1,2
1,1,0.93405855,1,1
0,0,0.007907587,1,1
1,1,0.97576356,6,1
1,0,0.31217578,1,2
0,0,0.3660068,8,2
0,1,0.87984097,8,2
0,0,0.019248199,8,1
0,1,0.9836165,1,1
1,1,0.8653188,1,1
1,0,0.4543572,8,2
0,0,0.010748159,8,1
1,1,0.85572493,9,2
1,1,0.99281573,6,1
1,1,0.97256845,6,1
1,1,0.82416975,1,2
0,0,0.42641422,1,2
0,0,0.059073206,1,1
0,1,0.5460374,1,1
0,0,0.15543081,1,2
1,0,0.4862845,9,1
1,1,0.8380937,1,1
1,1,0.9882917,1,2
0,0,0.25928238,1,1
1,1,0.6784915,1,1
1,1,0.9372232,1,2
0,0,0.010528614,6,2
0,0,0.0027318513,1,2
0,0,0.3719091,2,2
1,1,0.9114479,1,2
1,0,0.15470621,2,2
0,0,0.18161824,8,1
1,1,0.8355099,1,1
1,1,0.5484853,9,2
0,0,0.012466573,9,1
0,1,0.6224791,1,2
1,0,0.16037188,1,1
0,0,0.2524398,2,1
1,1,0.87606347,6,2
1,1,0.97807604,1,2
0,0,0.17774035,6,1
0,0,0.004067537,6,1
0,0,0.014389219,9,2
1,1,0.83789456,8,1
0,0,0.4829647,1,1
1,1,0.7384454,8,2
0,1,0.8220613,9,1
1,1,0.94653803,1,2
1,1,0.7633816,9,1
1,1,0.7005417,1,1
1,1,0.92800575,1,1
1,1,0.7915788,1,2
1,1,0.9065317,9,2
1,1,0.8131495,6,2
1,1,0.67239505,1,1
0,0,0.2037616,1,2
0,0,0.18182015,6,2
0,0,0.2972241,8,2
0,0,0.22760038,1,1
0,0,0.016052358,8,2
0,0,0.0044512185,9,1
0,0,0.02404244,1,1
1,1,0.7567595,1,1
0,0,0.050402008,8,2
1,1,0.80385864,1,1
1,1,0.8892298,1,1
1,1,0.91796273,6,1
1,1,0.7458036,1,2
1,1,0.82653356,1,2
0,0,0.07927714,8,2
1,1,0.9887406,9,2
1,1,0.9061749,6,1
0,0,0.05813798,1,1
0,0,0.17849456,8,1
0,0,0.026563419,8,2
0,0,0.0019430141,9,1
1,1,0.57246345,9,2
1,1,0.6145414,1,2
1,1,0.92534715,6,2
0,0,0.04872124,1,2
0,0,0.047261264,6,1
0,0,0.0033358985,8,1
0,0,0.12455627,9,1
0,1,0.59350365,1,2
0,0,0.40375143,1,2
0,0,0.0065938495,1,1
0,0,0.021473601,6,2
0,0,0.3326659,1,1
1,1,0.6265187,1,2
0,0,0.30307224,6,1
1,1,0.73470664,1,1
1,0,0.3302486,1,1
1,1,0.89109224,9,1
0,1,0.9114852,9,1
0,0,0.14294587,9,1
1,1,0.8857156,1,1
0,0,0.08190661,9,1
1,1,0.88459516,9,1
0,0,0.14625658,9,1
1,1,0.70638865,8,2
1,0,0.40972075,6,1
1,1,0.90033793,1,2
0,0,0.36856198,9,1
0,0,0.013279528,1,2
0,0,0.14217725,8,1
1,1,0.6475412,1,1
1,1,0.76438844,8,1
0,1,0.5159294,8,1
0,0,0.42546597,8,2
0,0,0.23965685,1,2
1,1,0.8014367,1,2
0,0,0.16349213,8,2
1,0,0.33373508,6,1
1,1,0.7301956,1,1
1,1,0.97070396,1,1
1,1,0.7958529,1,1
1,1,0.92551,6,1
1,1,0.9853774,1,1
0,0,0.0045974455,1,2
0,1,0.6598918,1,2
1,1,0.98823965,6,1
1,1,0.73437166,1,1
0,0,0.3309401,1,2
0,0,0.4429167,9,1
1,1,0.7705908,1,1
0,0,0.096019305,8,2
1,1,0.96476996,2,2
1,1,0.90678304,1,1
0,0,0.3908614,1,1
1,1,0.9293865,6,1
0,0,0.2908934,1,1
0,0,0.016540684,1,2
0,0,0.00085105695,1,2
0,0,0.00032661477,9,1
0,0,0.4923827,1,1
0,0,0.25721526,1,2
1,1,0.8280397,6,2
1,1,0.8773462,1,1
0,0,0.17767715,1,2
0,0,0.0287112,1,2
0,0,0.20348082,1,1
0,0,0.10882385,3,1
0,0,0.33388966,5,1
0,0,0.10876909,1,1
0,0,0.033172697,9,2
1,1,0.99043673,1,1
1,1,0.96302086,1,2
1,1,0.9290359,6,2
0,0,0.47819698,1,2
1,1,0.74137706,6,2
1,1,0.979626,5,2
1,1,0.9227531,1,2
1,1,0.96856064,1,1
1,1,0.97862935,1,2
1,1,0.88238025,1,1
0,0,0.0041656545,9,2
0,0,0.16787905,8,1
0,0,0.031613562,9,2
0,1,0.50053173,1,2
0,0,0.12021411,9,1
1,0,0.43337306,6,1
0,0,0.4746636,8,1
1,1,0.8296146,6,2
1,1,0.7519014,1,2
1,1,0.94804156,9,2
1,1,0.6105018,9,1
1,0,0.063512094,1,1
0,0,0.073100016,9,2
1,1,0.8848677,2,2
0,0,0.30656615,6,1
1,0,0.05240072,1,1
0,0,0.0063537336,6,2
0,0,0.37545797,1,2
1,1,0.7164427,8,1
0,0,0.09913359,9,1
1,1,0.8790869,1,1
1,0,0.15874842,1,2
1,1,0.91163397,8,1
1,1,0.857702,6,1
1,0,0.47478363,8,1
0,0,0.022447074,9,1
0,0,0.23952079,8,1
0,1,0.5055082,9,2
0,0,0.30959705,8,1
1,1,0.61655045,1,2
0,1,0.6229645,8,1
0,0,0.0895512,9,2
1,0,0.39651966,1,2
0,0,0.014539077,9,2
0,1,0.6208652,1,1
1,1,0.9071273,1,1
1,1,0.86350834,2,1
0,0,0.3809351,8,1
1,0,0.49227163,9,1
1,1,0.83682114,1,2
1,1,0.9959266,1,1
0,0,0.029410359,1,2
0,0,0.098854735,8,1
1,1,0.98300666,1,1
1,1,0.5051161,9,1
0,0,0.21048672,8,2
0,0,0.48713925,1,1
1,1,0.9804715,1,1
1,1,0.8466838,6,2
1,1,0.9927048,6,1
1,1,0.96353036,1,2
1,1,0.6821877,1,2
1,0,0.4293327,9,1
0,0,0.008998907,6,2
1,1,0.8255014,1,1
0,0,0.10808782,1,2
0,0,0.052094944,8,1
1,1,0.54114294,1,1
1,0,0.41694242,1,1
0,0,0.27115342,1,2
1,1,0.9945918,6,1
0,0,0.032269005,8,2
1,1,0.8289552,9,2
0,0,0.27108708,8,2
1,1,0.80381095,8,2
0,0,0.061525557,9,2
0,1,0.67046905,1,1
1,1,0.84184074,1,1
0,1,0.80445075,1,2
0,0,0.010602814,9,2
0,0,0.19663855,1,2
1,0,0.4406429,7,1
1,1,0.9771155,2,2
1,1,0.9728179,1,1
0,0,0.05244646,8,2
0,0,0.14564402,9,1
1,0,0.46364215,8,1
1,1,0.90319824,1,1
1,1,0.6966402,8,1
0,0,0.12085423,9,2
1,1,0.86888987,6,1
0,0,0.0430821,1,2
0,0,0.24962653,8,2
0,0,0.0063881394,1,2
0,0,0.0019826612,5,1
1,1,0.97802645,2,1
1,1,0.9714784,1,2
0,0,0.20518185,2,2
0,0,0.00028327235,9,2
1,1,0.8434622,9,2
1,1,0.88731897,1,1
0,0,0.26348406,6,2
0,0,0.0015460242,9,2
0,0,0.006776282,9,1
0,0,0.23924261,1,1
0,0,0.41082928,6,2
1,1,0.973527,9,2
1,1,0.95566124,6,2
1,1,0.9760548,1,2
0,1,0.6556042,1,2
0,1,0.56770486,8,2
1,0,0.3557753,1,1
0,1,0.5547218,1,2
0,1,0.5057083,1,1
0,0,0.06435118,6,1
0,0,0.3590244,8,2
1,1,0.8714839,1,1
1,1,0.5669144,1,2
1,1,0.9723193,1,1
0,0,0.1606804,6,1
1,1,0.9879923,1,1
0,0,0.06788387,9,2
1,1,0.9814668,1,1
0,0,0.03908343,9,1
1,1,0.62954974,1,2
1,1,0.98336303,6,1
0,0,0.013395074,9,2
1,0,0.408712,9,1
0,0,0.18037654,3,1
0,0,0.09760991,1,2
0,1,0.9094828,6,1
1,1,0.94867325,6,1
0,0,0.01654734,6,2
1,1,0.95138866,1,1
1,1,0.62058246,6,2
1,1,0.97685426,1,2
1,1,0.8198598,1,1
0,1,0.59762424,9,2
1,1,0.8920408,1,2
1,1,0.57492566,1,1
0,0,0.032935016,9,1
0,0,0.03302748,8,1
1,1,0.9599036,1,1
1,1,0.9443888,1,1
0,0,0.4739002,2,1
0,0,0.15000327,1,1
1,1,0.91456604,8,1
0,1,0.80500585,1,2
1,1,0.96005374,1,2
1,0,0.23721153,9,1
1,1,0.95947737,1,1
1,0,0.19815446,9,2
0,1,0.6560427,1,2
0,0,0.003614263,9,2
1,0,0.2754565,3,1
1,1,0.84188086,6,1
0,1,0.5469882,2,1
1,1,0.9334231,1,1
0,0,0.037816748,1,1
1,1,0.8938924,1,2
1,1,0.9672112,1,2
0,0,0.20693319,1,2
1,1,0.8440851,9,2
1,1,0.978445,6,1
0,0,0.2084628,8,1
0,0,0.03297014,8,1
1,1,0.93087673,6,2
1,1,0.8410792,1,1
1,1,0.7092752,6,2
0,0,0.056309957,8,1
1,0,0.33592325,9,2
1,1,0.7330905,6,1
0,1,0.94374686,6,2
1,1,0.83514524,1,1
1,1,0.5186332,6,2
1,1,0.9935549,6,2
1,0,0.2665888,9,2
1,1,0.9250672,1,1
1,1,0.8148501,9,2
0,1,0.8047937,1,1
1,0,0.0056663984,1,2
1,1,0.7790344,1,1
0,0,0.31724805,1,1
0,0,0.46581256,1,1
0,0,0.47296834,2,1
0,0,0.33908665,6,2
0,1,0.53605235,1,2
0,0,0.043616768,6,2
0,0,0.09679653,6,1
1,1,0.9531453,9,1
1,1,0.96036285,1,2
0,0,0.13108201,8,2
1,1,0.8094317,1,1
0,0,0.008851395,1,1
0,0,0.06672956,9,2
0,0,0.12914498,9,1
0,1,0.8431396,6,2
1,1,0.93739384,2,1
1,1,0.9889404,9,1
1,1,0.92224383,1,2
0,0,0.036896043,1,1
1,1,0.8956483,6,1
1,1,0.6553193,8,2
0,0,0.155136,1,2
0,1,0.559157,1,2
0,0,0.017450316,1,2
1,1,0.92636764,6,2
1,1,0.5857552,8,2
1,1,0.7355318,2,2
1,1,0.9353383,1,2
1,1,0.9819049,1,1
0,0,0.44167167,2,2
0,1,0.76857775,9,1
1,1,0.97928464,1,2
1,1,0.9259068,1,2
1,1,0.89516705,6,1
1,0,0.25847957,9,1
0,0,0.024547288,8,1
0,0,0.23764296,1,1
1,0,0.44018528,1,2
0,1,0.5243563,8,1
1,1,0.5557635,6,2
1,1,0.9564293,1,2
0,0,0.35945028,6,2
1,1,0.94944054,6,1
1,1,0.95895076,1,1
1,0,0.3549533,6,1
1,1,0.98101074,1,1
0,0,0.012321928,9,1
1,1,0.5443057,2,1
0,0,0.1700382,8,1
1,1,0.83186495,6,1
0,0,0.004514734,1,1
1,1,0.8085594,1,1
0,0,0.26178047,1,2
1,1,0.9149761,8,1
1,1,0.8920706,6,2
0,0,0.33614722,1,1
1,1,0.7728625,1,2
0,0,0.069733046,1,1
1,1,0.95843124,6,1
0,0,0.084477745,6,2
0,0,0.02997212,9,2
0,0,0.30222943,1,2
0,1,0.85060686,5,1
1,1,0.5190946,8,1
1,0,0.22396208,8,2
1,1,0.92291105,1,2
1,1,0.7472655,1,1
0,0,0.15346235,8,1
0,0,0.29839584,1,2
0,0,0.15548372,8,1
1,1,0.9894918,6,1
1,1,0.5358216,2,2
0,0,0.17881522,8,2
1,1,0.9569459,9,1
1,1,0.7650719,1,2
0,0,0.012476797,2,1
0,0,0.14341965,6,2
0,0,0.33740214,1,2
0,0,0.047451235,8,2
0,1,0.6356487,6,1
0,1,0.52611077,9,2
0,0,0.07602713,8,2
1,1,0.97683287,1,2
1,1,0.9891558,6,1
1,1,0.91937757,1,1
0,0,0.09548042,6,1
1,1,0.92069626,1,2
1,1,0.9244241,1,1
1,0,0.2593586,6,1
1,1,0.69400585,9,1
1,1,0.94180626,1,2
0,0,0.00088913995,1,1
1,1,0.9815143,1,1
1,1,0.9496759,1,1
0,1,0.9900781,1,1
1,0,0.10132495,1,1
0,0,0.0014759444,8,2
0,0,0.054343395,8,1
1,1,0.6160356,8,2
1,1,0.9851038,1,2
0,1,0.7186654,1,2
1,1,0.90484244,1,1
0,0,0.025867047,2,1
0,0,0.4115664,8,1
0,1,0.78100955,1,2
0,0,0.2760752,1,2
0,0,0.38814715,6,2
0,0,0.40097457,1,2
0,0,0.093020365,1,2
1,1,0.95383966,1,2
0,0,0.005532842,9,2
1,1,0.9926279,6,2
0,0,0.06758663,1,2
0,0,0.038385417,8,1
1,1,0.62195677,6,1
0,0,0.16026138,1,2
0,0,0.43772087,8,1
0,0,0.38871405,8,1
1,0,0.44832292,1,1
0,0,0.058205996,9,2
0,0,0.15717557,8,2
0,1,0.6306051,6,1
0,1,0.7180958,8,1
0,1,0.58713484,8,1
0,1,0.8287935,1,1
0,0,0.11375936,1,1
1,1,0.7843878,8,1
0,0,0.1368704,8,2
0,1,0.657574,8,1
0,0,0.1156743,9,1
1,1,0.97863823,1,1
1,1,0.918286,8,1
0,0,0.13445985,6,1
1,0,0.41481307,8,1
0,0,0.26910812,6,1
1,1,0.99018455,6,1
0,0,0.046127167,8,2
0,0,0.0201951,6,2
0,0,0.005254296,6,2
0,0,0.07939122,1,2
0,0,0.25502226,6,1
0,1,0.6979307,1,1
1,0,0.26207185,9,1
1,1,0.96326846,6,2
1,1,0.9995134,1,2
1,1,0.81386113,8,1
0,0,0.40614325,8,1
1,0,0.076471984,1,2
1,1,0.79443294,9,2
1,1,0.67608833,9,1
0,0,0.033455208,8,2
0,0,0.001656194,9,2
0,0,0.032053635,9,2
0,0,0.15218991,6,2
1,1,0.9564448,1,1
0,0,0.008404327,1,2
0,0,0.47159752,9,2
0,1,0.78193194,8,2
0,0,0.119633295,9,2
0,0,0.0013413631,9,1
1,0,0.37876368,1,1
0,0,9.640228e-05,1,1
1,0,0.4096376,8,1
0,1,0.9129096,6,2
0,0,0.007219665,8,1
1,1,0.90384257,2,1
1,1,0.9956884,1,1
0,0,0.26579303,1,1
0,0,0.39779404,6,1
1,0,0.28673735,1,1
1,0,0.037709367,6,2
1,1,0.8615103,1,2
1,1,0.94050556,6,1
0,0,0.4447053,6,2
1,1,0.60475934,2,2
1,1,0.8971308,8,2
1,1,0.9468016,1,1
0,0,0.04908542,8,1
1,1,0.9846334,1,2
0,0,0.052883003,6,1
0,0,0.0007572414,2,2
1,1,0.9422935,6,1
1,1,0.93925065,1,2
1,1,0.9691214,1,1
0,0,0.07371835,2,1
0,0,0.34115988,1,2
0,1,0.56557643,1,1
0,0,0.022897162,9,2
1,1,0.94549304,2,2
0,0,0.021005694,1,1
1,0,0.10618914,6,2
1,1,0.9908721,1,1
1,0,0.2117574,8,2
0,0,0.098410964,1,2
0,0,0.020420974,1,2
1,1,0.72072554,1,2
0,0,0.21546258,6,1
1,1,0.8467456,1,2
0,1,0.7748857,1,2
0,0,0.0013961908,7,1
0,0,0.009948769,8,1
1,1,0.9240248,1,2
0,1,0.59905314,9,1
0,0,0.20034632,6,2
1,1,0.9702681,1,1
0,0,0.0033056426,8,2
1,1,0.812946,5,1
0,0,0.09020701,1,1
1,1,0.9842755,6,2
1,0,0.4362032,1,2
0,0,0.0008078211,8,2
1,1,0.8697194,1,1
0,0,0.06019312,1,2
1,0,0.39170915,9,1
1,1,0.960245,6,2
1,1,0.95978045,1,1
0,1,0.8261376,8,2
0,0,0.009690316,6,1
0,0,0.009041993,9,2
1,1,0.99979514,1,1
1,1,0.5559247,1,1
1,0,0.3894466,6,2
0,1,0.9649311,1,2
1,1,0.95779455,1,1
0,0,0.022061294,1,2
0,0,0.0065715606,2,2
0,0,0.096657865,2,2
1,1,0.65864664,6,2
1,0,0.0018671323,6,2
1,0,0.2576677,8,1
0,0,0.041687656,8,1
0,0,0.07970482,9,2
1,0,0.047321547,1,2
0,0,0.005002885,8,1
1,1,0.9786381,1,1
0,0,0.15989609,1,1
0,0,0.007535008,9,2
1,1,0.94970495,1,2
1,1,0.6738431,6,2
1,1,0.9319954,1,2
0,1,0.6707594,1,2
0,0,0.15391283,1,1
0,0,0.0022659958,8,1
1,1,0.92935073,1,1
0,0,0.015837621,8,2
1,1,0.98896503,1,1
1,1,0.8000011,2,2
0,0,0.019644072,1,2
0,0,0.2809507,8,1
1,1,0.69710743,8,1
0,0,0.008126538,6,2
0,0,0.49401775,6,1
0,1,0.667429,1,2
0,1,0.71227735,1,2
0,0,0.03948134,8,1
0,0,0.0056161606,1,1
1,1,0.9828724,8,1
1,1,0.9627696,1,1
0,1,0.57229424,8,2
1,1,0.96163625,1,1
1,1,0.96358526,1,2
0,0,0.22392267,1,1
1,0,0.05522027,1,1
0,0,0.3356988,8,2
0,0,0.059290133,1,2
1,1,0.9110727,1,1
1,1,0.8886474,9,1
1,0,0.43361932,6,2
1,1,0.7871371,1,2
1,1,0.8150695,8,1
0,0,0.0028826457,9,2
0,0,0.1890841,1,2
1,0,0.04105315,8,1
1,1,0.82556677,6,2
0,0,0.006321711,1,2
1,1,0.7037329,1,1
0,0,0.22779304,1,2
0,0,0.036771037,8,1
0,0,0.11963397,6,1
0,0,0.019361058,9,2
1,0,0.31105158,1,1
0,1,0.9746045,1,1
1,1,0.6038802,1,1
0,1,0.66433644,1,1
0,0,0.0012814373,1,1
1,1,0.9964324,9,1
0,0,0.2197208,1,1
1,1,0.53352565,6,2
0,0,0.0848501,8,1
0,0,0.0939696,6,1
0,0,0.04560073,9,1
0,0,0.025234418,1,1
0,0,0.19258508,1,1
0,0,0.101807445,1,1
0,0,0.045172404,7,2
1,1,0.53179765,6,2
0,0,0.0029002302,9,2
1,1,0.9078053,1,2
0,0,0.14948864,1,1
0,0,0.2921445,8,2
1,1,0.98091805,1,1
0,1,0.5659605,9,1
0,0,0.22121358,8,1
0,0,0.039824907,8,1
1,1,0.9015186,6,2
1,1,0.84939784,1,1
0,0,0.0076680183,8,2
1,1,0.92734665,1,2
1,1,0.98042285,1,1
0,0,0.041680004,6,1
1,1,0.87979954,6,2
1,1,0.8992292,1,1
0,0,0.18198912,9,1
0,1,0.5542183,2,1
0,1,0.76379,8,1
1,1,0.85987055,1,2
0,0,0.064729884,1,2
0,0,0.023184346,8,1
1,1,0.8827082,2,1
0,0,0.023121612,8,1
1,1,0.97405165,6,2
1,1,0.9507723,1,2
1,0,0.06422645,2,2
1,1,0.97714895,1,2
0,0,0.007625694,1,1
0,1,0.8097436,9,2
1,1,0.9685348,6,2
1,1,0.88330424,6,1
0,0,0.04672294,6,1
0,0,0.39155918,6,1
0,0,0.004527144,1,1
0,0,0.2987281,9,2
1,1,0.7340847,9,2
0,0,0.00312067,1,1
0,0,0.011996393,9,2
1,1,0.9074908,8,1
0,1,0.5433121,1,1
1,1,0.80314404,1,2
1,1,0.95446503,9,1
1,1,0.94949627,1,2
0,0,0.29288787,8,2
1,0,0.4414108,1,2
0,0,0.007578607,9,2
1,1,0.9672391,1,1
0,0,0.14852601,1,2
0,0,0.0034738816,9,1
1,0,0.25418448,9,1
0,1,0.5720678,9,2
0,1,0.6005067,8,2
0,0,0.42720133,6,2
0,0,0.310139,8,1
1,0,0.02178715,1,2
0,0,0.015246194,6,1
0,1,0.9142851,9,1
0,0,0.050657313,9,2
0,0,0.19792926,9,2
1,1,0.90271646,1,2
1,1,0.69029176,6,2
1,0,0.26616615,6,1
1,0,0.35014328,2,1
1,1,0.9736023,1,1
0,0,0.08005683,8,2
1,1,0.9273288,8,2
0,1,0.83271974,1,1
0,0,0.059956152,1,1
0,0,0.3365016,6,2
0,0,0.04632391,1,2
0,0,0.13666996,8,1
0,0,0.26775268,6,2
1,1,0.94349974,2,2
0,0,0.14956388,6,1
0,0,0.23669086,9,1
0,1,0.8145653,6,1
0,0,0.13488701,8,1
1,1,0.76729494,8,1
1,1,0.9574844,1,2
0,0,0.13178137,8,1
0,0,0.38998368,8,1
0,0,0.096762665,1,2
1,1,0.9802397,6,1
0,0,0.032529343,8,2
0,0,0.36291686,6,2
0,0,0.014338674,9,2
1,1,0.89082354,1,1
0,0,0.093503885,9,1
0,0,0.024360087,8,1
0,0,0.102894485,8,2
0,1,0.60236955,8,1
1,1,0.9120609,1,1
1,1,0.839229,1,2
1,0,0.4728647,6,2
1,1,0.7266027,8,2
1,1,0.8421897,1,1
1,1,0.5544272,8,1
1,1,0.7347716,1,1
1,1,0.93213725,1,1
0,0,0.0023846307,9,2
1,1,0.913732,1,1
0,0,0.25436544,1,1
0,0,0.4967917,1,2
0,0,0.12234358,6,1
0,0,0.0031056216,8,1
0,0,0.24781959,6,1
1,1,0.56714857,8,2
1,0,0.1613301,2,2
1,1,0.80789423,1,1
1,1,0.78406185,9,1
1,1,0.92827535,1,1
1,1,0.52951115,8,1
0,0,0.005784197,1,2
1,1,0.8274332,8,1
1,1,0.976227,8,1
0,0,0.05311511,6,1
1,1,0.87930006,1,2
1,0,0.361327,1,2
1,1,0.89805096,1,1
0,0,0.05037726,1,2
0,1,0.6943087,1,2
0,0,0.08152549,8,1
0,0,0.3945603,9,1
1,1,0.88961005,1,1
1,1,0.7238143,1,1
1,1,0.94137156,1,1
1,1,0.6109752,1,1
0,1,0.9633251,6,1
0,0,0.004013904,6,2
1,1,0.9135501,1,1
0,0,0.016111368,2,2
1,1,0.8972757,1,1
1,1,0.7455424,1,2
1,0,0.17750624,9,2
1,1,0.9731031,6,1
1,1,0.95394385,1,1
0,1,0.54515415,2,1
1,1,0.62598073,1,2
1,1,0.95087504,1,1
0,0,0.0007608519,8,1
0,0,0.09482739,6,2
0,0,0.036013894,1,1
0,0,0.07697567,6,2
0,0,0.18484323,9,2
0,1,0.6832378,8,1
0,1,0.8123863,1,2
1,1,0.9859387,1,2
0,0,0.04610299,1,2
0,0,0.275491,1,2
1,1,0.87202215,8,2
1,0,0.4667717,8,1
1,1,0.80881107,1,1
1,1,0.8479436,9,1
0,0,0.116168976,3,2
1,1,0.9102493,6,2
1,1,0.93894386,1,2
0,0,0.18452688,1,1
0,1,0.5932858,1,1
1,0,0.42631868,3,1
0,0,0.21892616,9,2
1,0,0.09824182,9,1
0,0,0.016356101,9,1
1,1,0.92525387,9,2
1,1,0.96063197,1,1
0,0,0.014586246,6,1
1,0,0.29306793,1,2
0,0,0.17261373,1,1
1,1,0.63203955,9,2
0,0,0.22252564,6,1
0,0,0.0045309924,1,2
1,1,0.87748265,1,2
1,1,0.66309625,1,1
0,0,0.116930015,8,1
1,1,0.75003994,8,2
0,0,0.02730584,9,2
0,1,0.5254065,8,1
1,1,0.79053897,9,2
0,0,0.11022972,1,2
0,0,0.0024860923,6,2
1,1,0.60986906,9,2
0,0,0.0008400956,1,2
0,0,0.032333545,1,2
0,0,0.33351848,8,2
1,1,0.9845873,1,1
1,1,0.91437155,6,2
0,0,0.089597575,9,1
0,0,0.0031751932,9,1
0,0,0.18521193,1,2
0,0,0.19578159,9,2
1,1,0.942458,2,2
1,1,0.76429385,1,2
0,0,0.0056958254,6,2
1,1,0.6808297,1,2
1,1,0.9551686,1,2
1,1,0.9205458,1,1
1,1,0.682803,1,2
1,1,0.875058,1,1
1,1,0.6585552,6,1
0,0,0.18931371,9,2
0,0,0.20559552,9,1
1,0,0.4847885,1,1
0,1,0.8601181,9,1
0,0,0.26508382,1,1
1,1,0.78300434,1,1
1,1,0.88748056,1,2
0,0,0.018965093,1,2
1,1,0.9847894,1,1
1,1,0.91055036,1,1
1,0,0.14597541,9,2
1,1,0.8214888,1,2
0,0,0.18750371,9,1
0,0,0.011401209,1,2
1,1,0.86643225,1,2
0,0,0.014763828,1,2
0,0,0.17090361,9,1
1,0,0.42226106,1,2
0,1,0.8335051,9,1
1,0,0.12908988,1,1
0,0,0.038207807,1,2
1,1,0.7433207,1,2
1,1,0.8747242,1,1
1,1,0.5059176,8,1
1,1,0.77539194,1,2
0,0,0.24443619,6,2
0,0,0.30084285,6,1
0,1,0.81049037,8,1
1,1,0.99943835,1,1
1,1,0.9009056,1,1
0,0,0.2512267,6,1
1,1,0.94293094,1,1
0,0,0.050341446,8,1
0,0,0.23748267,6,2
0,0,0.04774359,8,1
0,1,0.91111743,1,2
1,0,0.21280639,1,2
0,0,0.042703032,8,2
1,0,0.12160462,8,1
0,0,0.1482167,6,2
1,0,0.18549639,1,1
0,0,0.028913472,8,2
1,1,0.8632042,6,2
0,0,0.0703448,9,1
1,1,0.6846062,1,2
1,0,0.437277,6,1
0,0,0.12729548,8,1
0,0,0.011738631,8,1
0,0,0.05191642,9,2
1,1,0.8258182,1,1
1,1,0.928846,2,1
0,0,0.14289217,6,1
0,0,0.08598886,1,1
0,0,0.012036717,1,2
1,1,0.9680647,1,1
0,0,0.3477318,6,1
0,1,0.8968252,8,2
0,0,0.03460771,6,1
1,1,0.92517644,1,1
0,0,0.036217593,8,1
1,0,0.19983919,1,1
0,0,0.017405152,6,2
0,0,0.024104435,1,2
1,1,0.8604885,9,1
1,1,0.92955023,9,1
1,1,0.9463805,1,2
1,0,0.30717126,9,1
0,0,0.010887631,1,1
0,0,0.005472188,6,2
1,0,0.094743356,1,2
0,0,0.18768527,8,1
0,0,0.02446114,6,1
0,0,0.119058035,6,1
1,1,0.8731548,1,1
1,1,0.8309354,1,1
1,1,0.7626696,9,1
0,0,0.0093645565,8,2
0,0,0.018001705,8,2
1,1,0.5461753,1,2
1,0,0.12430856,6,2
0,0,0.06334208,6,1
0,0,0.061627477,6,2
0,0,0.21737592,1,2
1,1,0.94806886,1,2
1,1,0.8662566,6,2
1,1,0.9232627,9,2
0,0,0.010062966,9,2
0,1,0.80984914,9,1
1,1,0.9699589,1,1
0,1,0.51333034,9,1
1,0,0.31274164,8,1
0,0,0.095837794,9,2
1,1,0.60416466,2,2
1,1,0.8866709,1,2
1,1,0.9810907,1,1
0,0,0.07454085,1,2
1,1,0.73658067,1,1
1,1,0.8333334,6,2
0,0,0.48688275,1,2
0,0,0.07095003,1,1
0,0,0.03233267,9,2
1,1,0.87609553,9,2
0,0,0.013280715,9,2
0,0,0.00017434156,9,1
0,0,0.18448582,8,1
0,0,0.09969456,8,2
0,1,0.8673275,9,2
0,0,0.13556133,8,1
0,1,0.52788895,6,1
1,1,0.978629,6,2
1,1,0.8690172,1,1
0,1,0.52523816,1,1
0,0,0.021005135,9,2
1,1,0.9695272,1,1
0,0,0.17320487,9,1
1,1,0.7830057,1,2
0,0,0.028405834,6,2
1,1,0.756869,6,1
0,0,0.16084525,8,1
1,1,0.9039954,6,1
1,0,0.368655,1,1
1,1,0.7634465,8,2
1,1,0.59422845,1,1
1,1,0.96177506,1,2
0,1,0.722202,6,1
1,1,0.7660815,1,1
0,0,0.04100479,6,2
0,0,0.035984173,8,2
0,0,0.07103293,9,2
1,1,0.94996727,1,2
0,0,0.32213736,1,2
0,0,0.0062312586,1,1
0,0,0.0074088788,1,1
0,0,0.019901207,6,2
0,0,0.006123112,8,1
1,1,0.95757794,8,1
0,0,0.029579014,8,2
0,0,0.00075548986,9,2
1,1,0.8649791,1,2
1,1,0.9361839,6,2
0,1,0.51445913,9,2
0,0,0.3110006,1,2
1,1,0.9747866,9,2
0,0,0.040173568,1,2
1,1,0.6311572,8,1
1,1,0.88163453,1,2
1,1,0.9468132,1,2
0,0,0.047878385,1,2
1,1,0.80310696,1,2
1,0,0.15100293,9,1
0,0,0.06372723,1,1
1,1,0.8428217,1,1
1,1,0.9363039,6,1
1,1,0.98567027,1,1
0,0,0.08340586,1,2
0,1,0.61551005,6,2
0,1,0.78029263,1,1
0,0,0.015150331,3,2
1,1,0.7659189,2,2
0,1,0.74465215,1,2
0,0,0.09161801,2,2
0,1,0.7701772,6,1
0,0,0.4114187,8,1
1,0,0.13293561,6,1
0,0,0.2097096,6,1
0,0,0.0038933223,9,1
0,0,0.14318752,6,1
0,0,0.32807985,2,1
0,0,0.002012853,1,1
1,1,0.9737207,1,2
1,0,0.10364344,2,1
1,1,0.98921376,6,1
0,0,0.0023217937,8,2
0,1,0.64483035,8,1
0,0,0.08741785,8,1
1,1,0.97914565,8,1
1,0,0.4690741,1,2
0,0,0.45783976,9,1
1,1,0.58706695,1,2
0,0,0.024158183,1,1
1,1,0.9540892,6,1
1,0,0.41038218,1,1
0,0,0.0026798958,8,2
0,0,0.2709952,2,1
0,0,0.26683027,8,2
1,1,0.9134879,1,1
1,1,0.9313531,7,2
0,0,0.22079115,8,2
1,1,0.6847071,1,1
1,1,0.93292564,2,2
1,1,0.86580634,1,2
1,1,0.8143984,9,1
1,1,0.98989457,6,1
0,0,0.0023171338,1,1
0,1,0.5511058,1,1
1,0,0.036342975,1,1
0,0,0.0041661197,6,2
0,0,0.025918445,9,1
0,0,0.00046947028,2,2
0,0,0.0022589583,8,2
0,0,0.025302801,6,1
1,0,0.31586432,1,2
1,1,0.8281407,1,2
0,1,0.54078203,9,2
0,0,0.01138866,8,1
0,0,0.037682902,1,1
0,0,0.09851308,6,2
0,0,0.0065724477,1,2
1,1,0.72246253,1,1
0,1,0.77083325,1,1
1,1,0.78272915,1,1
0,0,0.3614991,6,1
1,0,0.24484771,2,1
0,0,0.16741712,1,2
1,0,0.07944932,1,1
0,0,0.0055815475,6,1
0,1,0.73556143,1,2
1,1,0.71846235,6,1
1,1,0.93340117,6,2
1,0,0.263371,1,1
1,1,0.8351179,1,1
0,0,0.0069839517,8,2
1,1,0.94070596,6,1
1,1,0.99262166,6,1
0,0,0.00034284324,8,1
0,0,0.05642732,8,2
1,1,0.9624431,1,1
1,1,0.7973644,9,1
1,1,0.6265081,1,1
0,0,0.2232899,9,1
1,1,0.8887048,1,2
1,1,0.8259634,2,2
1,1,0.91882986,1,2
0,1,0.5815214,8,2
0,0,0.0022521098,8,2
1,1,0.90127945,8,2
1,1,0.9532029,9,1
1,0,0.46734327,1,2
0,0,0.008186145,9,1
0,0,0.016732257,8,2
1,0,0.1421812,1,2
0,0,0.032672144,8,2
1,0,0.24907883,2,2
0,0,0.002548075,8,1
0,0,0.11971082,5,1
0,0,0.4196935,9,2
0,1,0.8740967,2,1
0,0,0.00317452,9,1
0,0,0.0040923744,1,1
0,0,0.09062911,8,2
0,0,0.24624486,9,1
1,1,0.9739085,1,1
1,0,0.08201103,1,1
1,1,0.933226,8,1
0,0,0.04490058,2,2
1,0,0.45926684,1,1
1,0,0.105160095,1,2
0,0,0.10721691,8,2
0,0,0.33099046,1,2
1,0,0.20468718,1,2
0,0,0.06729129,8,2
1,1,0.9888678,1,2
0,0,0.1917875,1,1
0,0,0.0545987,8,1
1,1,0.93433124,6,1
0,1,0.53917587,8,2
1,1,0.98053586,9,2
1,1,0.8718447,9,2
0,0,0.060027927,1,2
1,1,0.5054648,1,2
0,1,0.6637718,1,1
1,1,0.9123193,1,2
1,1,0.78480434,2,2
1,1,0.9354519,1,2
0,0,0.40692842,1,2
1,1,0.7986538,1,2
1,1,0.832639,1,1
0,0,0.49463978,1,1
0,0,0.22767967,8,1
1,1,0.88592726,1,1
1,1,0.8911201,6,1
1,1,0.9766519,1,1
0,0,0.23699236,2,1
0,0,0.00025675222,2,2
1,0,0.31624117,1,2
0,0,0.10543064,9,2
0,1,0.65767974,1,2
1,1,0.9659262,1,2
0,0,0.40915856,1,2
1,0,0.07162282,6,1
1,1,0.9804858,6,1
1,1,0.9834013,1,1
0,0,0.06743132,1,2
0,0,0.02606767,2,1
0,0,0.037650093,9,2
0,1,0.6803437,9,1
1,1,0.9606151,1,1
0,1,0.8501362,6,2
0,0,0.0069607296,9,2
1,1,0.94808,1,1
0,0,0.0018989163,1,2
1,1,0.69236743,6,1
1,1,0.8583913,6,1
0,0,0.00018492258,6,2
1,1,0.9329982,1,1
1,1,0.7383296,6,1
1,1,0.68042296,9,2
0,1,0.586837,1,1
0,0,0.33771887,6,1
0,0,0.19963157,1,2
1,1,0.9548885,6,2
1,1,0.9889187,1,1
1,1,0.81367993,1,1
0,0,0.020037472,1,2
1,1,0.9766025,1,1
0,1,0.58403563,1,1
0,0,0.34676567,1,1
1,1,0.9445215,1,1
1,1,0.7885189,1,2
1,1,0.9684881,1,1
1,1,0.9934761,1,2
0,0,0.003201295,8,2
0,0,0.03206056,1,2
1,0,0.21944027,1,2
1,0,0.043667637,9,1
0,0,0.002782467,8,1
0,0,0.057916135,1,1
1,0,0.31966254,1,2
0,1,0.558291,1,1
0,0,0.013649169,9,2
1,0,0.32950518,8,2
0,0,0.03512595,7,2
0,0,0.009106303,9,1
0,0,0.101618305,6,2
0,0,0.011196493,8,1
1,0,0.40401754,1,1
1,1,0.94763243,1,2
1,1,0.9684682,6,1
0,0,0.00051875645,1,1
0,0,0.13095443,1,1
1,1,0.9743502,6,1
0,0,0.11406547,1,1
1,1,0.69361925,9,2
0,0,0.0461073,2,1
1,1,0.92148966,2,1
0,0,0.1561227,6,2
0,0,0.0007165976,2,1
1,0,0.123858616,8,2
1,1,0.9675021,6,1
0,0,0.16336478,8,1
0,0,0.0018830507,9,1
1,1,0.84332514,6,1
1,1,0.80866724,6,1
1,1,0.7902012,1,2
1,0,0.37053746,1,1
0,1,0.8336882,1,2
0,0,0.1128835,1,1
0,1,0.6328736,1,1
1,1,0.95641994,1,1
0,0,0.04601332,6,2
1,1,0.97865444,1,1
0,0,0.056891896,8,2
1,0,0.38328803,8,1
1,1,0.65949225,1,1
1,0,0.34989828,1,2
1,1,0.96472144,6,1
1,0,0.22494607,9,1
0,0,0.14711013,1,1
1,1,0.94581723,1,1
1,1,0.9073059,6,2
1,1,0.97281355,1,2
1,1,0.60152435,1,1
1,1,0.870585,6,1
0,0,0.010551993,8,2
0,1,0.8301812,1,1
0,0,0.003401998,8,1
1,1,0.9322261,6,1
0,0,0.013716848,1,2
1,1,0.8660198,6,1
1,1,0.8867318,1,1
1,1,0.98059195,6,2
0,0,0.09144062,1,1
0,0,0.29084814,8,1
1,1,0.9905021,6,1
1,1,0.9496843,1,1
1,0,0.18432666,9,2
0,1,0.8138278,1,1
0,0,0.06865491,9,1
0,1,0.98965514,9,1
0,0,0.018965341,2,1
0,0,0.10598632,8,2
1,0,0.38323018,8,1
1,1,0.9466867,9,1
1,0,0.4781259,9,2
1,1,0.9321826,1,2
1,1,0.99155676,1,1
0,1,0.5836795,3,2
0,0,0.12078758,8,1
1,1,0.9700651,3,2
0,0,0.00019481129,9,2
0,0,0.27215734,1,2
1,1,0.9470079,1,1
0,0,0.0051463475,1,2
1,1,0.9675926,1,1
1,1,0.8667908,8,1
0,0,0.22137998,8,1
0,0,0.0031620765,6,1
0,0,0.05587012,8,1
1,1,0.5424089,1,1
1,1,0.9036082,1,2
0,0,0.34128776,9,2
0,0,0.077916965,9,1
0,0,0.052009452,1,2
0,0,0.0023014161,1,2
0,0,0.22378847,2,1
1,1,0.83976793,1,1
1,1,0.89291304,6,2
0,0,0.00653215,6,2
0,0,0.025370993,8,2
0,0,0.07883842,6,2
0,1,0.69509345,1,2
0,0,0.01813573,8,1
0,1,0.73752594,6,1
0,0,0.06524683,9,2
0,0,0.17850415,8,1
1,1,0.95932055,1,1
0,0,0.0602334,6,1
0,1,0.5838989,1,1
1,0,0.29897997,1,2
1,1,0.80007654,9,2
0,0,0.012099736,1,1
0,0,0.21951108,1,1
0,1,0.62816966,1,2
1,1,0.9907482,1,1
0,0,0.027528536,9,1
1,1,0.76717734,6,2
0,0,0.027455537,8,1
0,0,0.03529962,3,1
0,0,0.009598735,1,2
1,1,0.9106825,6,1
0,0,0.0056814793,9,2
0,0,0.03232498,1,2
1,1,0.98038155,1,1
0,0,0.024332834,6,1
0,1,0.62869775,6,2
1,1,0.6528202,6,2
1,1,0.8621751,9,1
1,1,0.9388709,3,2
1,1,0.8913351,1,2
1,1,0.83298427,1,2
1,1,0.5749176,2,1
1,1,0.88537484,8,1
0,0,0.009273751,9,1
1,1,0.7310859,9,1
1,1,0.8819189,6,2
1,0,0.3665788,2,2
0,0,0.20680149,6,2
0,0,0.011950104,1,2
1,1,0.6669607,6,1
1,1,0.84228206,6,2
1,1,0.97552806,1,1
1,1,0.93752533,1,1
0,0,0.11198079,1,2
1,0,0.26964164,8,1
0,0,0.004388937,8,2
1,1,0.94987494,6,1
1,1,0.98593,1,2
1,1,0.9081328,1,2
1,1,0.99492294,6,1
1,1,0.96807814,1,1
0,0,0.25967866,6,2
1,0,0.04612918,6,2
0,1,0.55805457,1,2
1,1,0.882898,1,1
1,1,0.99664104,1,2
0,0,0.0019933016,8,1
1,1,0.5278479,1,2
1,0,0.28824848,2,2
0,1,0.88838404,1,2
0,0,0.0061095348,9,1
0,0,0.051441144,1,1
0,1,0.818555,1,1
1,1,0.9356819,9,2
1,0,0.10608583,1,1
1,1,0.9680287,1,1
1,1,0.9811101,1,1
1,1,0.8136351,1,2
0,0,0.02015313,8,2
1,1,0.95550025,1,1
0,0,0.075818695,1,2
1,0,0.44524872,8,1
0,0,0.01262873,8,1
1,1,0.86674505,6,2
1,1,0.6958972,2,1
1,1,0.9299842,6,1
0,0,0.03608402,8,2
1,1,0.8841,1,1
0,0,0.009875785,8,2
0,0,0.09174351,6,1
1,1,0.6372389,6,1
1,1,0.60836595,9,1
0,0,0.040379792,1,1
0,0,0.25970772,1,2
0,0,0.021273617,9,2
0,0,0.00824068,1,1
1,1,0.9477697,1,2
1,1,0.50369835,1,1
0,0,0.06796159,1,1
1,1,0.8480718,1,2
0,0,0.33237502,6,2
1,0,0.19750099,1,2
0,1,0.8427708,6,1
0,0,0.14424694,6,2
1,1,0.93816584,1,1
1,0,0.49621618,1,1
0,0,0.14827056,9,1
0,0,0.27261686,6,2
0,0,0.03975024,7,2
1,1,0.91021687,1,1
1,1,0.8811774,6,1
1,0,0.49008393,8,1
0,0,0.2483129,9,1
0,1,0.63908774,1,2
1,1,0.9634194,1,2
1,1,0.6583763,8,2
1,0,0.2823424,6,1
1,0,0.42512482,8,1
0,0,0.35686412,1,1
1,0,0.35448962,8,2
1,1,0.7885129,8,1
0,0,0.23968652,8,2
1,1,0.9093913,2,2
0,0,0.008977992,8,2
0,0,0.03963355,1,2
0,0,0.03718936,1,2
1,1,0.9562531,6,2
0,0,0.028098445,9,1
0,0,0.20345418,1,2
0,0,0.18508339,1,2
0,0,0.08059258,1,1
1,1,0.82860374,2,2
0,0,0.029860409,9,1
1,1,0.8943181,1,1
1,1,0.61188823,9,2
0,0,0.104277804,9,2
1,1,0.6656132,6,2
1,1,0.86745447,1,1
1,1,0.98773885,1,1
1,0,0.4383669,9,1
1,1,0.95542437,1,2
1,1,0.78981483,8,2
0,0,0.3653132,1,1
1,1,0.9268271,6,2
1,0,0.15976535,1,2
1,1,0.6798231,1,2
0,0,0.046818454,6,2
0,0,0.00014751557,1,2
1,1,0.92658156,1,1
0,0,0.2868659,2,1
1,1,0.8094835,6,1
0,0,0.10488786,1,1
0,1,0.9502206,1,2
0,0,0.4420844,9,2
1,1,0.8932477,9,1
1,1,0.95144683,6,2
0,0,0.14141795,9,2
0,0,0.037666515,9,1
0,1,0.6472774,9,1
0,1,0.9322515,1,1
0,0,0.01353122,1,1
1,1,0.9794875,1,1
0,0,0.0162109,9,1
1,1,0.9628616,1,1
0,0,0.026426144,6,1
0,1,0.6973991,8,2
1,0,0.19845048,9,2
1,1,0.820119,6,2
1,1,0.79978293,1,2
0,1,0.52179134,8,1
1,1,0.5145879,1,2
0,0,0.11267117,8,1
1,1,0.75270206,6,1
0,0,0.2590656,8,2
0,1,0.7772185,1,1
1,0,0.08092852,2,1
1,1,0.75633883,8,2
0,0,0.015765386,8,2
0,0,0.0030942352,1,2
0,0,0.019439902,1,2
0,0,0.073904954,1,1
0,0,0.08836775,1,2
1,0,0.20937772,8,1
1,0,0.01480882,7,2
1,1,0.7721345,9,2
1,0,0.11736219,9,2
1,1,0.98214793,1,1
1,1,0.9538317,6,1
0,0,0.3545604,1,2
1,0,0.28033558,9,1
0,0,0.25877535,6,2
1,1,0.9776223,1,2
1,0,0.44357237,6,1
0,0,0.22744763,1,2
0,0,0.08436216,9,1
1,1,0.93226725,6,1
1,1,0.7415222,1,1
0,0,0.3248952,8,1
1,0,0.44543067,1,2
0,0,0.43341103,1,1
1,1,0.9885516,8,2
0,0,0.45462412,9,1
0,0,0.003385488,2,2
0,0,0.0021664998,8,1
1,1,0.8136486,1,2
1,1,0.74327236,6,2
1,1,0.98952776,1,2
0,0,0.42844558,6,1
0,1,0.52147657,2,2
0,0,0.030658318,8,1
1,1,0.8896943,1,1
0,1,0.6291836,1,2
1,1,0.8912516,6,1
0,0,0.3599025,8,2
1,1,0.9970571,6,1
0,1,0.5326641,8,2
0,0,0.38294306,9,1
1,1,0.9243803,1,2
0,0,0.3022723,1,2
0,0,0.009467286,6,1
1,1,0.70508575,6,2
1,0,0.33428025,9,1
1,1,0.50989324,1,1
1,1,0.9110451,1,2
0,0,0.08331914,8,2
1,1,0.55461615,6,2
0,0,0.2572328,9,1
0,0,0.00053413,1,2
0,0,0.008388744,9,1
0,0,0.19741377,6,1
0,0,0.01239257,9,1
0,1,0.5028724,8,1
1,1,0.9093758,1,1
0,0,0.055175304,6,2
1,1,0.9134701,1,1
1,1,0.91885495,6,2
1,0,0.06922801,2,2
0,0,0.45023173,1,2
1,0,0.46385336,9,1
1,1,0.5230827,6,1
0,0,0.0031783448,1,1
0,0,0.1315054,6,1
1,1,0.6998501,1,2
1,0,0.3241536,1,1
1,1,0.9763199,9,2
0,1,0.9601353,6,2
0,1,0.69049203,8,1
1,1,0.9974571,6,1
1,1,0.9731366,1,1
1,1,0.92818314,1,1
0,1,0.6735023,9,1
1,1,0.89359415,1,2
1,1,0.9924523,9,1
1,0,0.3393268,8,1
1,1,0.69549215,1,1
1,1,0.76480633,6,2
1,1,0.923574,9,2
1,1,0.9340028,1,2
0,0,0.06058101,8,2
0,0,0.38982505,8,1
1,1,0.96567166,6,2
0,0,0.0017456332,9,2
0,0,0.14801712,9,2
0,0,0.0021251827,1,1
0,0,0.060453445,6,2
0,1,0.5578375,1,2
0,0,0.3924774,9,1
0,0,0.033966206,8,2
1,1,0.9776924,9,1
1,1,0.91505086,1,1
1,1,0.9025892,1,1
1,0,0.37354973,6,2
0,0,0.15612468,8,2
1,1,0.9196548,1,2
1,1,0.9611033,1,1
0,0,0.1023794,9,1
0,0,0.014092332,1,2
0,0,0.29157516,1,2
1,1,0.8275257,1,2
1,1,0.97938776,6,2
0,0,0.15211621,8,1
0,0,0.11015206,8,1
0,0,0.0022232938,1,1
0,1,0.94160104,6,1
1,1,0.8633872,6,1
0,0,0.06259727,9,1
1,0,0.48202577,1,1
1,1,0.88468874,1,1
1,1,0.9874873,9,1
0,0,0.004375987,9,2
1,1,0.86243975,8,1
0,1,0.6455645,9,1
0,0,0.48038238,1,2
0,0,0.15711366,8,2
0,0,0.11001982,7,2
0,0,0.0072734947,8,2
0,0,0.05217909,9,1
1,1,0.684554,1,1
1,1,0.99681866,6,1
0,0,0.015916515,1,2
1,1,0.6602004,1,2
1,0,0.14268361,6,2
1,1,0.9326515,1,2
1,1,0.9069282,1,2
0,0,0.019229496,9,1
0,0,0.033926763,8,1
0,1,0.55911314,2,1
1,1,0.95540863,1,1
0,0,0.44098106,8,1
0,0,0.025305236,9,2
0,0,0.45451683,8,1
1,1,0.9298988,6,1
0,0,1.7096043e-05,1,2
0,0,0.012342515,2,2
0,0,0.021081751,3,1
0,0,0.32694387,6,2
1,1,0.75298357,6,2
1,1,0.9394215,9,1
1,1,0.930006,9,1
1,1,0.8919636,1,1
1,0,0.48451054,9,2
1,1,0.8270177,6,2
1,1,0.7939119,1,1
1,1,0.955605,1,1
1,1,0.9216635,1,2
1,1,0.6192947,9,2
0,0,0.09527834,6,1
1,1,0.62348944,3,2
0,0,0.0013360941,9,1
1,1,0.7417273,1,1
1,1,0.96336293,1,1
0,0,0.022578733,9,2
1,0,0.30930436,8,1
0,0,0.0025652812,9,1
1,0,0.32924658,6,2
1,0,0.363866,9,2
1,1,0.98506147,6,1
0,0,0.003054946,8,1
0,0,0.02667238,8,2
1,0,0.45504025,9,1
0,1,0.75374544,8,2
1,0,0.2423399,6,1
1,1,0.97174734,1,1
0,1,0.91392356,6,2
1,0,0.20785728,1,1
0,1,0.8094177,8,1
0,0,0.011551031,9,2
0,0,0.26548108,1,2
0,0,0.049335822,1,1
1,1,0.91083497,6,2
0,0,0.0012990525,1,2
1,1,0.94558126,1,2
0,0,0.013205431,8,2
0,0,0.039530296,6,1
0,1,0.6071304,1,1
1,0,0.38742113,6,1
0,0,0.2867298,1,2
0,1,0.66782886,1,1
0,1,0.90835094,1,1
0,0,0.039528586,6,1
1,1,0.93371236,1,2
1,1,0.83343565,1,2
0,0,0.16379832,8,1
0,0,0.09146688,1,1
0,0,0.03202756,6,1
0,0,0.015325757,8,2
1,0,0.3913647,1,2
1,1,0.859218,1,1
0,0,0.2483555,9,1
0,0,0.01027616,1,1
1,1,0.55160624,8,2
1,1,0.8071711,6,2
0,0,2.9039542e-05,1,1
0,0,0.35926262,6,1
0,0,0.42929974,1,1
1,1,0.84174174,1,1
0,0,0.24317382,9,1
0,0,0.046167098,3,2
0,1,0.64658463,8,1
1,1,0.9516937,9,1
0,0,6.201577e-05,9,1
1,1,0.925856,6,2
0,1,0.95447296,6,1
1,1,0.7654995,6,2
1,0,0.44480214,2,2
0,0,0.009048216,9,2
0,0,0.037431452,1,2
0,0,0.06325736,1,1
1,0,0.09595941,1,1
0,0,0.00019944919,8,2
1,0,0.1467071,6,1
1,0,0.20067413,6,1
0,0,0.21977256,2,2
1,1,0.9262038,6,1
1,1,0.9884399,1,1
0,0,0.116798,6,1
1,1,0.8441338,1,2
0,0,0.14412262,8,1
0,0,0.008471321,1,1
1,1,0.8705858,1,1
0,1,0.96016395,1,1
0,0,0.015474322,6,2
0,1,0.5249453,8,2
0,0,0.04182257,8,2
1,1,0.8412597,1,1
1,1,0.98616564,9,1
0,0,0.012779036,6,1
0,0,0.00018548925,1,2
0,0,0.047946773,8,2
1,0,0.3545494,2,2
0,1,0.89245677,1,2
1,1,0.62198657,1,2
1,1,0.85473686,1,1
0,0,0.064570345,6,1
1,1,0.8996792,1,2
1,1,0.9027304,9,2
1,1,0.56070304,1,2
1,1,0.8847452,8,1
1,1,0.9235917,6,2
0,1,0.71284455,8,2
1,1,0.82556856,1,2
0,0,0.015730176,1,2
1,0,0.32904285,1,1
1,1,0.98865825,1,2
0,1,0.78390616,9,1
1,0,0.4101819,8,1
0,0,0.007973057,1,2
0,0,0.14127307,8,1
1,1,0.804359,1,1
0,1,0.97144014,8,2
0,0,0.11122265,1,1
1,0,0.17187056,8,2
1,1,0.76498747,6,2
0,0,8.3329e-05,6,1
1,1,0.77919894,1,1
0,0,0.2057088,8,2
0,0,0.088378936,9,1
0,0,0.017603168,1,2
1,1,0.7317444,1,2
1,1,0.9170216,1,1
0,0,0.15614116,6,2
1,1,0.9361007,6,1
1,1,0.8527791,1,2
1,1,0.7954316,6,1
1,0,0.26791704,8,1
0,0,0.057161715,8,1
1,0,0.41166306,1,1
1,1,0.9211794,1,1
1,0,0.4714656,6,1
0,0,0.20594092,6,2
0,0,0.3741703,1,2
0,0,0.15755387,9,2
1,1,0.8654023,8,1
1,1,0.9875639,9,1
1,1,0.8394289,1,2
0,0,0.0006886707,1,2
1,1,0.5262037,1,2
0,0,0.018981881,9,2
1,1,0.8786042,9,1
0,0,0.006105193,8,2
1,0,0.02777448,8,1
1,1,0.935444,1,1
1,1,0.8396993,1,1
0,0,0.07691587,8,2
0,0,0.017144877,8,1
0,0,0.013763191,9,2
0,0,0.027718794,6,1
1,1,0.5528899,9,1
0,0,0.105403654,8,2
0,0,0.29370734,1,2
1,1,0.846198,8,2
0,0,0.11025346,9,1
1,1,0.9601196,1,1
1,1,0.64431554,8,2
0,0,0.006065931,6,2
0,0,0.0765169,1,2
1,1,0.9005381,9,1
1,1,0.57881975,8,2
1,1,0.87996906,1,2
0,1,0.505456,6,1
1,1,0.97579,6,1
1,1,0.90543467,6,1
1,1,0.527244,1,1
0,1,0.50329155,1,2
1,0,0.27304712,2,1
0,0,0.14222497,9,1
1,1,0.84616864,9,1
1,1,0.91024536,6,2
0,0,0.37156677,6,2
0,1,0.9299834,1,1
1,0,0.026329376,9,2
0,0,0.10375368,8,2
1,0,0.49708775,9,1
0,1,0.7560957,6,2
1,0,0.37748227,1,1
0,0,0.1533138,8,1
0,0,0.44281876,8,2
0,1,0.9478758,6,2
1,1,0.9367136,1,1
0,1,0.8626452,1,2
0,0,8.286307e-05,3,1
1,1,0.52406824,1,2
1,1,0.7725107,9,1
1,1,0.9516208,9,1
1,1,0.9833945,8,1
0,0,0.39777133,1,1
1,0,0.47708318,6,2
0,0,0.04363779,1,1
0,0,0.10087998,1,1
1,1,0.7625735,7,1
0,0,0.30398545,8,2
1,1,0.8252825,1,1
0,1,0.6713622,9,1
0,0,0.115505956,1,1
0,0,0.00043008247,1,2
0,0,0.10785248,8,1
0,0,0.003180628,8,2
0,1,0.82620347,1,1
0,0,0.06521978,1,2
0,0,0.013636451,9,1
0,0,0.20498192,2,2
1,0,0.412996,6,1
1,0,0.48876175,1,1
1,1,0.5588964,1,1
0,0,0.27286032,2,1
1,1,0.94489366,6,2
1,1,0.6691745,9,1
1,1,0.95399946,9,1
0,1,0.63613594,1,2
0,0,0.04776847,3,2
1,1,0.55109644,6,1
0,0,0.055412557,7,2
0,0,0.011754772,8,2
0,0,0.23644137,1,2
0,0,0.2140761,9,2
0,0,0.004125943,1,2
1,1,0.8764086,1,2
0,1,0.68514174,6,1
0,1,0.8151333,1,2
1,0,0.12869403,8,1
0,1,0.61592853,6,1
1,1,0.5685243,9,2
0,0,0.19911762,2,1
1,1,0.9649356,2,2
1,1,0.70828253,6,1
0,0,0.0040370114,1,1
1,1,0.95442647,1,1
0,0,0.3145423,9,1
0,1,0.7962059,6,1
0,0,0.42861843,6,2
1,1,0.9417292,1,1
0,0,0.05342174,9,1
0,0,0.011724163,9,1
0,1,0.63388324,9,1
0,0,0.003960552,8,2
1,1,0.95025265,1,1
0,1,0.7625504,1,2
0,0,0.016310303,6,2
0,0,0.0017292332,9,2
0,1,0.8338405,6,2
1,1,0.9688872,1,1
1,1,0.88818735,2,2
0,0,0.07825065,3,1
0,1,0.6714408,9,2
0,1,0.5325325,8,1
1,1,0.7892468,1,2
1,1,0.9313449,8,2
0,0,0.10483001,8,2
0,0,0.004570889,8,2
1,0,0.20040545,9,1
1,1,0.88589007,6,2
0,0,0.08509077,6,2
1,1,0.94625133,1,1
0,0,0.14302415,9,2
1,1,0.86653626,1,1
1,1,0.9081603,6,1
0,0,0.00047050294,8,2
1,1,0.78452045,6,1
0,0,0.009088593,8,2
0,0,0.034504313,8,2
1,1,0.9468995,1,1
1,1,0.63517535,1,1
1,1,0.968562,6,2
1,1,0.82925326,1,2
1,1,0.9666694,6,1
0,0,0.3691718,9,2
1,1,0.8808738,1,1
1,0,0.40694815,2,1
0,0,0.001142011,8,2
0,0,0.0077495463,6,2
1,1,0.93470424,1,2
0,0,0.00058958406,9,1
1,1,0.71589863,6,1
0,0,0.09203733,8,1
0,0,0.10458737,1,1
0,0,0.1710022,6,2
1,1,0.9649898,1,2
0,0,0.00085375435,9,1
1,1,0.9967283,1,1
1,0,0.27431303,6,2
1,1,0.65842044,1,2
0,0,0.066724166,8,1
0,0,0.013266363,1,2
0,0,0.0027161024,8,2
1,1,0.7740087,1,2
1,1,0.96555716,1,1
1,1,0.85889363,1,2
0,1,0.9468036,6,1
0,0,0.016497418,8,1
0,0,0.32620242,1,2
0,1,0.74829674,1,1
0,1,0.77088916,6,1
1,0,0.29156214,9,1
0,0,0.06637672,9,1
1,0,0.013507962,8,1
0,0,0.09788695,8,2
1,1,0.7008987,8,2
1,0,0.2140432,1,1
0,0,0.05162109,1,2
0,0,0.25293955,2,2
0,0,0.050084352,8,1
0,1,0.88563067,9,2
1,1,0.6667198,9,1
0,0,0.039004177,6,1
1,1,0.91845673,8,1
0,0,0.001262591,8,2
0,0,0.0074680867,1,2
0,0,0.2633523,9,2
0,0,0.08235147,8,1
0,0,0.30127984,9,1
0,1,0.93230915,1,1
1,1,0.97757953,9,1
0,0,0.077628724,8,2
0,1,0.7821511,1,1
1,1,0.7590385,1,2
1,1,0.89443517,1,2
0,0,0.1521667,8,1
0,0,0.03703994,1,2
1,0,0.46985263,9,1
0,0,0.023811098,1,2
1,1,0.9809629,1,2
0,0,0.36306253,1,1
0,0,0.11744103,9,2
0,1,0.8613278,1,1
1,1,0.94477284,1,2
0,0,0.122844115,8,1
0,1,0.71887696,1,1
0,0,0.016090965,8,2
1,1,0.9446308,1,1
0,0,0.4919146,6,2
0,0,0.13825506,6,2
0,0,0.09697166,8,2
1,1,0.92206466,1,1
0,1,0.7167336,7,1
0,0,0.13940893,6,1
0,0,0.1129092,8,1
0,0,0.11015701,9,1
0,0,0.05545083,2,2
1,1,0.8968972,6,2
1,1,0.86418897,8,2
1,1,0.550552,1,1
1,1,0.8886192,1,1
0,1,0.51732236,2,1
0,1,0.89081585,1,2
0,0,0.017518738,8,2
1,1,0.95234036,1,2
0,0,0.00030172555,1,1
1,1,0.57603085,1,2
0,1,0.5591922,1,1
1,1,0.9856688,8,1
0,1,0.6725229,9,2
0,0,0.29620957,1,2
1,1,0.9619251,1,1
0,1,0.7945947,1,1
0,0,0.07204735,1,1
0,0,0.07292019,1,2
1,1,0.76562,1,1
1,1,0.6301759,1,2
1,1,0.6429894,1,2
0,0,0.116064996,6,1
0,0,0.04025546,1,1
0,0,0.3274137,1,2
0,0,0.056745343,8,1
0,0,0.063819095,9,1
1,0,0.16787612,3,1
1,1,0.8500362,6,2
1,1,0.9733324,1,2
1,1,0.7351246,9,1
1,1,0.6129121,1,1
0,0,0.012942981,6,1
0,1,0.9799739,2,1
1,1,0.8933234,1,1
0,0,0.00447723,1,2
0,0,0.00094124157,9,2
0,0,0.08463617,6,2
1,1,0.784675,6,2
1,1,0.76535404,6,2
1,1,0.8332507,6,2
0,0,0.035085086,1,2
0,0,0.0070929118,9,2
1,1,0.97497374,1,1
0,0,0.0016819165,6,1
1,1,0.9653805,1,1
1,0,0.4123771,9,2
0,0,0.081640676,9,2
0,0,0.20958865,1,1
1,1,0.93033445,1,1
0,0,0.33881655,6,1
1,1,0.64349604,1,1
0,0,0.00853176,9,1
0,0,0.16476272,1,2
1,1,0.9182871,1,1
1,1,0.9279473,1,1
1,0,0.077055074,7,2
0,1,0.53187776,8,1
1,0,0.15820304,8,1
0,0,0.120162696,8,1
1,1,0.8970475,7,1
0,0,0.21587378,9,1
1,1,0.8606422,1,1
1,1,0.9479408,1,2
1,1,0.6430936,1,1
1,0,0.073491916,6,1
1,1,0.78006876,1,1
0,1,0.5829859,6,2
0,0,0.06952115,8,1
0,0,0.007679289,1,2
0,0,0.220802,2,1
1,1,0.975222,9,2
0,0,0.030170133,6,2
0,0,0.06538832,9,2
1,1,0.6633758,1,2
1,1,0.72089267,6,1
1,1,0.8601982,9,1
0,0,0.057604965,9,1
1,1,0.8184883,1,2
1,1,0.99836594,6,2
1,1,0.83354545,9,1
1,1,0.9496012,8,1
0,0,0.026896575,9,2
1,1,0.9698211,6,2
1,1,0.64371616,8,1
1,1,0.74456334,1,2
1,1,0.84539807,9,1
0,0,0.07296795,1,1
1,1,0.9608883,9,2
0,0,0.009374493,1,1
0,0,0.31408212,1,2
0,0,0.011296321,6,2
0,0,0.037816335,6,1
0,0,0.39696726,8,1
1,1,0.9919727,9,1
1,0,0.12397364,9,2
1,1,0.8197222,1,1
0,0,0.04914528,8,2
1,1,0.9603988,1,2
0,0,0.17231719,1,1
1,0,0.16337024,9,2
0,0,0.050151452,3,2
1,0,0.411849,9,1
1,1,0.6945187,1,1
1,1,0.9321649,1,1
1,1,0.6842048,8,2
1,1,0.82161576,1,1
1,1,0.6892087,1,1
1,1,0.8353352,6,2
0,0,0.008468519,6,2
1,1,0.7382748,8,2
0,0,0.0908243,1,2
0,0,0.46301323,1,2
1,1,0.84627146,6,1
0,0,0.2981153,1,1
1,1,0.6138927,1,1
1,0,0.41777745,1,1
1,1,0.9544518,1,1
0,0,0.012013648,1,2
0,0,0.0019704641,9,2
0,0,0.056472704,1,1
1,1,0.87602603,6,2
1,1,0.7123519,1,2
0,0,0.019627834,8,2
1,1,0.71276957,2,2
1,0,0.08926304,8,2
0,0,0.15058762,6,2
1,0,0.38229248,1,1
0,0,0.0026226817,8,2
0,1,0.53715247,1,2
1,0,0.039053474,1,2
1,1,0.9412527,8,1
1,1,0.9889552,1,1
1,1,0.5062749,1,2
1,1,0.9375045,1,1
0,0,0.001657508,1,2
1,1,0.80339986,9,1
0,0,0.03051682,1,2
1,1,0.87423986,3,2
1,1,0.99173486,1,1
1,0,0.1494218,1,1
1,1,0.93638587,1,2
0,0,0.2836929,6,1
1,1,0.9025382,1,1
1,1,0.9116824,9,1
0,0,0.05555917,6,2
0,1,0.66946983,1,2
0,0,0.119822204,1,2
0,0,0.005411756,8,1
1,1,0.88259006,1,1
0,0,0.026757948,1,2
0,0,0.003046036,8,1
0,0,0.05342903,8,2
0,0,0.04828063,8,2
1,1,0.59905946,6,1
0,0,0.38112304,1,1
1,1,0.8912174,1,1
1,1,0.9295696,9,1
1,1,0.6761339,1,1
1,1,0.9390851,1,2
1,0,0.32004136,9,1
1,1,0.9981559,1,1
0,0,0.04350109,9,2
1,1,0.93776387,6,2
0,0,0.46395352,8,1
1,1,0.9974106,1,1
0,0,0.0043710475,8,1
1,1,0.97785586,6,1
0,0,0.0070052547,8,2
1,1,0.9627898,6,1
1,1,0.97111154,9,1
0,0,0.014223169,9,2
1,1,0.6908415,1,2
1,1,0.68071604,8,1
0,1,0.63962364,8,1
0,0,0.000398394,1,2
0,1,0.6781685,9,1
0,0,0.0032876562,1,2
0,0,0.21926615,6,1
1,1,0.9643894,6,2
0,0,0.19107224,6,2
1,0,0.31359538,1,2
1,0,0.15875246,1,1
0,1,0.58199894,8,1
0,0,0.009826826,1,2
1,1,0.7309181,1,2
1,1,0.85197896,1,1
1,1,0.99524885,1,2
1,1,0.95004636,1,2
0,0,0.092677474,6,1
0,0,0.0005771649,6,2
0,0,0.0018245678,1,1
0,1,0.504193,6,1
1,1,0.9472167,1,2
0,0,0.0491967,8,2
1,0,0.339564,2,1
0,0,0.046399426,9,2
0,0,0.1769572,8,1
0,0,0.033668973,9,1
0,0,0.2956355,6,2
1,1,0.97752076,6,1
0,1,0.96214926,9,2
1,1,0.6125449,9,2
1,1,0.99858165,1,1
0,1,0.6781172,1,2
1,0,0.27201203,1,2
0,1,0.7389571,9,2
0,1,0.5779616,1,2
0,0,0.006150074,6,2
0,0,0.0018402552,2,1
1,1,0.88059896,6,1
0,0,0.2082818,8,1
0,0,0.013151338,8,1
1,0,0.26579738,7,1
1,1,0.7652835,1,1
1,1,0.9523132,9,1
0,0,0.18026,8,1
0,1,0.6766805,6,1
1,0,0.3492399,8,2
0,0,0.3154917,1,2
1,1,0.87541544,1,2
0,0,0.098057985,5,1
1,0,0.42116836,8,2
0,0,0.19442639,8,1
1,1,0.96076065,6,1
0,0,0.051343128,9,2
1,1,0.8638307,6,2
0,0,0.012798361,2,2
1,1,0.8812163,2,2
1,1,0.9644455,1,2
1,1,0.96414566,1,1
1,1,0.9881088,1,2
0,0,0.008965557,8,2
1,0,0.46400207,6,1
1,1,0.8592451,1,1
0,0,0.0064318497,1,1
1,1,0.9339478,1,1
0,0,0.011487501,8,2
1,1,0.9157507,8,1
1,1,0.9662824,6,1
0,0,0.11634049,9,1
0,1,0.6061988,1,2
1,0,0.28280187,8,1
0,0,0.0063196532,9,2
0,0,0.024656393,8,2
1,0,0.43038127,9,1
0,0,0.0051546325,1,2
1,1,0.8616478,1,1
1,1,0.8256811,1,1
1,1,0.55368274,1,1
0,0,0.13970475,1,1
0,0,0.19872272,1,1
0,0,0.017404778,9,2
0,0,0.45527503,9,2
0,0,0.09293429,1,1
0,0,0.04657559,2,1
1,1,0.52753305,1,2
0,1,0.69179875,1,2
1,1,0.7382461,1,1
1,1,0.9223068,1,2
1,0,0.29021016,8,1
1,1,0.96952564,6,2
1,1,0.872865,9,1
1,1,0.564879,1,1
0,0,0.0125544695,8,1
0,1,0.81138706,9,1
1,1,0.98923886,1,1
0,0,0.43745762,2,1
1,1,0.89200354,1,1
0,1,0.72568053,8,1
0,0,0.25808015,9,2
0,0,0.05096373,8,2
0,0,0.45242885,1,2
1,1,0.6892936,1,2
1,1,0.976404,1,1
1,0,0.276866,1,2
1,1,0.87905073,1,1
0,0,0.013953257,1,1
1,0,0.3259281,1,1
1,1,0.78136724,1,1
0,0,0.05026753,1,2
0,0,0.0944159,6,2
0,1,0.7168987,6,2
1,1,0.97921664,9,2
0,0,0.0016817581,1,1
0,1,0.6848058,9,2
0,0,0.06555369,1,1
0,0,0.14610863,6,1
0,0,0.096162066,9,1
1,1,0.9815036,1,1
1,1,0.9851687,1,1
0,1,0.7728618,1,2
0,1,0.73265076,6,1
0,0,0.024066668,1,1
0,0,0.06578338,8,1
0,0,0.20816806,9,1
0,1,0.5486549,6,1
1,1,0.7447803,6,1
1,0,0.014975632,1,1
1,1,0.66167593,7,1
0,0,0.0027604208,8,2
1,1,0.9310712,9,2
1,1,0.5596837,9,1
1,0,0.3998471,1,2
1,1,0.68363625,6,1
1,1,0.92808855,6,2
0,0,0.012350564,2,1
1,0,0.1144503,8,1
1,1,0.92039907,1,1
0,1,0.6462556,9,1
1,1,0.99652076,1,1
0,0,0.09159815,2,1
0,0,0.017103273,8,2
1,1,0.6276684,9,2
1,0,0.3163986,8,2
1,1,0.8729928,1,2
0,1,0.7140791,1,1
1,0,0.47598514,1,2
0,0,0.114879504,2,1
1,1,0.8514499,6,1
0,0,0.12105774,9,1
0,1,0.971942,1,2
1,0,0.35335547,9,1
1,1,0.9509347,1,2
1,1,0.9531846,1,1
0,0,0.005540151,8,2
1,0,0.24215601,8,1
0,0,0.10865366,1,1
0,0,0.05975341,1,2
0,0,0.023448016,9,2
0,0,0.23443794,3,1
0,0,0.0069070854,1,2
1,1,0.99657035,9,1
1,0,0.3205513,8,1
1,0,0.32171744,8,2
1,1,0.90389776,1,2
0,0,0.2182932,1,1
1,1,0.7686038,1,2
1,0,0.17324646,6,1
0,0,0.12073147,8,1
1,0,0.3335882,1,2
0,0,0.100489624,6,2
0,0,0.050643947,1,1
1,1,0.9464211,9,1
1,1,0.993421,9,2
0,0,0.016256219,8,2
0,0,0.017147657,1,2
1,1,0.9861226,1,1
0,0,0.03184374,8,1
1,1,0.7566944,6,2
0,0,0.004073199,8,2
1,1,0.7466343,6,2
1,1,0.60059434,9,2
0,1,0.5549204,1,1
0,1,0.7150638,8,1
1,1,0.69309807,1,1
1,0,0.37939027,1,2
1,1,0.9314479,1,1
1,1,0.86057574,1,1
0,0,0.19281739,1,2
0,0,0.36440414,8,1
1,1,0.7221605,9,1
0,0,0.35705328,6,2
1,1,0.93058527,9,2
1,1,0.90492433,9,1
1,1,0.9731352,1,2
1,1,0.9663561,1,1
1,1,0.97738326,1,1
1,0,0.30429617,8,2
1,1,0.77323353,9,1
0,1,0.53384906,1,1
1,0,0.23686934,1,2
0,0,0.03957157,8,1
1,1,0.9384933,1,2
1,1,0.7534133,1,2
1,1,0.88772976,6,2
0,1,0.57105803,9,1
1,1,0.99380976,6,1
0,1,0.7757727,6,2
0,0,0.097767584,9,1
0,0,0.06962812,8,2
1,1,0.59978795,2,1
1,0,0.019064939,6,2
0,0,0.012867581,8,2
1,1,0.8690114,1,1
0,0,0.08658013,6,1
1,1,0.9112207,6,1
1,1,0.95714486,1,1
0,0,0.19860993,8,2
1,1,0.95900035,6,1
0,1,0.6871902,9,2
1,1,0.76459384,8,1
0,0,0.007284093,9,1
1,1,0.86861044,9,2
1,1,0.78044635,6,2
1,1,0.94808537,6,1
1,1,0.8202312,6,1
0,1,0.81806844,1,1
1,1,0.9613684,2,2
0,0,0.10104955,8,1
1,1,0.79633963,1,2
0,0,0.012467218,8,1
0,1,0.81852543,9,1
1,1,0.5210184,1,1
1,1,0.78706884,6,2
1,1,0.7534086,1,1
1,1,0.7462814,9,1
1,0,0.107038096,1,2
0,0,0.047082275,9,2
0,1,0.95319694,1,1
0,0,0.0038253302,8,2
1,1,0.6796258,1,2
1,1,0.95010716,1,2
0,0,0.41117185,6,1
0,0,0.42308417,8,1
0,0,0.1634569,8,2
1,1,0.98579735,9,1
0,0,0.009714823,1,2
1,1,0.96702117,1,1
0,0,0.2665524,1,2
1,1,0.9651288,6,2
0,0,0.26289055,1,1
0,1,0.68962884,1,1
0,0,0.08684915,1,2
1,0,0.37275484,8,1
1,1,0.94197124,1,2
1,1,0.84171665,8,2
1,1,0.91482097,7,1
0,0,0.17434447,1,2
1,1,0.5267399,6,2
0,0,0.20222487,8,1
1,1,0.93499273,6,1
1,0,0.33550352,1,1
0,0,0.29178634,1,2
1,1,0.908608,8,1
0,0,0.091029175,8,1
0,0,0.056358747,1,2
0,0,0.006717715,1,1
0,0,0.4005526,9,2
1,1,0.9962251,1,1
1,1,0.9535753,6,1
1,0,0.42394993,9,2
0,0,0.0146784885,1,2
1,1,0.7733531,1,2
1,0,0.03884985,9,1
1,0,0.19214258,9,2
0,0,0.16700028,9,2
0,1,0.5134298,1,1
1,1,0.80503035,1,2
0,1,0.51703715,1,1
1,1,0.9687507,9,2
0,0,0.072818,1,2
1,1,0.69187987,1,1
1,1,0.5375402,6,1
0,0,0.16742098,1,2
0,0,0.32182646,1,1
0,0,0.24936344,2,1
1,1,0.9768983,1,1
1,1,0.9058104,9,2
0,0,0.06492351,1,2
1,1,0.95995104,1,1
0,1,0.82844985,6,1
1,1,0.6209824,1,2
0,0,0.002592731,9,2
1,1,0.6096847,9,2
1,1,0.7775906,9,1
0,0,0.22074866,1,2
1,1,0.92701125,1,1
0,1,0.59130794,7,2
1,0,0.4401323,8,1
0,1,0.6570409,9,1
1,1,0.87581176,1,1
0,1,0.76501274,1,1
0,1,0.8311548,1,1
1,1,0.9549291,6,2
0,0,0.005803385,8,2
1,1,0.90174,9,2
0,0,0.23503932,1,2
1,1,0.86978525,1,2
1,1,0.7017767,1,1
0,0,0.005004587,9,2
1,1,0.5856772,8,2
0,1,0.53878045,1,1
1,0,0.32346556,1,2
0,0,0.063778475,8,2
0,1,0.5243765,9,1
1,1,0.8334838,1,1
0,1,0.6892263,1,2
1,1,0.8576099,1,1
0,0,0.39913008,8,1
1,0,0.2640075,2,1
1,1,0.8149354,8,1
1,1,0.83678716,8,2
1,1,0.8850942,1,1
0,0,0.28263623,6,2
1,1,0.9619533,6,2
0,0,0.0034945335,1,2
1,1,0.9749913,1,2
0,1,0.8943406,6,1
0,0,0.044599526,8,1
0,0,0.42020467,8,1
0,0,0.26921186,8,2
0,0,0.12377284,6,2
0,0,0.38960946,1,2
1,1,0.6465781,6,1
0,0,0.023189394,8,2
1,1,0.8556287,1,1
0,0,0.00012116234,6,1
0,0,0.11421447,9,2
0,0,0.08817442,8,1
0,0,0.07969197,8,2
1,1,0.8036356,8,1
0,1,0.53366876,1,2
0,0,0.41092047,8,1
0,0,0.44184023,1,1
0,0,0.04584707,6,1
0,0,0.053234488,6,2
1,1,0.9603801,9,1
1,1,0.90757805,1,1
1,0,0.30109096,9,2
0,0,0.24894589,9,1
1,1,0.9853365,1,1
1,1,0.9841493,1,1
0,0,0.33949122,6,1
1,1,0.8990544,6,2
0,0,0.4242032,1,2
0,0,0.35845843,9,1
1,0,0.30342194,6,2
0,1,0.54969037,1,2
1,1,0.85913235,1,1
1,1,0.78080136,9,1
1,1,0.5286492,1,1
1,0,0.02794252,6,2
1,1,0.99178517,1,1
0,0,0.041628107,6,1
1,1,0.76363623,6,1
1,1,0.86244184,9,1
0,0,0.010741606,8,1
1,1,0.8761227,1,2
0,0,0.11880113,6,1
0,0,0.2970112,6,2
0,1,0.73722446,8,1
0,0,0.19099489,9,1
1,0,0.45418215,1,1
0,0,0.49586448,8,1
0,0,0.3682015,1,2
0,0,0.001750106,1,2
0,0,0.089113824,1,2
1,1,0.9549754,9,2
1,0,0.35587737,1,1
0,0,0.08756302,6,1
0,1,0.68591267,6,1
0,1,0.50005555,9,1
1,1,0.9955751,1,2
0,0,0.15836905,1,1
0,0,0.1566193,6,1
1,1,0.93133897,6,2
0,1,0.6451889,6,2
0,0,0.14876144,6,2
1,1,0.9773343,1,2
1,1,0.9322067,6,1
1,1,0.76629746,6,2
0,0,0.21475178,8,2
0,0,0.03229096,8,1
1,1,0.90620905,9,1
0,0,0.06338974,1,1
0,0,0.0010795087,6,1
0,0,0.01616573,9,2
0,0,0.2684172,3,1
1,1,0.99840254,1,1
1,1,0.9400318,1,2
0,0,0.12181719,1,1
1,1,0.9186555,6,2
1,1,0.6780565,8,1
1,1,0.9593555,6,2
0,0,0.12234876,1,2
1,1,0.9385636,6,2
1,1,0.9859367,1,1
1,0,0.4614672,6,2
1,1,0.97424,6,1
1,0,0.20967662,9,2
0,0,0.12322958,1,2
1,1,0.98181194,1,2
1,1,0.95442325,8,1
1,1,0.84107655,9,1
1,1,0.9939831,1,1
0,0,0.006641509,1,1
1,1,0.83831805,9,1
0,0,0.012315319,2,2
0,0,0.19053166,8,2
0,0,0.015221901,8,2
0,0,0.002019954,1,1
0,1,0.7393652,1,2
1,1,0.63646483,6,2
0,0,0.14690657,1,2
0,0,0.0705523,9,1
1,1,0.8026961,8,2
0,0,0.42237213,8,1
1,1,0.9205387,9,2
1,0,0.36931336,1,1
1,0,0.29642925,6,1
1,1,0.54487556,3,1
1,1,0.9130883,9,2
0,0,0.22638948,7,2
0,0,0.023756837,6,2
0,1,0.93842506,2,1
0,0,0.17921858,8,2
0,0,0.26908863,8,2
0,0,0.010979468,1,2
0,0,0.18881612,9,1
0,0,0.3971699,6,2
1,1,0.68819606,9,2
0,0,0.17189986,1,1
1,1,0.61045563,9,2
1,1,0.8950587,9,2
1,0,0.36291593,8,1
0,1,0.6991439,1,2
1,1,0.95294,6,2
1,1,0.8038887,1,1
1,1,0.75745213,1,2
0,0,0.0135030635,1,2
0,0,0.017698681,1,1
1,1,0.97424966,6,1
0,0,0.00035583918,8,1
0,0,0.064648576,6,1
0,1,0.54412276,9,2
0,1,0.84585273,1,1
0,1,0.560578,6,1
0,0,0.027670693,8,1
0,0,0.14618999,8,1
1,1,0.9522555,8,2
1,1,0.6659127,6,1
0,0,0.30509216,1,1
1,1,0.9271042,1,2
0,1,0.6917001,1,1
0,0,0.0078818435,1,1
0,0,0.001067346,1,2
1,1,0.9568299,1,1
0,1,0.79692364,1,2
0,1,0.8813055,6,2
0,0,0.05322926,6,2
1,0,0.10533643,1,2
0,0,0.4167066,3,1
0,0,0.0004749849,8,1
0,1,0.86650443,3,1
1,1,0.9880761,6,1
1,1,0.9059727,1,1
1,1,0.76398677,6,1
1,1,0.91473484,1,1
1,1,0.98395085,1,2
1,1,0.63692176,2,1
1,1,0.7840528,8,1
0,0,0.27915853,1,2
0,0,0.16303681,1,1
1,1,0.53888386,1,1
1,0,0.1837092,9,1
0,1,0.8704118,1,1
0,0,0.041557044,9,2
1,0,0.49071482,1,1
0,0,0.18025824,1,1
1,1,0.73023623,9,1
1,1,0.98074645,1,1
0,1,0.6020051,6,1
1,1,0.933885,1,2
0,0,0.011792471,9,1
0,0,0.0043666796,3,1
1,1,0.9159922,1,1
0,0,0.102264866,9,1
0,0,0.035833366,8,1
0,0,0.01380186,6,2
1,1,0.98407817,1,1
1,0,0.14154306,6,2
0,0,0.16570255,6,2
1,1,0.8786629,8,1
0,0,0.31015384,6,1
1,1,0.8529183,2,2
0,0,0.17775439,8,1
1,1,0.78376395,7,2
1,1,0.96265674,1,2
1,1,0.97947866,1,1
1,1,0.7229257,1,2
0,0,0.0850305,8,2
1,0,0.49466866,1,2
0,1,0.65629554,1,2
1,1,0.91069716,1,1
1,0,0.3093856,9,1
1,0,0.24697335,8,2
1,1,0.5278115,1,2
0,1,0.8180205,1,2
1,1,0.8751584,2,2
1,0,0.022673853,8,2
1,1,0.99003625,1,1
1,1,0.87956166,8,2
0,0,0.04095013,1,2
1,1,0.79626155,9,2
1,1,0.65273374,1,1
0,0,0.005100781,9,1
0,0,0.050235074,1,2
1,0,0.0027633654,8,1
1,1,0.9156008,9,2
0,1,0.938275,1,1
0,0,0.08793302,2,1
0,1,0.7217951,2,1
1,1,0.87901235,1,1
1,1,0.9808359,1,2
0,0,0.15873235,6,1
0,0,0.0037170828,9,1
1,1,0.98504084,8,1
1,1,0.5892189,1,2
0,0,0.011402724,6,2
1,1,0.771001,1,2
0,0,0.006697925,1,1
1,1,0.64268005,6,2
1,1,0.96267396,6,2
0,1,0.8537475,8,2
1,1,0.58711123,8,2
1,1,0.9990079,6,1
1,1,0.57709086,8,2
1,0,0.041911863,6,1
1,1,0.6306127,9,1
0,0,0.3843624,6,1
1,1,0.82830614,9,1
1,1,0.6172399,1,2
0,0,0.26795506,6,2
1,1,0.9958104,1,2
0,0,0.15305142,9,2
1,1,0.9407976,1,1
0,0,0.0864314,1,1
0,0,0.0978793,8,1
0,0,0.0398408,8,2
0,0,0.32493982,6,1
0,1,0.5515753,1,2
1,1,0.9174987,1,2
0,0,0.26927593,8,1
0,0,0.15221661,6,2
0,0,0.23941463,9,2
1,1,0.96642005,6,2
0,0,0.00712558,1,2
1,1,0.5399071,6,2
1,1,0.9975914,1,1
0,0,0.005457866,9,2
0,0,0.010353083,1,1
1,1,0.95864064,1,1
1,0,0.31469917,8,2
1,1,0.7966859,7,1
0,0,0.040831212,1,2
0,0,0.12710677,1,2
0,1,0.6266636,9,2
1,1,0.92219007,1,1
1,1,0.6877935,9,1
0,0,0.026804257,2,2
1,1,0.9808276,1,1
1,1,0.98539287,1,1
1,1,0.6470642,8,2
1,0,0.23700391,6,2
1,1,0.69552165,1,2
1,1,0.99802315,6,1
0,0,0.18401201,2,2
0,0,0.010693183,8,2
0,0,0.02001891,6,2
0,0,0.0028098312,9,2
0,0,0.0073226085,8,2
0,1,0.6039874,6,2
0,0,0.2467453,2,1
0,1,0.62448734,1,2
1,1,0.9803806,9,1
1,0,0.4820998,1,2
0,0,0.0014517142,9,2
0,0,0.22075105,8,1
0,0,0.20684882,8,2
0,0,0.010933527,6,2
0,1,0.9478813,6,1
1,1,0.9717471,1,2
1,1,0.9929575,1,2
0,0,0.018878747,9,2
0,1,0.5103402,1,1
0,0,0.17027366,6,1
0,0,0.303047,8,1
0,0,0.083164304,6,1
0,0,0.003005876,2,1
1,1,0.97474444,1,2
1,1,0.9130063,1,2
1,0,0.423251,6,2
0,0,0.017331488,8,1
0,0,0.0056757256,1,2
0,0,0.009019363,8,1
0,0,0.1553323,9,2
0,1,0.90005416,1,1
0,0,0.0006999456,8,1
0,0,0.13785996,8,2
0,0,0.0018991992,8,2
0,0,0.0060293404,9,1
0,0,0.010638499,1,2
0,0,0.021484828,1,2
0,0,0.009561364,8,1
0,0,0.05172909,1,2
0,0,0.0034998232,6,1
1,1,0.8379433,1,1
0,0,0.13102034,8,2
0,0,0.026259737,8,1
0,0,0.0073027643,8,2
0,0,0.34939414,1,2
1,1,0.9320105,6,2
0,0,0.017010432,6,2
0,0,0.18226229,9,2
1,1,0.729502,6,2
0,1,0.7879384,1,2
0,0,0.22546893,9,1
1,1,0.9945799,9,1
0,0,0.0030146455,1,2
1,0,0.34668994,6,1
1,0,0.060547736,1,2
1,0,0.4252359,1,1
1,1,0.9412077,1,1
1,1,0.9313803,1,2
0,0,0.02294731,9,2
0,0,0.30132097,9,1
1,1,0.8520994,6,2
1,1,0.8798662,2,1
1,1,0.70352226,1,2
1,1,0.86505824,1,2
0,0,0.3840714,8,2
0,0,0.1631665,9,2
0,0,0.21214442,9,2
0,0,0.38608268,8,2
1,0,0.4607572,9,1
1,1,0.8205169,1,2
0,1,0.68270206,1,1
1,1,0.7699773,9,2
0,0,0.13124686,9,2
1,1,0.7220283,1,2
1,1,0.76555437,6,1
1,1,0.94364077,1,1
0,0,0.0041402075,8,2
0,0,0.09166443,6,1
1,0,0.21764463,1,1
1,1,0.6766498,6,2
0,0,0.4029697,6,2
0,0,0.058959417,9,1
1,0,0.114615455,9,1
1,1,0.99233127,1,1
0,0,0.02715859,6,1
0,0,0.026012426,8,2
1,1,0.7067896,6,2
0,0,0.23722255,6,1
0,0,0.38816422,6,1
0,0,0.081617706,8,2
0,0,0.25362012,6,1
0,0,0.21361992,9,2
0,0,0.07510912,9,1
0,0,0.28386155,9,1
0,1,0.9448181,1,2
0,0,0.32964927,2,2
0,0,0.02202292,1,1
1,1,0.9936719,1,1
0,0,0.017264066,8,1
0,0,0.13386296,6,2
0,0,0.4459275,8,2
1,1,0.8349946,9,1
0,1,0.8721006,1,1
1,1,0.5600946,1,2
0,1,0.8866195,1,1
0,0,0.32257372,3,1
0,0,0.009545134,1,1
0,0,0.017443163,1,2
1,1,0.95922184,6,1
0,0,0.008995421,8,1
1,0,0.09803169,9,2
0,1,0.68862534,1,2
0,0,0.005576378,8,2
0,0,0.026971295,8,2
0,0,0.45850644,1,2
1,1,0.800794,1,2
0,0,0.26321152,1,1
0,0,0.01671282,6,1
0,0,0.04269245,8,2
0,0,0.011044674,9,1
0,0,0.06794276,8,1
0,0,0.2460512,6,1
0,1,0.6637149,8,1
1,1,0.8258737,8,1
0,0,0.39008698,1,2
0,0,0.17563826,9,2
0,0,0.0070328726,6,2
1,1,0.9876397,1,1
1,0,0.3118914,1,1
1,1,0.8127562,1,1
1,1,0.87761444,1,1
0,0,0.13456747,2,2
0,0,0.0016425545,1,1
0,0,0.39377022,1,1
0,1,0.7586003,8,1
0,0,0.06750607,6,2
1,0,0.20042188,1,2
0,0,0.2558623,6,1
0,0,0.022868233,1,2
0,0,0.06222402,1,2
1,0,0.34622157,6,1
1,0,0.282584,9,1
0,0,0.03917867,8,2
1,1,0.9670546,1,1
1,1,0.651919,8,1
0,0,0.0024782126,8,2
0,1,0.8863841,1,1
0,0,0.009486851,8,2
0,0,0.25991556,8,1
1,0,0.12934063,1,2
1,0,0.4383361,1,2
0,1,0.87506396,1,1
0,0,0.12882565,8,2
1,1,0.918071,9,1
1,1,0.7691257,1,1
0,1,0.5733794,9,2
0,0,0.15009788,8,2
0,0,0.09363866,8,2
0,0,0.026276058,1,2
0,0,0.0047704116,9,1
1,1,0.70011383,1,2
1,1,0.9861617,1,1
1,1,0.6141212,1,1
1,1,0.8850352,6,1
0,0,0.19844499,1,2
1,1,0.86415106,1,2
0,0,0.006181283,9,2
1,1,0.930907,1,2
1,1,0.6707088,3,1
0,0,0.065600626,6,2
1,1,0.97521317,6,1
0,0,0.12385336,9,1
0,0,0.016481573,9,1
0,0,0.030292949,8,2
0,0,0.0029156625,8,2
1,1,0.6314033,1,1
0,0,0.46559146,6,2
1,0,0.38963842,8,1
1,1,0.77804935,9,2
0,0,0.013743064,9,2
1,1,0.968232,1,2
1,1,0.9363852,5,1
0,0,0.08747738,1,2
0,0,0.46113965,8,2
1,1,0.92355055,1,1
1,1,0.7208388,1,1
0,0,0.0068784826,8,2
0,0,0.022473456,8,2
1,1,0.9849332,1,2
0,0,0.04662159,8,1
0,0,0.0011287207,8,1
1,1,0.8265214,6,1
0,1,0.8585491,8,1
0,1,0.5453751,1,1
0,0,0.10761207,1,2
1,1,0.50661385,1,1
1,0,0.4981845,3,2
0,1,0.94702667,6,1
1,1,0.5117151,1,1
0,0,0.057502348,1,1
0,0,0.0027194484,9,1
1,1,0.9906281,1,1
1,1,0.98131555,2,1
0,0,0.26299608,1,1
1,1,0.91495544,6,2
1,1,0.9232643,1,1
1,1,0.8675373,1,2
0,1,0.83756745,1,1
1,1,0.8575208,9,1
0,0,0.010835459,2,2
1,1,0.9616149,1,2
0,1,0.57597655,1,1
1,1,0.95198953,1,1
1,1,0.9154481,6,2
1,1,0.9284054,2,2
1,1,0.73813087,6,2
0,0,0.21423367,6,2
1,0,0.34017798,6,1
0,0,0.060232732,8,2
1,1,0.9218593,8,1
0,0,0.002315537,8,2
0,0,0.25209418,8,2
0,0,0.1462594,3,2
0,0,0.4913318,1,2
0,1,0.50148165,9,1
0,0,0.052837238,8,2
0,0,0.28499258,8,1
0,0,0.44083107,1,2
0,0,0.012075251,1,1
0,0,0.129998,3,1
1,1,0.97758394,2,2
0,0,0.035307996,1,1
0,1,0.5199098,6,1
1,1,0.6599594,1,1
1,1,0.8922354,1,1
0,0,0.0013386186,9,2
0,0,0.058138173,9,2
1,1,0.9784776,8,1
0,0,0.0033153677,1,2
0,0,0.3304164,8,1
0,0,0.28776482,8,2
1,0,0.29682043,9,1
1,1,0.87096095,1,2
1,0,0.40213096,6,1
0,0,0.23540425,6,1
0,0,0.016844796,8,1
1,0,0.27710903,1,1
1,0,0.13870747,6,1
0,0,0.23356928,1,2
0,0,0.05872773,9,1
0,0,0.010095413,9,2
0,0,0.016726194,9,1
1,0,0.2865909,1,1
1,1,0.8105235,1,2
1,1,0.8136557,6,2
1,1,0.53735363,8,1
0,0,0.01779181,1,1
0,0,0.023898778,8,2
0,0,0.02306233,1,2
0,0,0.20358664,9,2
0,1,0.6067032,1,1
1,1,0.8840302,6,2
0,0,0.11460163,9,1
0,0,0.040093817,3,1
0,1,0.6778416,6,2
1,1,0.8971007,2,2
0,0,0.015851771,6,2
1,0,0.4921919,1,1
1,1,0.9792032,1,1
1,0,0.35080457,1,1
0,1,0.91516286,1,1
1,0,0.1592395,1,2
1,1,0.7043845,1,2
0,0,0.06830291,8,2
0,0,0.09988279,8,1
1,1,0.6041832,1,2
0,0,0.0657955,6,1
0,1,0.605409,2,2
1,0,0.34680945,1,1
1,1,0.987604,9,2
1,1,0.961421,1,1
1,1,0.72389996,9,1
0,1,0.72544277,8,1
1,1,0.9551791,6,1
0,0,0.07007509,1,2
1,0,0.29253685,8,1
1,1,0.99227303,6,1
1,1,0.6692785,1,2
0,0,0.024691293,9,2
0,0,0.038019132,9,1
0,1,0.57826847,1,1
1,1,0.9388137,6,2
0,1,0.80947524,9,1
1,1,0.9375967,1,2
0,1,0.7690868,6,2
0,0,0.24626504,6,1
1,1,0.95928437,1,1
0,0,0.02945082,8,2
0,0,0.045922,8,1
1,1,0.9804981,1,2
1,1,0.8547418,6,2
0,0,0.42576444,1,1
0,0,0.0060636457,9,2
1,1,0.8476273,1,2
1,1,0.7075812,6,2
0,1,0.80737984,1,2
0,0,0.009330261,6,2
1,1,0.90341526,6,2
0,0,0.0122374995,9,2
0,0,0.07166508,1,2
0,0,0.009400078,8,1
0,0,0.078985654,1,1
1,1,0.96070975,8,1
1,0,0.03887913,8,2
1,1,0.57339156,6,2
0,0,0.10889134,1,2
0,0,0.009534298,1,1
0,0,0.0021995301,9,2
0,0,0.024785733,8,2
1,1,0.9240456,6,1
1,1,0.8321501,9,2
1,1,0.6296488,1,2
1,0,0.45017618,9,2
0,0,0.104692586,9,1
1,1,0.8919128,6,1
1,0,0.039155252,6,1
1,1,0.9642259,1,2
0,0,0.030793859,9,2
1,1,0.7242577,9,2
1,1,0.8873337,9,1
1,1,0.9807334,1,1
1,1,0.9061906,7,2
1,1,0.9690616,6,1
0,0,0.023807358,8,2
1,1,0.6191223,1,1
0,0,0.0071816538,5,2
0,1,0.74221814,2,1
0,0,0.0837122,8,1
0,1,0.83868647,6,2
1,1,0.89979655,1,1
0,0,0.2729987,1,1
1,1,0.8587884,9,1
0,0,0.0021241766,6,1
1,1,0.54235655,6,1
1,1,0.71251184,9,1
0,0,0.16635889,8,2
1,1,0.93452245,6,1
1,1,0.9963236,1,1
1,1,0.8123617,1,1
0,0,0.0030541588,9,2
0,0,0.07857339,1,1
0,1,0.75202626,1,2
0,0,0.49228087,8,2
1,1,0.9796967,1,1
1,1,0.7254287,1,1
0,0,0.004351696,9,1
0,0,0.07253426,9,1
0,0,0.044132773,7,2
0,1,0.60857695,1,1
0,0,0.015675643,9,2
1,1,0.92089164,8,1
0,0,0.0037671474,8,1
0,0,0.0048903413,8,2
0,0,0.05538516,1,2
1,1,0.94533014,1,1
1,1,0.9549279,1,1
1,1,0.9543873,1,2
0,0,0.020857489,9,2
1,1,0.93900585,1,1
0,0,0.1724088,1,2
0,0,0.14978448,6,2
1,1,0.9898964,1,1
0,1,0.7892923,8,2
1,1,0.91058654,1,2
1,1,0.90344375,1,1
0,0,0.019077834,8,1
1,1,0.95048165,1,1
0,1,0.66671145,8,1
1,0,0.021965805,1,2
1,1,0.91305333,2,2
1,1,0.868142,1,1
0,0,0.44089586,8,2
0,0,0.0010782393,1,1
0,1,0.6480988,1,2
0,0,0.13308465,8,1
1,1,0.9155986,1,1
0,1,0.6327727,2,2
0,0,0.031188415,1,1
0,0,0.38323823,6,1
0,0,0.059541225,1,1
0,1,0.9043835,3,1
0,0,0.04202745,9,2
1,1,0.516694,6,1
1,1,0.8838865,8,1
0,0,0.034838524,9,2
0,0,0.016062597,8,2
1,0,0.15215515,1,2
1,1,0.9229959,6,1
0,0,0.37708902,8,1
0,0,0.0029151996,6,1
1,1,0.96173924,6,1
0,0,0.08866489,9,2
1,1,0.99613994,6,1
1,0,0.3402421,8,1
1,0,0.27138045,1,1
1,1,0.9843785,8,2
0,0,0.015853751,1,2
1,1,0.9568966,1,1
0,0,0.019164212,8,2
0,0,0.12981118,1,1
0,1,0.68903464,1,2
1,0,0.3186948,1,2
0,0,0.010966086,9,2
1,0,0.43024826,8,1
0,0,0.21420594,1,2
0,0,0.13394481,6,2
0,0,0.02849686,6,2
0,0,0.008473897,8,2
0,0,0.058908645,6,1
0,0,0.039210048,8,1
0,0,9.294319e-05,9,2
1,0,0.26032478,9,1
0,1,0.5639519,1,2
0,0,0.010492115,6,2
0,0,0.043731604,8,1
1,1,0.9740703,6,2
0,0,0.0874238,6,2
0,0,0.0051137195,8,2
1,1,0.8946051,1,2
0,0,0.17119054,9,1
0,0,0.19534084,1,1
0,0,0.23831625,9,1
0,0,7.477802e-05,1,2
0,0,0.05918618,6,1
1,1,0.96524864,8,1
1,1,0.95384306,6,1
0,0,0.36862102,6,1
1,1,0.7838194,6,1
1,1,0.92130893,1,2
1,1,0.9477661,6,2
1,1,0.5286557,9,1
0,0,0.05872773,9,1
1,0,0.46005854,9,2
0,0,0.34785312,6,1
1,0,0.48414314,1,2
0,0,0.04142911,8,2
0,0,0.12652096,9,1
1,1,0.96922886,1,1
1,1,0.688565,1,2
0,0,0.15276018,6,2
1,1,0.9493162,1,1
0,0,0.17279185,1,2
0,1,0.7517917,9,2
1,0,0.23787406,8,1
0,0,0.20987907,1,2
1,1,0.8787971,1,2
0,0,0.13639843,2,2
1,1,0.81128705,9,1
1,0,0.33735776,1,1
0,0,0.30745488,1,2
0,1,0.73345274,6,1
0,0,0.0035646781,1,1
0,0,0.29427516,1,2
1,0,0.241806,6,1
0,1,0.5144124,6,2
0,1,0.5054795,1,1
1,1,0.9754533,1,2
1,0,0.37911892,1,1
0,0,0.010727245,8,2
0,1,0.68018234,6,2
0,1,0.53453034,1,1
1,0,0.23144376,2,2
0,0,0.04354464,8,2
0,1,0.73245645,9,2
0,0,0.08234387,1,1
1,1,0.6897143,9,1
0,0,0.0058610276,6,2
0,0,0.37026578,1,2
0,0,0.10334402,6,1
0,0,0.40842256,9,1
0,1,0.6661071,8,1
0,0,8.3486084e-05,1,1
1,1,0.9587687,6,2
1,1,0.9838547,1,2
0,0,0.006229095,3,1
0,0,0.02458527,8,1
0,0,0.019099414,8,2
0,0,0.3536629,9,1
1,1,0.58413357,1,1
0,0,0.011846114,9,2
1,1,0.9819933,1,2
1,1,0.88714206,1,2
0,1,0.50126106,8,2
1,1,0.93679273,6,1
0,1,0.6610293,6,1
1,1,0.61045814,6,2
0,0,0.17652966,9,1
0,0,0.0036189936,8,1
0,0,0.07019615,9,2
1,1,0.54103136,8,1
0,0,0.0048277555,9,2
0,0,0.0020484028,8,1
1,1,0.96291,6,2
0,0,0.16064782,8,1
0,0,0.0481076,9,1
1,1,0.8255567,1,1
1,1,0.66866434,6,1
0,0,0.09738841,8,2
0,0,0.021190414,1,1
1,1,0.81119484,1,1
0,0,0.030634835,1,1
0,0,0.02931173,8,2
0,0,0.0024165888,8,1
0,0,0.44008994,1,2
0,0,0.27933416,8,1
0,0,0.051397502,7,2
0,0,0.008956847,9,1
0,0,0.31983986,6,1
1,1,0.8739499,1,1
1,1,0.85282296,9,1
0,0,0.20362225,9,2
0,0,0.056209918,9,1
0,1,0.7821622,9,2
1,1,0.9824175,1,1
1,1,0.99482477,1,1
0,0,0.01157661,8,1
0,0,0.00848983,1,1
0,0,0.010217591,1,2
1,1,0.92100453,1,2
0,0,0.02598017,1,1
1,1,0.9912054,1,1
0,0,0.08676568,1,1
1,1,0.9773172,6,1
0,0,0.4285298,6,2
0,1,0.8532263,1,2
0,0,0.07921849,6,2
1,1,0.8259959,1,2
0,0,0.11294779,3,2
1,1,0.8609096,1,1
0,1,0.6907421,6,2
0,1,0.5374,6,1
0,0,0.4516828,8,1
1,1,0.8128739,1,1
0,1,0.7645493,6,2
0,0,0.09067502,1,2
1,1,0.9650361,1,1
1,1,0.5761155,3,1
0,0,0.018757775,1,1
0,0,0.08046339,1,1
0,0,0.041858558,1,2
0,0,0.004767347,8,1
0,0,0.09145284,8,1
1,1,0.973389,1,1
0,0,0.3011979,1,2
0,0,0.0054176548,8,2
0,0,0.00904127,6,1
1,1,0.8900298,1,1
1,1,0.7066759,9,1
1,0,0.37915415,9,2
0,0,0.2915173,8,2
0,0,0.38732097,9,1
0,0,0.0026069554,6,2
1,1,0.9101782,1,1
1,1,0.9915686,6,1
0,0,0.0020510666,9,1
0,0,0.061772436,6,1
0,0,0.459727,1,2
1,1,0.929379,6,2
1,0,0.48960134,1,1
1,1,0.9535371,8,1
0,0,0.0074692853,1,2
0,0,0.00095678883,3,1
0,0,5.7199974e-05,9,2
1,1,0.97032857,6,2
0,0,0.0007043251,1,1
1,1,0.90837145,1,2
1,1,0.93942016,1,1
1,0,0.49528387,1,2
0,0,0.002453287,8,1
0,0,0.3837361,6,2
0,0,0.4433803,1,2
0,0,0.22517483,6,2
1,1,0.6477857,1,1
1,1,0.5216631,1,2
1,1,0.9611315,9,2
0,0,0.00027176618,6,1
0,0,0.0013409754,8,2
0,1,0.7187256,9,2
1,1,0.7145787,9,1
1,1,0.9677843,8,1
0,0,0.028574876,8,1
0,0,0.38025022,2,1
1,1,0.97067386,6,1
1,1,0.9687769,1,2
1,1,0.99624276,1,1
0,0,0.013973248,1,2
1,1,0.87992275,6,1
0,0,0.15087625,1,2
1,1,0.73687834,9,2
0,1,0.6998011,1,2
1,1,0.83322686,8,2
1,1,0.97529775,1,1
1,1,0.98430276,6,1
1,1,0.9583092,9,2
0,1,0.8831651,6,1
1,1,0.733313,1,1
1,0,0.3934141,9,2
0,0,0.17551455,6,1
1,1,0.8655189,1,2
0,0,0.29143208,9,1
0,0,0.15357238,9,2
1,1,0.90855575,6,2
0,1,0.8261813,9,2
1,1,0.9908077,1,1
0,0,0.19989121,2,2
0,0,0.4332562,1,1
0,0,0.22139204,9,2
0,0,0.00085533195,1,1
0,0,0.022009559,6,2
0,0,0.019705445,9,2
1,1,0.86996096,1,1
0,0,0.0715981,1,2
1,1,0.9918715,1,1
1,0,0.05679079,8,1
1,1,0.7133143,1,2
1,1,0.87102234,6,2
1,1,0.8935099,1,1
1,1,0.91730917,1,2
0,0,0.25396857,9,1
0,0,0.03958663,8,2
0,0,0.018129647,9,2
0,1,0.6120063,9,2
1,1,0.8826804,6,1
0,0,0.20906447,6,1
0,0,0.0151580805,6,2
1,1,0.90380013,1,1
0,0,0.29629415,6,2
1,1,0.96185946,1,1
0,1,0.5273139,8,1
1,1,0.97429025,1,2
0,0,0.4501279,8,1
1,1,0.90720785,1,1
0,0,0.006808315,1,2
0,0,0.27815625,8,1
1,1,0.8065988,1,2
1,1,0.9530771,2,1
1,1,0.8801172,2,2
0,0,0.16356473,9,1
0,0,0.0304537,8,1
0,0,0.34096804,6,2
1,0,0.46410474,1,2
0,0,0.4077964,1,1
0,0,0.33668613,9,1
1,0,0.047392182,8,2
0,0,0.11861612,8,1
0,0,0.00039013685,6,2
1,1,0.95380837,6,2
1,1,0.7239442,1,2
0,1,0.9307895,6,1
1,1,0.88247275,1,2
1,0,0.29050267,6,1
1,1,0.9901489,8,1
0,0,0.03296508,8,1
0,0,0.0028833079,6,2
1,1,0.9139542,6,2
0,0,0.3209138,1,1
0,1,0.80170715,1,2
1,1,0.57728153,1,1
0,0,0.0009788834,6,2
0,1,0.51637614,6,1
0,0,0.20685872,8,2
1,0,0.28650466,2,1
0,0,0.1028383,6,1
0,1,0.57682204,1,2
1,1,0.86778057,8,2
0,0,0.47400036,8,2
1,1,0.9627185,1,2
1,1,0.8914904,1,2
0,0,0.007125182,9,1
0,0,0.29262906,1,2
1,1,0.99536276,1,1
1,1,0.60792124,1,2
1,1,0.944468,1,1
0,0,0.006209782,8,2
0,1,0.6251409,1,2
1,0,0.04622575,6,2
1,1,0.63564134,8,1
1,0,0.22305492,9,1
0,1,0.96473145,1,2
1,1,0.5324857,8,1
1,1,0.76221067,8,1
0,0,0.023234928,8,1
1,1,0.74471825,2,2
1,1,0.9233679,1,1
1,1,0.96753025,2,1
0,0,0.066050015,8,2
1,1,0.97571903,6,1
0,1,0.57833636,8,2
0,0,0.11453995,7,2
0,0,0.004633693,1,1
1,1,0.97667605,9,2
1,1,0.9197096,8,1
0,1,0.66423327,8,1
1,1,0.92438734,1,2
1,1,0.96348256,6,1
0,1,0.69510686,9,1
1,1,0.8644631,1,1
0,0,0.47464597,9,1
0,0,0.02410286,6,2
0,0,0.1773617,8,1
1,1,0.8277757,6,2
0,0,0.022545194,8,2
1,1,0.9556425,1,1
1,1,0.72209626,6,1
1,1,0.5141379,8,1
1,1,0.66124415,1,2
1,0,0.038236223,8,1
1,0,0.17107756,1,2
0,1,0.541215,2,2
0,0,0.24665256,1,2
1,1,0.9154981,1,1
1,0,0.16384818,1,2
0,0,0.024817858,1,2
1,1,0.8908887,1,2
0,0,0.039473243,8,1
1,1,0.8095688,6,1
1,1,0.8597563,1,1
1,1,0.5896538,8,1
0,0,0.05936455,9,2
0,1,0.5024485,1,1
1,1,0.55831903,7,2
0,0,0.12080886,8,2
1,1,0.9805344,1,1
1,0,0.20492317,8,1
0,0,0.004519713,9,2
0,0,0.4586766,1,2
0,0,0.07105329,8,2
0,0,0.38949808,1,2
1,0,0.105580084,1,1
1,1,0.9800269,2,1
1,1,0.9457451,1,2
1,1,0.83521175,9,1
0,0,0.06516633,9,1
0,0,0.0060105743,9,2
1,1,0.62473243,2,2
0,1,0.5657076,9,1
0,0,0.0015943607,8,2
1,1,0.9464775,1,1
0,0,0.056792405,9,2
1,1,0.93586427,1,1
1,1,0.921272,1,1
0,0,0.00097403646,8,1
1,1,0.89303213,1,1
0,0,0.09581282,8,1
0,0,0.052419364,8,2
1,1,0.9540256,1,2
0,0,0.05793906,2,2
0,0,0.00082093285,1,2
1,1,0.5034852,3,1
0,0,0.4098371,1,2
0,0,0.0022495172,6,1
0,0,0.0025103923,9,1
1,0,0.22078788,1,1
0,0,0.006897306,3,2
1,1,0.9372185,9,1
0,0,0.0001217313,1,2
1,0,0.27980518,1,1
1,1,0.95963556,6,2
0,1,0.61968386,8,1
0,0,0.14220965,8,1
0,0,0.018300597,1,1
0,0,0.110433,9,2
0,0,0.011831191,6,1
1,0,0.13473085,1,1
1,1,0.9864196,6,1
1,1,0.98189205,1,1
0,0,0.013667927,8,1
0,0,0.39450076,9,2
1,1,0.9476591,1,1
0,0,0.13997655,8,1
0,0,0.2656162,6,2
1,0,0.32937077,8,1
1,1,0.6984342,1,2
1,1,0.64581263,9,1
1,1,0.7521946,9,2
0,0,0.046811555,1,2
1,1,0.7295853,8,1
1,1,0.8358423,9,1
1,1,0.85431874,3,2
0,0,0.18456562,6,1
1,1,0.9569125,1,2
1,1,0.9715143,6,1
1,1,0.6862363,6,2
0,0,0.006795758,8,2
1,1,0.9247339,9,2
0,0,0.00069381966,6,1
1,0,0.28145662,1,2
1,1,0.97893834,6,2
0,1,0.6164647,8,1
0,0,0.00049507257,9,2
0,1,0.5613132,1,2
1,1,0.93508685,1,2
0,0,0.00047518322,1,2
1,1,0.93692434,6,1
1,1,0.9690559,1,1
0,0,0.09231876,9,1
0,0,0.101144835,1,1
1,1,0.9027009,1,2
1,1,0.8840468,9,2
0,0,0.48562777,1,1
0,1,0.75690037,1,1
1,1,0.98616195,1,1
1,1,0.9931253,1,2
1,1,0.9791199,1,1
0,0,0.0024793632,8,2
0,0,0.0015057292,2,1
1,1,0.84497625,9,2
1,1,0.9524294,1,1
1,1,0.9134564,1,1
0,0,0.349654,1,1
1,1,0.5020902,1,1
1,1,0.994368,6,1
0,0,0.28288823,9,1
0,0,0.34906033,8,2
0,0,0.042546485,1,2
0,1,0.9778552,1,1
0,1,0.97226226,9,1
0,0,0.0010994242,1,1
0,0,0.08411119,9,2
1,1,0.88938147,1,1
1,1,0.9701136,1,2
0,0,0.012479887,8,2
1,1,0.94260925,1,1
0,0,0.20589316,1,2
1,1,0.733995,1,1
1,1,0.85886884,1,1
1,1,0.8017136,1,2
1,1,0.9313684,6,1
1,1,0.9905211,9,1
1,0,0.41361102,7,2
0,0,0.21104172,1,1
0,0,0.036817055,9,2
0,0,0.21632858,6,2
1,1,0.8432073,8,1
0,1,0.51323944,8,2
0,1,0.8103057,1,1
1,1,0.9679363,1,1
1,1,0.89615476,6,1
1,1,0.9987955,6,1
0,0,0.05824443,8,1
1,1,0.6359134,6,2
1,0,0.41577202,1,1
0,0,0.25152394,1,2
1,0,0.30209622,6,2
0,1,0.66992885,6,2
0,0,0.15112564,1,2
1,1,0.9113188,1,1
0,0,0.036838442,6,2
1,0,0.32273462,6,2
0,0,0.4067748,1,2
1,1,0.8916029,9,1
0,0,0.06912176,2,2
1,0,0.34052873,8,1
0,0,0.060813315,8,2
1,1,0.825332,1,2
0,0,0.13247024,2,1
1,0,0.29646876,1,1
1,0,0.12752517,8,1
1,1,0.9134002,1,2
1,1,0.9854087,1,1
1,0,0.12415731,1,1
0,0,0.014270801,9,2
1,1,0.9606349,6,2
0,0,0.17571162,6,1
0,0,0.041815627,1,1
0,1,0.7651949,9,1
0,0,0.027321571,1,1
1,1,0.57133985,8,1
0,0,0.008839021,6,2
0,0,0.013409114,9,1
0,0,0.16535202,9,1
0,0,0.0025024274,8,1
0,0,0.23108853,6,2
0,0,0.017395874,1,2
1,1,0.8799031,1,1
0,0,0.03371251,1,1
0,0,0.0010312677,6,1
1,1,0.9901348,6,1
0,0,0.0020784945,8,2
0,0,0.07565267,9,1
1,1,0.9836611,6,2
1,1,0.87801987,9,1
0,0,0.25211826,8,2
0,0,0.0008383935,9,1
1,1,0.78590393,1,1
1,1,0.89319074,9,1
0,1,0.6952385,1,2
0,0,0.14486347,1,2
1,0,0.022099318,6,2
1,1,0.9471609,1,1
0,0,0.19792953,8,1
0,0,0.009212899,8,2
0,0,0.036017485,8,2
0,0,0.052925777,8,2
0,0,0.111011855,1,2
1,1,0.9729752,8,1
0,0,0.070383705,8,2
1,1,0.9713094,6,1
1,1,0.5607079,6,1
1,1,0.94861543,9,2
0,0,0.17470744,8,1
1,1,0.64398384,6,2
0,0,0.018981917,8,1
0,1,0.916861,1,1
0,0,0.21435165,8,1
0,0,0.06201681,8,2
0,0,0.018110868,1,2
1,1,0.6614706,9,1
0,0,0.11971825,1,1
0,1,0.9591931,1,2
0,0,0.1387709,1,2
0,0,0.4320254,8,2
1,1,0.86326534,6,2
1,1,0.8805455,1,1
0,0,0.23562266,6,2
0,0,0.042010073,8,2
1,1,0.80323875,9,2
0,0,0.20209186,8,2
1,1,0.9342344,1,1
1,1,0.8663039,1,1
0,0,0.0013964396,1,1
0,0,0.020208418,1,1
0,0,0.17404114,1,1
0,0,0.33348268,9,1
1,1,0.50632507,8,1
0,0,0.050700314,9,1
1,0,0.08300206,1,1
0,0,0.101879925,8,2
0,0,0.08271686,5,2
0,1,0.6610561,1,1
0,0,0.30832288,9,2
0,0,0.032923393,2,2
1,1,0.869537,1,1
1,1,0.6983082,9,2
0,0,0.008770598,9,2
0,0,0.0031729469,9,1
0,0,0.14841442,6,1
0,0,0.34831464,1,1
1,1,0.92656446,1,2
1,1,0.92177594,1,2
0,0,0.0010485041,1,1
0,0,0.45801815,9,2
1,0,0.46736068,2,1
1,1,0.9585423,1,1
0,0,0.31910336,9,1
1,1,0.5983032,8,1
1,0,0.33206862,1,2
1,1,0.90243876,6,1
1,1,0.7946569,8,1
0,0,0.03731153,9,2
1,1,0.9797278,8,1
1,1,0.7995454,1,2
1,1,0.5233963,1,1
0,0,0.0062197424,9,1
0,0,0.3975828,1,2
1,1,0.6371198,9,1
1,1,0.92656845,1,1
1,1,0.9884226,1,2
1,1,0.984876,1,1
0,1,0.6790145,8,1
1,1,0.82246244,6,1
0,0,0.0037189762,8,1
0,0,0.10874699,1,2
1,0,0.10834336,2,2
1,1,0.76899993,1,2
0,1,0.5490809,9,1
0,1,0.8297825,2,2
1,0,0.38591754,8,2
0,0,0.1960755,9,1
0,0,0.0222134,1,2
1,1,0.98057944,1,1
1,1,0.9788887,1,1
0,0,0.3540403,6,2
1,0,0.271149,1,2
1,1,0.77772444,8,1
0,0,0.111880325,1,2
0,0,0.08981938,1,1
0,0,0.06215677,1,2
1,1,0.6854636,6,2
1,1,0.80438715,1,1
0,1,0.9305856,1,2
0,0,0.19498335,1,2
1,0,0.23523872,1,2
0,0,0.2439797,9,1
0,1,0.81275064,2,2
1,1,0.9554299,6,1
0,0,0.27803195,9,1
0,0,0.0037334848,6,1
1,1,0.7895966,6,1
1,1,0.85115594,9,2
1,0,0.34214258,1,1
0,0,0.00633034,6,2
0,0,0.123691395,2,1
0,0,0.054958858,8,2
1,0,0.22964971,2,2
0,0,0.31049925,7,1
1,1,0.82528055,1,1
0,0,0.11061684,1,2
0,1,0.7623558,1,2
1,1,0.9270992,1,1
1,1,0.5990336,6,1
1,1,0.82486075,6,1
1,1,0.9879308,1,1
0,0,0.106449015,8,2
0,1,0.76367307,9,1
0,0,0.0840559,1,1
1,1,0.90687466,9,2
1,1,0.87287617,9,2
0,0,0.0015970006,1,2
0,0,0.09775185,9,2
0,1,0.9923341,1,1
1,1,0.9370018,9,2
1,1,0.5184933,1,2
1,0,0.43876126,1,2
1,1,0.9499292,6,2
1,1,0.9664927,6,1
0,0,0.002499399,8,2
0,1,0.5263498,9,2
0,0,0.21986505,8,2
1,1,0.5833825,9,1
1,1,0.82347965,1,1
1,1,0.9735643,9,2
0,1,0.8259202,1,1
0,0,0.09130164,6,1
1,1,0.91495043,1,2
1,1,0.6392664,6,1
0,0,0.08533732,7,1
0,0,0.010212586,8,2
1,1,0.9724591,1,2
0,0,0.07591796,9,2
0,0,0.063299984,1,2
0,0,0.40583917,8,1
0,1,0.5460009,8,1
1,1,0.7732595,1,1
0,0,0.00150559,8,2
1,1,0.8991755,6,2
0,0,0.33674842,9,2
1,1,0.94584876,1,2
1,1,0.90303624,1,1
0,0,0.083779,1,2
1,1,0.9684382,1,1
0,1,0.95810777,2,1
0,0,0.38724658,1,2
1,1,0.5265508,9,1
1,1,0.9674646,1,1
0,0,0.0039017086,1,1
1,1,0.9423219,1,2
1,1,0.93147284,6,1
1,1,0.81560814,1,2
0,0,0.002432566,8,2
1,1,0.72455794,1,1
1,1,0.8888423,6,1
1,1,0.50824547,1,2
0,0,0.0057577947,8,2
1,1,0.9300277,1,1
0,0,0.00056527834,1,2
1,1,0.9056135,6,1
0,0,0.017256698,1,1
1,1,0.76501524,1,1
1,1,0.94476146,8,1
1,1,0.8221462,1,2
1,1,0.98324674,6,1
0,0,0.36971408,6,1
1,1,0.97833455,1,1
0,1,0.502135,6,1
1,1,0.8213591,1,1
0,0,0.00075346057,9,1
1,1,0.51384246,8,1
0,0,0.036507383,1,2
0,0,0.48368382,9,1
0,1,0.669905,1,2
1,1,0.8860321,8,1
0,0,0.053693324,8,1
1,1,0.91427714,1,2
1,1,0.87937814,1,2
0,0,0.31413546,1,2
0,0,0.05901511,8,1
0,0,0.017193638,2,2
0,0,0.031038309,1,2
1,1,0.99356186,1,1
0,0,0.2320248,1,1
1,1,0.8179902,1,1
0,0,0.1889841,9,2
1,1,0.58964664,8,1
1,1,0.8988333,1,1
1,1,0.8633664,1,1
0,0,0.056904424,1,2
0,0,0.031250928,8,1
1,0,0.12611488,8,1
0,0,0.00061444147,9,2
1,1,0.9526868,1,1
1,1,0.71990156,1,2
1,1,0.96441334,1,1
1,1,0.946517,1,1
0,0,0.047344886,8,2
1,1,0.7396316,9,1
1,1,0.94412243,6,2
0,1,0.5677369,6,1
1,1,0.57108,1,2
1,1,0.9239435,1,2
0,0,0.17515847,8,1
1,1,0.94843584,1,1
1,1,0.9937377,1,1
1,0,0.14989603,9,1
1,1,0.9914983,1,1
0,0,0.04908807,9,2
1,1,0.9832213,6,1
0,0,0.20423225,8,1
1,1,0.9799509,1,1
0,0,0.013742857,9,2
1,1,0.62335485,1,2
0,0,0.051726166,6,2
1,1,0.961244,1,1
1,0,0.4396867,1,2
1,0,0.31046113,9,1
1,1,0.86211807,6,2
0,0,0.06482499,8,2
0,0,0.00151794,1,1
0,0,0.13908496,8,1
1,1,0.76419777,1,1
0,0,0.47852853,8,1
0,0,0.14332516,8,2
0,0,0.020165415,8,2
0,0,0.08158308,9,1
1,1,0.76330507,9,1
1,0,0.36724937,1,1
0,0,0.10339786,6,2
0,1,0.8369882,6,2
1,1,0.5493308,1,2
1,1,0.9933022,1,1
0,0,0.003700206,2,2
1,0,0.39238378,1,2
1,0,0.4795062,6,1
0,0,0.26172873,1,2
0,0,0.026120558,8,2
0,0,0.1507304,8,2
1,0,0.16103168,6,1
0,0,0.025377803,8,2
0,0,0.016028471,8,2
0,0,0.010420098,6,1
0,0,0.1803208,9,1
0,0,0.095754795,8,2
1,1,0.8445212,1,2
1,1,0.9920608,9,1
0,0,0.06350943,8,1
0,0,0.44319522,9,1
1,1,0.5611763,9,2
1,1,0.9167582,3,2
1,0,0.06846553,6,2
0,0,0.007496398,9,2
0,0,0.08006277,8,2
1,1,0.9482441,6,2
0,1,0.5810093,6,2
1,1,0.98742527,9,2
0,1,0.56120175,8,1
1,0,0.44569203,1,1
1,1,0.98215264,6,1
0,1,0.5885777,1,2
0,0,0.010783057,6,2
1,1,0.93213725,1,1
0,1,0.5869904,1,1
1,1,0.93418306,1,2
1,1,0.6444363,9,1
0,0,0.00016905027,6,1
1,0,0.049408805,1,1
1,1,0.9018217,1,2
0,0,0.004520011,8,2
1,1,0.6238422,2,2
1,1,0.85267305,1,1
0,0,0.23622504,8,1
0,1,0.635983,8,2
1,0,0.30769637,8,1
1,0,0.06432738,1,1
0,1,0.8177166,2,2
1,1,0.7597781,6,2
1,1,0.8472201,1,1
0,0,0.002859862,2,2
1,1,0.9785532,1,1
1,1,0.60236365,1,1
1,1,0.86145484,6,1
0,0,0.031023046,1,1
1,1,0.9764544,6,1
0,0,0.22952998,1,1
0,0,0.04209517,1,2
0,0,0.026847221,9,1
0,0,0.12099848,6,2
0,0,0.0012114218,1,1
0,0,0.09821633,9,2
0,0,0.0045940513,6,1
0,0,0.11170315,9,2
1,1,0.612473,1,2
1,1,0.7605162,9,2
1,0,0.40019402,1,1
1,1,0.9563145,6,2
1,1,0.60781217,1,1
0,0,0.0038494256,9,2
0,1,0.6773397,1,1
0,0,0.20947272,9,1
1,1,0.7108147,2,2
1,0,0.27149162,1,2
1,1,0.97336644,1,2
0,0,0.07800613,6,2
1,1,0.94342023,1,1
1,1,0.54294246,1,2
1,1,0.9820078,6,2
1,1,0.8219565,8,2
1,1,0.6123683,1,1
1,1,0.66871244,9,1
0,0,0.00021971882,8,1
1,1,0.9167576,1,2
1,1,0.7199825,8,1
1,1,0.9854521,1,1
0,0,0.006220688,8,2
0,1,0.9306861,1,1
0,0,0.018350556,6,1
0,0,0.00049055635,9,2
1,1,0.8427772,8,2
0,0,0.1064304,1,1
0,0,0.3568578,8,1
1,1,0.5511318,1,2
0,1,0.7686247,1,2
1,0,0.15656468,1,2
1,1,0.9399129,9,1
0,0,0.01630319,8,1
1,0,0.25324842,9,2
1,1,0.97426003,9,1
1,1,0.7804158,1,2
0,0,0.010229012,9,2
1,1,0.9803505,9,1
1,1,0.857732,1,2
0,0,0.00031080513,8,1
1,1,0.84402496,1,2
1,1,0.8252958,8,1
1,1,0.8703834,8,1
1,0,0.26592618,9,2
1,1,0.6348856,9,2
1,1,0.980067,1,1
0,0,0.01388429,1,2
0,0,0.036948055,1,1
0,1,0.750319,6,1
0,0,0.0011551265,9,2
1,0,0.25844392,8,1
0,0,0.48537263,1,1
1,0,0.021223636,9,2
0,0,0.0024244818,1,2
0,0,0.20410512,8,2
0,0,0.28155872,6,1
0,1,0.8200573,9,2
1,1,0.78481585,1,1
1,1,0.84689504,6,2
0,0,0.018379465,6,2
0,0,0.095197044,6,2
0,0,0.2664765,1,2
0,0,0.16473232,6,2
1,1,0.97789085,1,1
0,1,0.92643696,8,1
1,1,0.8094954,1,1
1,1,0.95446014,1,1
1,0,0.23215498,1,1
0,0,0.08538328,8,1
1,1,0.92135686,6,2
0,0,0.009489294,8,2
1,1,0.95186186,6,2
0,0,0.12690443,3,1
0,0,0.15120992,8,2
1,1,0.83711785,1,1
0,0,0.0073436224,9,1
0,0,0.09106335,8,1
0,0,0.17831004,1,1
1,1,0.9699874,6,1
0,1,0.6535793,1,1
1,1,0.98494154,9,2
1,1,0.62313795,8,1
1,1,0.9286706,9,2
0,0,0.15346067,1,1
1,0,0.18787393,9,2
0,0,0.23042856,8,1
1,1,0.7600499,9,2
1,1,0.8931987,6,2
1,1,0.6339004,1,2
0,1,0.8181182,6,1
0,0,0.47030988,8,1
1,1,0.62471604,9,2
1,1,0.91235065,6,1
1,1,0.50653285,8,2
1,0,0.079611294,1,2
0,1,0.8089841,1,2
0,0,0.054408602,1,2
1,1,0.94308645,1,2
0,0,0.025105586,8,1
1,0,0.21875052,9,2
1,1,0.9947319,6,2
0,0,0.030177051,1,2
0,0,0.06251475,2,2
1,0,0.121746875,9,2
1,0,0.2535,8,1
0,0,0.4372441,6,2
0,0,0.26909783,1,2
0,0,0.06663952,6,1
1,1,0.6388868,1,2
0,0,0.015541197,1,1
0,0,0.11642648,1,2
1,1,0.99624974,1,1
0,0,0.00037921153,8,1
1,1,0.8946958,6,1
1,1,0.8649404,3,1
1,1,0.9574906,1,1
0,0,0.48315576,1,2
1,1,0.5517585,1,1
1,1,0.7344439,1,2
1,1,0.94420934,1,2
1,1,0.7972822,6,2
1,1,0.7344996,6,2
1,1,0.9943691,1,1
0,1,0.88126886,6,2
0,0,0.11183783,2,2
0,0,0.2804577,1,2
1,1,0.7435166,1,1
0,0,0.011044158,6,2
0,1,0.53273255,1,1
1,1,0.8950419,1,1
1,1,0.9208218,1,1
0,0,0.004182115,8,2
1,1,0.97696334,6,2
0,0,0.13447064,9,2
0,0,0.003386716,1,2
1,1,0.7582703,8,1
0,1,0.6981741,9,1
1,0,0.30366552,1,2
1,1,0.9741786,1,2
0,0,0.0784732,1,2
1,1,0.91245437,1,2
1,0,0.42385504,6,2
0,0,0.22436795,1,2
1,1,0.51467746,1,2
0,0,0.06673602,1,2
0,0,0.08510381,1,1
1,0,0.18261123,8,1
1,0,0.1506351,1,2
1,1,0.98526055,6,1
1,0,0.484416,8,2
1,0,0.35231462,2,1
0,0,0.47404653,1,2
0,0,0.46396,9,1
0,0,0.12213905,1,1
0,0,0.12962,1,1
0,1,0.7564437,6,1
1,1,0.7662218,1,1
1,0,0.36270395,9,1
0,0,0.36524835,9,1
0,0,0.2644285,6,1
0,0,0.0301862,8,1
0,0,0.014288319,1,2
0,0,0.022868738,2,2
1,1,0.9623325,9,2
0,0,0.077453084,9,1
0,0,0.30603755,8,1
1,1,0.93495804,6,2
0,1,0.56285113,1,2
0,1,0.7457004,1,2
0,0,0.3344057,6,2
0,0,0.04637115,8,1
1,1,0.84800464,9,1
0,0,0.034464963,1,2
1,1,0.8267593,6,2
0,0,0.16958176,8,1
1,1,0.9513041,1,2
0,0,0.038483065,6,2
1,0,0.35582587,6,2
1,1,0.80095947,1,2
0,1,0.68619674,1,1
0,0,0.031385604,9,2
0,0,0.29167408,1,1
0,0,0.31182495,1,1
0,0,0.21736884,1,1
0,0,0.14803867,1,1
0,0,0.0022527247,6,1
0,0,0.06725745,6,1
0,1,0.7172801,6,1
0,0,0.05738333,9,2
0,0,0.058892656,6,1
1,1,0.97535044,1,1
0,0,0.22920223,9,2
0,0,0.21328545,9,2
1,1,0.9949425,8,1
0,1,0.7732341,8,1
1,1,0.8091496,9,1
1,1,0.9299796,1,1
1,1,0.57138795,1,2
1,1,0.9553691,6,1
1,1,0.85922337,1,1
1,1,0.85011125,1,1
0,0,0.078951746,9,2
1,1,0.9331664,9,2
1,1,0.64795977,1,1
1,1,0.5940437,9,1
1,1,0.71282864,9,2
0,0,0.0011577251,9,1
0,0,0.14507543,8,2
0,0,0.1170032,9,1
1,1,0.92821866,6,1
1,1,0.8636947,1,1
1,0,0.2667707,6,2
1,1,0.98680484,1,1
1,1,0.71667737,1,2
1,1,0.5713309,1,1
1,1,0.72440034,9,2
0,0,0.019644968,2,2
1,1,0.8495904,1,1
0,0,0.12127389,1,1
1,1,0.6422304,9,1
1,0,0.3952888,1,2
1,1,0.9686988,1,1
0,0,0.31153435,1,1
1,1,0.95533574,1,2
0,0,0.3087912,1,2
0,0,0.0021451593,1,1
0,0,0.32062805,1,1
1,1,0.990357,1,1
0,1,0.8334868,1,2
0,0,0.0043212115,8,1
1,1,0.95127225,1,1
1,1,0.62359506,2,1
1,1,0.89039046,2,2
0,1,0.9085294,6,2
0,0,0.018320747,9,1
0,0,0.027776241,8,2
0,0,0.00028831823,9,1
0,0,0.0074665076,6,1
0,0,0.13501863,1,2
1,0,0.27914193,1,2
0,1,0.62924856,6,1
1,0,0.26190427,6,2
0,0,0.26326135,1,1
0,0,0.042211264,9,2
0,0,0.003298344,9,1
1,1,0.8999034,6,2
0,0,0.0039002486,2,2
1,1,0.5445371,9,1
1,1,0.68294024,6,2
1,1,0.73550797,1,1
0,0,0.3145701,1,1
1,1,0.52129537,8,1
0,1,0.58706576,9,2
0,1,0.9253328,2,1
0,1,0.8006954,1,2
1,1,0.8697948,1,1
1,1,0.8955066,6,1
0,0,0.005828364,1,1
1,1,0.7701068,6,1
1,1,0.8926396,9,1
0,0,0.2676101,9,1
0,0,0.0015187373,9,2
1,1,0.6040703,2,1
0,0,0.26975012,1,2
1,1,0.5744661,1,1
0,0,0.003419451,1,1
0,1,0.98758674,1,2
0,1,0.66618645,9,2
0,0,0.12165804,6,2
1,1,0.72908956,2,1
1,1,0.59860724,2,2
1,1,0.58970636,1,2
0,0,0.01240096,8,2
0,0,0.16437656,8,1
0,0,0.4235303,1,1
0,0,0.48046672,1,2
1,1,0.9496587,1,1
1,1,0.8830267,1,2
1,1,0.9763599,1,1
0,0,0.004079775,1,1
1,1,0.74540997,9,2
0,0,0.14090236,8,1
0,0,0.03373925,8,1
0,0,0.11837025,8,1
0,0,0.14578079,6,2
0,0,0.030739479,1,2
0,1,0.6048837,9,2
0,0,0.07333335,8,1
1,1,0.8570526,1,1
0,0,0.2718268,9,1
1,1,0.937965,6,1
1,1,0.8983768,9,2
1,1,0.949191,1,2
1,1,0.6806166,1,1
1,0,0.13701685,1,2
0,0,0.104946114,1,1
1,1,0.82728577,9,1
1,1,0.93500346,6,2
1,1,0.75008035,1,2
0,1,0.7148452,6,2
1,1,0.9305551,9,2
1,0,0.4015944,1,1
1,1,0.7387954,1,2
0,0,0.29341364,9,2
0,0,0.019874271,6,2
1,1,0.95773953,1,1
0,0,0.018060979,9,2
0,0,0.045875676,9,1
1,1,0.8354491,1,1
0,0,0.098381564,1,2
0,0,0.008258754,1,2
1,1,0.8446217,1,1
1,0,0.27626276,6,1
1,1,0.586484,1,2
1,1,0.92787296,6,2
0,0,0.052987672,9,2
0,0,0.0012230969,9,2
1,1,0.9914159,1,1
1,0,0.18781516,6,1
0,0,0.024099933,8,1
0,0,0.2497799,8,2
1,1,0.7791174,1,1
0,0,0.062475692,8,1
0,0,0.29893613,1,1
0,0,0.06646192,9,1
0,1,0.76000196,9,1
0,0,0.004658737,1,1
1,1,0.880398,1,2
1,0,0.14012708,9,1
0,0,0.016960487,3,2
1,0,0.29686898,8,1
1,1,0.9828479,1,2
1,1,0.9763639,1,1
1,1,0.5700266,1,1
1,0,0.18693857,1,2
1,1,0.84304816,1,2
0,0,0.40859473,8,1
1,1,0.71197754,1,2
1,1,0.9357684,1,1
0,0,0.003199325,6,2
1,1,0.8560188,9,1
1,1,0.96496147,1,2
0,1,0.76536745,1,1
0,1,0.74808973,6,2
0,0,0.0050014444,8,1
1,1,0.99310017,8,1
1,1,0.724811,6,1
0,0,0.18585879,9,1
0,1,0.95714015,1,2
1,1,0.9950918,1,1
1,0,0.18131854,8,1
1,1,0.9206966,9,1
0,0,0.20746742,8,1
0,0,0.16233164,8,1
1,1,0.845452,9,1
1,1,0.96207756,1,2
0,1,0.924308,9,1
0,0,0.00058045174,1,1
0,0,0.0065486827,2,1
0,0,0.25181523,9,1
0,1,0.8803088,5,1
0,1,0.6877252,2,2
1,0,0.39955008,1,2
1,0,0.44411245,9,2
1,0,0.4812279,9,1
0,1,0.525385,1,2
1,1,0.989913,1,1
0,0,0.18384989,1,2
1,1,0.8315232,1,1
1,1,0.9089585,9,2
0,0,0.10951232,9,1
0,0,0.023064323,6,1
0,0,0.22439893,1,1
0,0,0.2774953,8,2
0,0,0.025510816,1,1
0,1,0.98584276,9,2
0,0,0.045695808,1,2
1,1,0.9479368,1,1
0,0,0.0014625444,1,1
0,0,0.005372665,8,1
0,1,0.9960723,6,1
1,1,0.6032668,8,1
1,0,0.27022147,1,2
0,1,0.6521322,1,2
0,0,0.0009640345,8,2
1,1,0.88167363,9,1
1,1,0.88263464,1,2
0,0,0.16116899,8,1
0,0,0.00056475465,9,1
1,0,0.49683172,6,2
1,0,0.41627714,8,2
0,0,0.08806849,1,1
1,1,0.7580233,1,1
1,0,0.13852154,2,2
1,1,0.8801254,6,2
1,1,0.6298646,6,2
1,1,0.7922298,9,2
0,0,0.034994185,1,2
1,0,0.30368105,1,1
1,1,0.9373939,1,1
0,1,0.86235124,1,1
1,1,0.9727854,6,1
0,0,0.48501062,1,2
0,0,0.42671102,1,1
0,1,0.73303616,1,2
1,1,0.9957053,1,1
0,0,0.095892355,6,1
0,0,0.3941812,9,2
1,1,0.94756293,1,1
0,0,0.33546194,8,1
1,1,0.9883428,6,2
0,0,0.11148517,8,2
1,1,0.86922795,6,1
1,1,0.67458546,9,2
0,1,0.95481205,9,1
1,1,0.9817649,6,1
0,0,0.17312793,6,2
0,0,0.00084695214,8,2
0,0,0.08268908,3,2
0,0,0.018373193,8,1
1,1,0.88030463,1,2
0,0,0.12981248,6,2
1,1,0.67567307,9,2
0,0,0.06500215,9,2
0,0,0.0069923997,1,1
0,0,0.060717154,6,2
0,0,0.0013140743,9,1
1,1,0.87645566,6,1
1,1,0.93018466,1,1
1,1,0.65283346,1,1
0,0,0.16849141,9,1
0,0,0.24229479,6,2
1,1,0.6462536,1,1
1,1,0.9908249,1,2
0,0,0.0017625382,9,2
0,0,0.051605973,9,2
0,0,0.012066915,8,1
0,0,0.0318764,8,2
1,1,0.9856365,1,1
0,0,0.12929463,8,1
1,1,0.93964887,1,2
0,0,0.08485912,1,1
0,0,0.013657156,8,2
1,1,0.97479296,9,1
0,0,0.057295326,8,1
1,1,0.87886876,1,1
0,0,0.23727167,1,2
0,1,0.74159944,9,1
1,1,0.9121462,6,1
1,0,0.3254382,6,1
0,0,0.115377784,1,2
1,1,0.74233395,1,1
1,1,0.89915746,9,1
1,0,0.04868201,6,1
1,1,0.7891445,1,2
0,0,0.008581752,6,1
1,1,0.86455387,1,1
1,1,0.8280014,6,1
0,0,0.03558113,1,2
1,1,0.83487433,1,1
1,1,0.6527535,6,2
0,1,0.81602716,1,1
0,1,0.6303529,1,2
1,1,0.6977457,1,1
1,0,0.21057253,1,2
1,0,0.30723348,1,2
1,1,0.90031785,1,1
0,0,0.35785446,1,2
0,0,0.49209896,8,1
1,1,0.6959244,1,2
0,1,0.6856006,1,2
1,1,0.7845369,2,1
0,0,0.33464473,6,1
0,0,0.07280019,1,2
1,1,0.52603257,1,2
1,1,0.9765449,1,1
0,0,0.20209095,9,2
0,0,0.058080625,1,2
0,0,0.23960485,1,2
1,1,0.8471311,1,1
1,1,0.72906125,6,1
0,0,0.20969024,8,1
0,0,0.023622962,1,1
1,1,0.8615248,2,2
1,0,0.12148017,2,1
1,0,0.37351036,1,1
0,0,0.005214414,8,2
0,0,0.19130985,6,2
0,0,0.012534505,1,1
1,1,0.95252776,1,2
0,0,0.3797036,1,2
1,1,0.9496568,1,1
0,0,0.00517846,6,1
0,0,0.18517214,6,1
1,1,0.8280397,6,2
0,0,0.34556687,1,1
1,1,0.96847445,1,2
0,1,0.72313136,6,2
1,1,0.92750025,1,1
1,1,0.9223357,1,1
1,1,0.9884799,1,1
1,1,0.9486192,1,1
0,0,0.0019843008,1,2
0,0,0.35533205,9,2
0,0,0.18108441,8,1
1,1,0.9854565,1,2
0,1,0.61014366,9,2
1,1,0.8189432,1,2
1,0,0.44113106,6,2
0,0,0.14840573,8,2
1,1,0.9348486,9,2
1,0,0.38596997,8,2
1,1,0.9742589,6,2
0,0,0.2578233,8,1
0,0,0.21756797,6,2
0,0,0.29317245,1,1
1,1,0.6327014,9,1
1,1,0.86006653,6,1
1,1,0.6814555,6,1
1,1,0.9124308,6,1
1,1,0.5682223,1,1
0,0,7.8090256e-05,1,1
1,1,0.895759,6,1
1,1,0.89175856,9,1
1,1,0.9107891,6,1
1,0,0.23228663,3,1
0,0,0.015779296,1,2
0,0,0.01603953,9,2
0,0,0.49189374,6,1
0,0,0.2094287,1,2
1,0,0.39974412,1,1
0,1,0.5504223,8,2
0,0,0.00029018353,6,1
1,1,0.8003926,1,2
0,0,0.26036504,9,1
0,0,0.03346798,3,1
0,0,0.09322028,8,2
0,1,0.9067312,1,2
0,0,0.07565662,8,2
1,1,0.5144644,1,2
1,1,0.99155563,1,2
0,0,0.0027271823,8,2
0,0,0.0005375033,9,2
0,0,0.13189119,8,1
1,1,0.8221018,1,1
1,0,0.032963626,1,1
1,1,0.9851135,6,1
0,0,0.39818856,8,2
1,0,0.33532348,6,1
0,0,0.0064036185,8,1
0,0,0.00076893746,6,1
1,1,0.9007136,1,1
1,1,0.75544894,6,2
1,1,0.86938924,9,1
0,0,0.013990978,9,2
0,0,0.3926622,9,2
1,1,0.7664778,1,2
0,0,0.2576682,8,2
0,0,0.008688167,6,2
0,1,0.8997453,1,2
1,0,0.44655082,1,1
0,0,0.078832895,1,1
0,0,0.001513284,1,2
1,1,0.862777,1,1
0,0,0.0014352314,1,1
0,0,0.1175376,1,2
0,0,0.03572353,6,2
0,1,0.6257077,1,2
0,0,0.4106245,9,1
0,0,0.0015861072,6,1
1,1,0.7473237,1,2
0,1,0.95382094,6,2
0,0,0.21581762,2,1
0,0,0.00480787,1,2
1,1,0.9424921,1,2
0,0,0.025476132,1,2
0,0,0.032460246,1,1
1,1,0.91873276,6,2
1,1,0.56862205,2,1
1,0,0.20365587,6,1
0,0,0.2391485,1,2
1,1,0.7731924,1,2
1,1,0.710586,9,1
1,1,0.962321,1,2
1,1,0.8136207,1,1
1,1,0.8635575,1,1
0,1,0.66834307,9,1
1,1,0.9914091,9,2
0,0,0.011648568,8,1
0,0,0.08451212,9,1
0,0,0.028643038,9,1
1,1,0.97123116,8,2
1,1,0.5740567,1,1
1,1,0.92712134,1,1
0,0,0.013850551,1,2
0,0,0.0024575207,1,2
1,1,0.520774,6,1
1,1,0.8449684,8,1
0,0,0.38279474,9,1
1,0,0.4695977,1,2
0,0,0.0017662309,8,2
1,1,0.8989715,6,2
0,0,0.0073209833,9,2
1,1,0.9648363,1,2
1,1,0.95289165,6,2
1,1,0.94810194,9,1
1,1,0.8864019,1,2
0,0,0.014202337,1,1
1,1,0.95886344,1,1
0,1,0.667984,1,2
1,1,0.9864266,1,2
1,1,0.941887,1,1
1,1,0.93383294,1,1
1,0,0.49765015,1,2
0,0,0.29454085,1,2
0,0,0.030795343,2,1
1,0,0.049319733,9,2
0,0,0.35126096,1,2
0,0,0.06419153,1,2
0,0,0.06200223,6,2
0,1,0.94709915,1,1
1,1,0.882232,1,2
0,0,0.014043739,1,1
0,0,0.02790626,8,2
1,1,0.9679134,2,2
0,0,0.068040766,1,1
1,1,0.9313491,1,1
1,0,0.4997117,1,1
1,1,0.7995038,1,2
1,1,0.6690329,1,2
1,1,0.93219817,1,2
0,0,0.025575392,1,1
0,1,0.7191396,6,1
1,1,0.93455213,6,2
0,1,0.5495588,8,1
0,0,0.23963133,1,1
1,1,0.8635261,1,1
1,1,0.8862512,1,1
0,0,0.3494337,6,1
0,0,0.07831481,2,1
0,0,0.17438477,9,2
1,1,0.76457125,9,2
1,1,0.9221688,1,1
1,1,0.99924064,1,1
1,1,0.94831634,9,2
1,0,0.2029248,9,2
0,0,0.4673489,6,1
1,1,0.8651079,1,1
1,1,0.84429836,9,1
1,1,0.9943973,2,1
0,0,0.48584008,9,2
0,0,0.036266617,1,2
0,1,0.75716084,1,1
1,1,0.74979436,1,2
0,0,0.009931837,1,2
1,1,0.5001567,1,2
1,1,0.59056103,8,1
0,0,0.057753265,9,2
0,0,0.13205992,1,2
0,0,0.00024156054,1,2
1,1,0.86211133,8,2
1,1,0.94301087,1,2
1,1,0.97062546,9,2
1,1,0.985269,6,1
0,0,0.03134748,8,2
1,1,0.99690896,1,1
0,0,0.023689074,9,2
1,1,0.5901158,8,1
1,1,0.77791744,6,1
1,1,0.98981464,1,1
0,0,0.010903938,2,1
1,1,0.872406,1,2
1,0,0.47344306,6,2
1,1,0.8741212,1,1
0,0,0.13535821,9,1
0,0,0.0006882023,9,2
1,1,0.94877976,1,1
0,0,0.0016005993,2,2
1,1,0.55824053,1,2
0,0,0.08102557,1,2
0,0,0.039089214,6,2
1,1,0.71711665,6,2
0,0,0.30774388,2,1
0,0,0.016130503,9,2
1,1,0.9579932,1,2
1,1,0.662512,6,1
1,1,0.97929597,1,1
1,1,0.78310746,9,2
1,1,0.94735587,1,2
0,0,0.26571503,6,1
1,1,0.93433946,6,2
1,1,0.9850462,1,2
0,1,0.5364421,1,2
0,1,0.7339759,1,1
0,0,0.069216706,8,2
0,1,0.9156901,2,2
0,0,0.050135292,6,1
1,0,0.3580497,9,1
1,1,0.887742,1,1
0,1,0.51189256,1,1
0,0,0.0144300535,9,2
0,0,0.0010843596,8,1
0,0,0.29544923,9,2
0,1,0.79252726,2,1
0,0,0.4926294,1,2
0,0,0.01399288,9,1
1,1,0.8960665,6,1
0,0,0.037052296,1,2
1,1,0.9886982,1,1
0,0,0.34897226,8,1
0,0,0.016602775,6,2
1,1,0.97173744,6,1
0,1,0.55162,9,1
0,0,0.0022023628,1,1
0,0,0.015720101,8,2
1,1,0.94629043,8,1
1,1,0.91370046,9,1
0,0,0.003311848,1,2
1,1,0.98581254,1,1
1,1,0.98349047,6,2
1,1,0.71453226,1,1
1,0,0.38527352,1,2
1,1,0.81816155,6,1
1,1,0.9572641,6,1
1,1,0.8848799,8,2
0,0,0.0018693971,1,1
1,1,0.98164797,6,1
0,0,0.31028584,1,2
1,1,0.8848893,1,1
0,0,0.02576722,8,1
0,0,0.04162613,1,2
1,1,0.64868325,1,1
1,1,0.87882775,9,1
1,1,0.9133827,1,2
0,0,0.28376153,9,1
0,0,0.18535084,9,1
1,1,0.86052364,1,2
1,1,0.9687225,1,1
0,0,0.068591304,1,2
1,0,0.28525057,9,2
0,0,0.06324031,8,1
1,1,0.8079862,2,2
1,1,0.58670205,1,2
1,1,0.9819416,1,2
1,1,0.54481775,1,1
0,0,0.30093187,8,2
1,1,0.96412206,6,1
0,0,0.03836829,1,1
1,0,0.35076976,6,2
1,1,0.92823344,6,2
0,0,0.20552862,8,1
0,0,0.004899334,2,1
1,0,0.43998778,1,2
0,0,0.010296295,8,2
1,0,0.09908126,2,2
1,1,0.6719773,9,1
1,1,0.9692862,1,1
0,0,0.036657423,9,2
1,1,0.8075935,9,2
0,0,0.039830744,9,2
1,1,0.9026739,1,2
0,0,0.040294107,8,1
1,1,0.9436305,6,1
0,0,0.059403416,9,1
1,1,0.9398774,6,2
1,1,0.69509935,9,1
1,1,0.5118983,1,1
1,0,0.31206244,9,1
1,1,0.8602612,9,1
0,1,0.71626586,6,1
0,0,0.008292006,8,1
0,0,0.0028301522,9,1
1,1,0.6451724,8,1
1,0,0.39476678,1,1
0,1,0.6288917,6,1
1,1,0.84128106,1,1
1,1,0.97226727,1,1
0,0,3.4460598e-05,1,1
0,0,0.29259756,1,2
1,1,0.690081,6,2
0,0,0.016044037,1,2
0,0,0.06726217,6,2
0,0,0.2382635,8,1
1,1,0.67772347,6,1
1,1,0.92823845,2,1
0,0,0.113673985,9,1
1,1,0.64638394,6,2
1,1,0.9491318,1,1
0,0,0.0016806073,6,2
1,1,0.9642628,6,1
1,1,0.9687382,1,2
1,1,0.92585397,1,2
0,0,0.0032603322,1,2
1,1,0.9608452,6,2
0,0,0.024616161,1,2
0,0,0.024849353,8,2
1,1,0.7405131,4,1
0,1,0.7352303,1,2
1,1,0.7903574,9,1
0,0,0.044847935,8,2
0,0,0.040385447,1,2
1,0,0.36406386,1,1
0,0,0.4423943,8,1
1,1,0.98510134,9,1
0,1,0.96396184,1,1
0,0,0.20573823,1,1
0,0,0.00046013875,6,1
0,0,0.099087775,1,2
0,0,0.014091264,8,2
0,0,0.3927712,6,2
1,1,0.7787517,1,1
0,0,0.06963265,6,1
1,1,0.9592495,8,1
1,1,0.7932701,6,1
1,1,0.98615056,2,2
0,0,0.073971525,1,2
1,1,0.77987665,1,2
1,1,0.9463822,6,2
0,0,0.016157556,9,2
1,0,0.43084663,1,2
1,1,0.7058146,6,1
1,1,0.75030816,9,1
0,0,0.00029479884,9,2
1,1,0.96508306,1,1
1,1,0.93034023,6,2
0,0,0.42951486,1,2
0,0,0.035232324,8,1
0,0,0.11373917,9,2
0,0,0.08355413,6,2
0,0,0.31809697,1,2
1,1,0.99152267,6,1
0,0,0.12983562,1,1
0,0,0.295325,6,1
0,0,0.1269638,1,2
0,0,0.035307214,1,2
0,1,0.89599115,6,2
1,0,0.31870893,8,1
1,1,0.7508557,9,1
0,0,0.0040795016,8,1
1,0,0.26311228,1,1
1,1,0.8760832,1,2
1,1,0.99721634,6,1
0,0,0.26526606,1,2
1,0,0.27907863,9,1
1,1,0.98931575,6,1
1,1,0.70526356,8,1
0,0,0.08227682,1,1
1,0,0.105506346,9,1
0,1,0.8151617,9,2
1,1,0.6602722,1,1
0,0,0.066579945,8,1
0,0,0.40714633,1,2
0,0,0.063100874,6,2
1,1,0.94796985,9,1
1,0,0.39025432,9,1
1,1,0.62149024,6,1
0,0,0.24997729,8,2
0,0,0.0075896326,8,2
1,0,0.07750853,2,2
1,1,0.5517413,9,1
1,0,0.24055134,7,2
1,1,0.9464765,1,2
1,1,0.7775676,1,1
0,0,0.016719693,8,2
0,0,0.019059189,8,2
0,0,0.031527914,1,2
0,1,0.6622778,6,1
1,1,0.5483814,9,1
0,1,0.65473527,6,1
0,0,0.056124024,1,2
0,0,0.009359519,1,2
0,0,0.07088556,9,2
0,0,0.4781184,8,2
1,0,0.08170081,1,2
1,1,0.8377896,1,2
1,1,0.8972707,9,1
1,1,0.94305,1,1
1,1,0.72800297,2,1
0,1,0.746772,1,1
1,1,0.8368163,1,1
0,0,0.11596631,1,1
1,1,0.78403807,1,1
1,0,0.049740206,1,2
0,0,0.005341515,8,2
0,0,0.0038117808,8,2
0,0,0.052979164,6,1
0,0,0.007955903,8,2
0,0,0.086673126,6,2
0,0,0.13338245,6,2
1,1,0.83813757,1,2
0,0,0.06832999,6,2
0,0,0.12863475,6,2
0,1,0.88272303,1,1
1,1,0.94081527,6,2
1,0,0.15959215,1,2
1,1,0.837226,1,1
0,0,0.010805755,9,2
0,0,0.21139546,1,2
0,1,0.8035201,1,2
1,1,0.7147926,8,1
1,1,0.528271,8,2
0,0,0.49400944,6,2
0,0,0.23114517,9,1
1,1,0.7622697,1,1
0,1,0.7801428,6,2
1,1,0.89749956,1,2
0,0,0.10358752,8,2
1,1,0.78484243,1,2
1,1,0.72140956,1,2
0,0,0.20996939,1,2
0,0,0.00414814,1,1
0,1,0.5032766,8,1
1,1,0.7387719,8,1
0,0,0.036675185,1,1
0,0,0.2629806,6,2
1,1,0.9870221,1,1
1,1,0.81096214,1,2
1,1,0.95391303,1,1
1,0,0.17227197,8,1
1,1,0.983305,6,1
0,0,0.033551596,2,2
0,0,0.3418642,1,1
0,1,0.9022044,8,2
0,0,0.02982187,8,2
0,0,0.10893109,9,1
1,1,0.61088216,1,1
0,0,0.48740882,8,1
1,1,0.6742984,1,1
0,0,0.022648335,8,2
1,1,0.5505747,1,2
0,0,0.026116429,8,1
1,1,0.99951184,6,1
0,0,0.019512432,1,1
0,0,0.0028929503,1,1
0,0,0.36994597,1,2
0,0,0.0026027483,1,2
1,1,0.97532225,1,1
1,1,0.8131738,6,1
0,0,0.007594738,8,2
1,1,0.79815567,1,1
0,0,0.10025944,1,1
0,0,0.37829158,1,1
1,1,0.98642886,1,1
1,0,0.2760182,8,1
1,1,0.7948475,9,1
0,0,0.0016378531,1,1
0,0,0.008954142,8,2
1,1,0.9970577,9,2
0,0,0.0058901524,9,2
1,1,0.98254216,6,1
0,0,0.4370354,1,1
0,0,0.0008774929,1,2
1,0,0.264858,8,1
1,1,0.59307456,1,2
1,1,0.98128545,9,1
1,1,0.9354593,1,1
1,1,0.70339,8,2
0,0,0.18638495,2,2
1,1,0.5478458,2,1
1,0,0.22341208,9,2
1,1,0.8714257,6,1
0,0,0.00017381075,2,2
0,0,0.24851029,6,2
0,1,0.6591076,2,2
1,1,0.99345523,7,2
0,0,0.005664738,5,1
0,0,0.0028222303,9,1
0,1,0.6906378,8,2
0,0,0.011262664,1,1
0,0,0.022648798,8,2
1,1,0.6448153,6,2
0,1,0.93110645,1,1
0,0,0.16234155,9,1
1,1,0.90432763,1,1
1,1,0.7978021,1,1
0,0,0.3946533,2,1
1,1,0.6552721,9,1
1,0,0.15688622,9,1
0,0,0.11148621,9,2
1,1,0.69859415,9,2
0,0,0.0903501,8,2
1,1,0.784398,6,2
0,0,0.10111915,9,1
0,1,0.6510397,6,2
0,0,0.13640901,1,1
0,1,0.7652526,1,2
1,1,0.51671785,1,1
1,0,0.43940184,1,1
0,0,0.23018381,6,2
1,1,0.6057233,1,1
1,1,0.8971171,2,2
0,0,0.078638084,8,2
0,0,0.12914862,6,1
0,0,0.051580954,1,1
1,1,0.97117054,9,2
1,1,0.95793617,1,2
1,1,0.8108708,1,2
1,1,0.7835607,8,1
1,1,0.97942495,6,1
1,1,0.97413653,1,2
0,0,0.002258667,1,2
0,0,0.0918703,8,2
0,0,0.22849044,2,2
0,0,0.27318412,8,1
0,1,0.52213955,9,1
0,1,0.9340465,7,1
1,1,0.9519397,1,1
0,0,0.015130187,3,2
0,0,0.0020520468,1,1
0,0,0.025342898,8,1
1,1,0.9336978,9,1
1,0,0.110657156,8,2
0,0,0.044489928,9,1
0,0,0.11771502,8,2
0,1,0.6378573,8,1
0,0,0.07595019,1,2
0,0,0.045510754,6,1
0,0,0.0047792555,9,1
1,1,0.9644957,1,1
0,0,0.15353657,1,2
1,1,0.66625845,8,1
0,1,0.63131946,1,1
1,1,0.7431675,6,2
1,1,0.94402236,6,1
0,0,0.42059875,9,2
0,0,0.16272509,8,2
1,1,0.979257,1,1
1,1,0.88739866,1,2
0,0,0.2773902,9,1
0,1,0.5625919,6,2
0,1,0.93487644,6,2
1,1,0.98473585,1,2
1,1,0.99037313,1,1
0,0,0.016521117,9,2
0,0,0.31463072,8,1
1,1,0.8413375,1,2
1,1,0.88790816,1,2
0,1,0.6689003,6,2
0,0,0.09032395,9,1
0,1,0.54346794,8,1
0,0,0.00031659112,6,2
1,1,0.9497231,9,1
0,0,0.112141885,9,1
0,0,0.07333079,8,2
0,0,0.45108736,1,1
0,0,0.0018843685,8,2
0,0,0.0049332525,2,1
1,1,0.9718711,1,2
0,0,9.486658e-05,1,1
0,0,0.017674102,9,2
0,0,0.063175395,9,2
1,1,0.993185,6,2
1,1,0.9945701,1,2
0,0,0.01973742,8,1
0,0,0.3719252,1,1
1,1,0.503368,1,1
1,1,0.859588,1,1
1,0,0.27082172,1,2
1,1,0.9244339,8,2
1,0,0.43261415,6,1
1,0,0.12700288,3,1
1,1,0.9123744,6,2
1,1,0.7733422,1,2
0,0,0.013274755,1,2
0,0,0.01307602,8,1
1,1,0.97616506,9,1
0,1,0.52957624,8,1
1,1,0.73141235,9,2
1,1,0.8031783,6,1
1,1,0.95799285,6,1
1,0,0.39153174,1,1
1,1,0.95456606,6,1
0,0,0.004036674,6,2
1,1,0.8269915,3,2
1,1,0.9649236,8,2
0,0,0.018772596,6,2
0,0,0.0145662585,1,2
1,1,0.95940363,1,1
0,0,0.08283146,1,1
1,1,0.9858037,1,1
1,1,0.9981987,1,1
0,1,0.54508233,6,2
0,0,0.26874807,9,1
1,1,0.97436255,1,2
1,1,0.9860669,1,1
0,0,0.028461806,8,2
1,1,0.9399683,1,1
1,1,0.90883905,6,2
0,0,0.28559697,9,1
1,1,0.97924304,6,1
0,0,0.29346925,9,1
0,0,0.01607705,1,2
1,1,0.6510346,3,1
0,0,0.0054173027,9,1
0,0,0.015765386,8,2
1,1,0.7179657,6,2
1,1,0.7695717,6,1
0,0,0.057463273,1,2
1,0,0.38990876,1,2
0,0,0.18125743,9,2
0,0,0.0037525373,8,2
1,0,0.37307066,1,1
1,1,0.988192,1,1
1,1,0.99475783,1,1
1,1,0.77286315,9,2
0,1,0.5546579,6,2
1,1,0.658901,1,1
0,0,0.09859986,6,1
0,0,0.029577821,1,1
0,0,0.2973673,8,2
0,1,0.728435,1,2
1,1,0.78592026,1,1
0,0,0.25049606,1,2
1,0,0.36717302,8,1
1,1,0.7640986,1,2
1,1,0.60625535,9,1
1,1,0.899235,1,1
0,0,0.016604332,6,1
0,1,0.820676,9,1
1,1,0.90948033,9,2
0,1,0.62210774,1,2
1,0,0.086751826,9,1
1,1,0.5915265,9,1
1,1,0.60229367,8,1
1,1,0.815778,2,2
1,1,0.7278682,6,1
0,0,0.006951214,1,2
0,0,0.13534707,9,1
0,0,0.17065781,8,1
0,0,0.17861435,8,1
0,1,0.81518173,9,2
0,0,0.2513481,8,2
0,0,0.024848856,8,2
0,0,0.11367986,8,1
1,1,0.60091174,1,2
1,0,0.23979005,1,2
1,1,0.69401264,6,2
0,0,0.11215443,6,1
1,0,0.021748723,9,2
1,1,0.9207615,6,1
1,1,0.63429374,8,1
1,1,0.9830125,6,1
1,0,0.49697983,1,1
1,0,0.48182467,1,2
0,0,6.256613e-05,1,2
1,1,0.9195807,9,1
1,1,0.9302808,6,2
0,0,0.068173885,6,2
0,0,0.28232586,8,1
0,0,0.0023368662,2,2
0,0,0.1711292,1,2
1,1,0.76078045,1,1
0,0,0.049029518,1,1
1,0,0.38634017,8,1
1,1,0.93246365,1,2
1,0,0.4902216,1,1
0,0,0.24448395,1,2
0,0,0.019048352,6,1
0,0,0.014059224,9,2
0,1,0.6417551,6,1
0,0,0.16089691,9,2
1,1,0.5502956,9,2
1,1,0.7343181,1,1
1,1,0.67574227,1,1
1,1,0.9927684,1,1
0,0,0.17928013,1,1
0,0,0.017436905,9,1
1,1,0.7242179,9,1
1,1,0.8739851,2,1
1,1,0.59483683,6,2
0,0,0.019582141,9,2
0,0,0.018383857,8,1
0,0,0.27170867,8,1
0,0,0.22863014,6,2
1,0,0.14944845,1,1
0,1,0.5163666,3,2
1,1,0.9754725,2,1
0,1,0.7431675,6,2
1,1,0.7209487,1,2
0,1,0.78145146,8,1
0,0,0.4718703,6,1
1,1,0.5776674,6,1
0,0,0.07114718,9,1
0,0,0.039665103,8,2
0,0,0.17741364,9,1
1,1,0.958476,9,1
1,1,0.9742605,1,1
0,0,0.0005728282,1,1
1,1,0.79511887,6,2
1,1,0.98803115,1,1
1,1,0.7766891,1,1
0,0,0.22057495,9,1
1,1,0.5664484,8,1
0,0,0.03916976,1,2
1,1,0.5930198,1,2
1,1,0.90309674,1,1
0,0,0.01747703,1,1
1,1,0.97801775,1,1
0,1,0.61388594,1,1
1,0,0.17653188,2,1
1,1,0.57344353,2,2
0,0,0.056133594,8,2
1,0,0.3463947,1,1
1,0,0.094678625,1,1
0,0,0.06644359,1,2
1,0,0.29336503,6,1
0,0,0.06316674,6,1
1,1,0.8775831,1,1
1,1,0.97665626,9,2
1,1,0.5127669,1,1
0,0,0.03635272,6,2
1,1,0.9576441,6,2
0,0,0.0036225857,6,1
0,1,0.5956178,9,1
0,0,0.16982874,1,2
1,1,0.7647598,8,1
0,0,0.046443846,8,2
0,0,0.030646026,8,2
1,1,0.59101164,2,1
1,1,0.65233153,6,1
1,1,0.71399504,1,1
0,0,0.17214735,1,1
0,1,0.62653637,6,2
0,0,0.05565617,1,1
0,0,0.48354504,6,1
1,0,0.40016615,1,2
0,0,0.02478291,1,2
1,1,0.52470016,9,1
1,1,0.96368885,1,1
0,0,0.053466722,9,2
0,0,0.2594358,1,1
0,1,0.68818927,8,1
1,0,0.13446105,6,2
1,1,0.9111277,1,2
0,0,0.20659024,9,1
1,1,0.96169347,6,1
1,1,0.5246776,1,1
1,1,0.6989508,6,2
0,0,0.24916074,1,2
1,1,0.60645866,1,1
0,0,0.31784436,1,2
0,0,0.46366137,1,1
0,0,0.09835917,1,1
0,0,0.10867432,1,1
1,1,0.75626844,6,1
0,0,0.13115297,9,2
1,0,0.46046463,8,1
1,0,0.29391536,1,2
1,1,0.92699957,6,2
1,1,0.7975515,6,1
1,1,0.98331404,1,1
0,0,0.0023144477,6,1
1,1,0.84313506,9,1
1,1,0.7334576,1,1
0,0,0.0065200557,1,2
0,1,0.6025847,9,2
0,1,0.50720847,1,2
1,0,0.19772819,1,2
1,1,0.9722954,1,1
0,0,0.40185472,1,2
1,1,0.98632205,1,1
1,1,0.9826366,8,1
0,0,0.24085249,8,1
1,1,0.8827867,1,1
1,0,0.24209553,1,1
0,1,0.59903455,1,2
0,0,0.04048228,9,1
0,0,0.057167277,8,1
0,0,0.0022002847,1,2
1,0,0.32627147,1,2
1,1,0.59957033,3,1
0,0,0.06477332,1,2
0,0,0.107610345,8,1
0,0,0.09513843,1,1
1,1,0.92931575,3,2
0,0,0.13025337,8,2
0,0,0.001183773,9,1
1,1,0.762663,1,2
0,0,0.10381935,9,2
0,0,0.4442539,2,1
1,1,0.8861929,1,1
1,1,0.7990355,1,2
1,1,0.83035564,9,1
1,1,0.5496981,8,2
1,1,0.9323803,6,2
0,0,0.0025975064,9,1
1,1,0.7489866,6,2
0,0,0.0901677,1,2
0,0,0.118163735,8,2
1,1,0.97198075,6,1
0,1,0.5328558,9,1
1,1,0.88059056,1,2
0,0,0.34659684,9,1
0,0,0.0032974132,1,1
1,1,0.9853108,6,1
0,0,0.12839922,6,2
0,1,0.9228826,1,2
1,1,0.816569,6,2
0,1,0.52893496,8,1
0,0,0.21635512,1,2
0,0,0.04195346,3,1
1,1,0.82012683,1,1
1,1,0.91787136,6,2
1,1,0.85046524,1,1
0,0,0.031847633,9,2
0,0,0.013963357,5,1
0,0,0.013666486,1,2
0,0,0.0012156236,8,2
1,1,0.94163024,1,1
0,1,0.8944473,9,1
0,0,0.32964396,8,1
1,0,0.1449894,8,1
0,0,0.2247098,8,2
0,0,0.4326054,1,1
1,1,0.9804012,1,1
0,1,0.5706431,6,1
1,1,0.785544,1,1
1,1,0.94341356,1,1
1,0,0.13213348,9,1
1,1,0.94408715,1,1
1,1,0.8355857,1,1
1,0,0.26584324,1,1
0,0,0.0003011083,1,2
0,0,0.2504295,9,2
1,1,0.9483534,1,1
0,0,0.0011965596,9,2
1,1,0.7312262,1,1
1,1,0.99686867,1,1
0,1,0.79699045,8,1
1,1,0.8170277,1,1
0,0,0.011056107,6,1
1,1,0.776062,1,2
1,0,0.38141215,6,2
1,1,0.5487234,1,2
1,1,0.73431337,9,2
0,1,0.78237146,1,1
1,0,0.4338432,9,1
0,0,0.20174679,8,2
1,1,0.5320092,8,2
1,1,0.9085105,1,1
0,0,0.10644269,1,1
1,1,0.7979374,1,2
0,0,0.024358397,6,1
0,0,0.2879469,1,1
0,1,0.5082598,1,2
0,0,0.05951654,1,1
0,0,0.2722023,9,2
0,0,0.0002917331,6,1
1,1,0.9597991,1,1
0,0,5.095709e-05,9,1
0,0,0.00041626088,2,1
1,1,0.8776704,1,1
0,0,0.03537315,1,2
0,0,0.005693698,1,2
0,0,0.037701286,1,2
1,0,0.12719898,1,1
1,1,0.72849536,1,1
0,0,0.14504445,2,1
0,0,0.24402694,9,1
0,0,0.05207059,8,1
1,1,0.9030228,6,1
0,1,0.8369301,1,1
0,1,0.713262,1,2
1,1,0.99839324,6,1
0,0,0.038147405,1,2
0,0,0.33143434,8,2
1,1,0.97310525,6,2
0,0,0.16845825,9,1
1,1,0.9616165,1,1
1,1,0.983082,2,1
1,1,0.97821176,6,1
1,1,0.9906963,1,1
1,1,0.9439429,1,2
1,1,0.76112586,1,1
1,1,0.8958686,1,1
0,1,0.78657776,1,1
0,0,0.04875117,6,2
0,1,0.9238926,1,2
0,0,0.03239855,1,2
0,0,0.005628287,1,2
0,0,0.23518893,1,2
0,0,0.0147163635,1,2
1,1,0.5059267,1,1
1,1,0.8853645,6,2
1,1,0.9003307,1,2
0,1,0.79905266,9,2
1,0,0.22299212,8,1
1,1,0.8505989,9,1
1,0,0.07133859,1,2
0,0,0.3434329,9,2
1,1,0.9061423,9,2
1,1,0.7617569,1,2
0,0,0.010736135,9,2
0,0,0.4493606,6,1
1,1,0.9163308,1,2
1,0,0.025759399,2,2
0,0,0.49540672,9,1
1,1,0.92879456,6,1
1,1,0.7956696,1,1
0,0,0.005984388,8,1
0,0,0.013371752,1,1
1,1,0.9509748,9,1
0,0,0.40714985,1,1
1,1,0.89758223,1,1
1,1,0.5758366,9,2
1,1,0.6178424,1,2
1,1,0.95600134,1,1
1,0,0.2105792,1,2
0,0,0.004651965,6,2
1,1,0.9263881,5,1
1,0,0.16300297,6,2
1,1,0.69673216,1,2
0,0,0.010998104,1,2
1,1,0.5212412,9,1
0,0,0.29633486,6,1
0,0,0.0017907821,8,2
1,1,0.9478074,6,1
1,1,0.94598347,1,1
0,1,0.6357471,1,2
0,0,0.11789057,9,1
0,1,0.5971923,1,1
0,1,0.89385164,1,1
1,0,0.4864071,1,1
0,1,0.95232844,2,2
1,1,0.5442768,9,2
1,1,0.8343862,1,1
0,0,0.0704602,9,1
0,0,0.008349206,6,2
0,0,0.30986795,9,2
0,0,0.0017306991,8,1
0,1,0.6847598,8,1
1,1,0.9650844,1,1
1,1,0.7913991,6,2
1,1,0.9578878,1,2
1,1,0.9895062,1,1
0,0,0.43247864,1,2
1,1,0.6485676,9,2
1,1,0.97097296,1,1
1,1,0.78767306,9,1
0,1,0.73921436,8,1
1,1,0.7467602,1,1
0,0,0.07091447,9,2
0,0,0.012079769,9,1
1,1,0.95484096,1,1
0,1,0.86059797,9,2
0,0,0.0053610047,6,1
0,0,0.47493002,8,2
0,0,0.0032142652,8,1
0,0,0.16076475,2,2
0,0,0.28261814,6,2
1,0,0.364866,8,1
1,1,0.946279,1,1
1,1,0.9885394,6,2
1,1,0.7435611,1,1
1,1,0.7750224,1,2
0,0,0.23236206,1,1
1,1,0.677313,1,2
0,0,0.14581266,6,1
1,1,0.71737415,1,1
1,1,0.77600974,1,1
0,0,0.0026172914,1,2
0,0,0.30533296,6,2
0,0,0.1316304,6,2
1,1,0.918622,2,2
0,0,0.010175141,2,1
1,1,0.93156,1,2
0,1,0.71331143,9,1
0,1,0.57969487,1,2
1,1,0.969398,1,2
1,1,0.8374615,1,1
1,0,0.31421676,1,1
0,0,0.24337503,1,1
0,0,0.39023662,8,1
0,0,0.32181817,8,1
0,0,0.24408421,8,1
1,1,0.62437975,1,2
1,1,0.98923177,6,1
0,0,0.13370621,9,1
0,0,0.0013509567,9,2
1,1,0.6630443,1,2
1,1,0.9960014,1,1
1,1,0.9795711,1,1
0,0,0.009083235,1,2
0,0,0.039646983,1,2
0,1,0.5295665,1,2
0,0,0.4838674,2,1
0,0,0.13327377,8,1
0,0,0.4023808,6,1
1,1,0.9132571,8,2
0,0,0.057455476,8,2
0,1,0.6425076,1,1
1,0,0.4488526,1,1
1,1,0.9381333,1,1
0,0,0.0024941592,1,2
1,1,0.8395887,9,1
1,0,0.2353819,1,2
0,0,0.08673511,9,2
0,0,0.00030272568,2,2
1,0,0.22396822,6,1
0,0,0.4937732,1,1
1,1,0.9590967,8,2
1,1,0.9944699,1,1
0,0,0.10501574,1,1
0,0,0.025899585,8,2
1,1,0.61033773,1,2
0,0,0.19932245,6,1
1,1,0.90654373,6,2
0,0,0.018700948,1,2
0,0,0.360631,1,1
0,0,0.09220887,6,1
1,1,0.8012159,2,1
1,1,0.8517696,1,1
1,0,0.21809353,9,1
0,0,0.25862038,1,1
1,1,0.8273709,6,2
1,1,0.9860115,1,1
1,1,0.8623969,1,2
0,0,0.011052562,8,1
1,0,0.32079783,1,2
0,0,0.15117207,1,2
1,1,0.97766113,6,2
1,1,0.98663807,1,1
1,1,0.95790166,9,1
1,0,0.25005725,8,2
1,1,0.93492115,1,1
0,0,0.22951442,1,2
0,1,0.8150984,6,2
0,0,0.18924315,8,1
1,0,0.23504475,8,1
1,1,0.6894241,8,2
0,0,0.19541077,9,2
0,0,0.077979915,9,1
0,0,0.27116624,8,2
1,0,0.45555076,6,1
0,0,0.036856238,8,2
0,0,0.15348053,9,2
0,0,0.08615225,8,2
0,1,0.78783125,1,1
0,0,0.41219515,9,1
0,0,0.19269714,1,2
0,0,0.054973163,8,2
0,0,0.0019558773,6,1
1,1,0.9225214,6,2
1,1,0.8317035,6,1
0,0,0.46105155,1,2
1,0,0.1739656,8,1
0,0,0.031289384,2,1
1,1,0.9698454,6,1
1,1,0.96314734,2,2
1,1,0.8687496,1,1
0,0,0.18763371,6,1
0,0,0.06849763,1,1
1,1,0.9593039,6,1
0,0,0.0128069,1,2
0,0,0.14050809,8,1
0,0,0.019699138,8,1
1,1,0.9475827,9,2
1,0,0.16153972,6,1
0,1,0.6506926,1,1
1,0,0.19695601,1,2
1,1,0.62014747,6,2
0,0,0.37436223,1,2
1,1,0.9030769,6,1
0,1,0.84313583,1,2
0,0,0.33955145,1,1
0,0,0.00985448,1,1
1,1,0.78268176,6,2
1,1,0.84930515,6,2
1,1,0.8471056,6,2
0,0,0.29172927,1,2
1,1,0.52495015,2,1
0,0,0.29076803,1,2
1,0,0.37712225,1,2
1,1,0.9892925,6,1
1,1,0.9915597,6,1
0,1,0.73638064,8,1
1,1,0.96779245,1,1
1,1,0.99058443,1,1
1,1,0.9448613,8,2
0,0,0.07155889,1,1
0,0,0.25169525,2,2
0,0,0.007732124,1,2
1,1,0.8896297,9,1
1,0,0.3729334,9,1
0,0,0.17878595,6,1
1,1,0.739705,1,1
1,0,0.35534492,6,1
1,1,0.6300061,1,2
1,1,0.9635797,6,2
0,0,0.4683811,1,2
1,0,0.077885315,9,2
1,1,0.56160563,1,1
1,1,0.752499,1,1
0,0,0.0036440527,9,2
0,0,0.0042858976,2,1
0,0,0.29734185,6,1
1,1,0.9644509,1,1
1,1,0.88227946,1,1
1,1,0.90466416,8,1
0,0,0.34700567,9,2
0,0,0.08989544,6,1
1,0,0.49699703,1,2
0,0,0.47014758,6,2
0,0,0.053760517,9,2
0,0,0.0013573891,1,1
1,1,0.91662747,1,1
1,1,0.68611175,1,1
1,1,0.9199988,1,1
0,0,0.04785703,2,2
1,1,0.6876775,1,1
0,0,0.03639611,8,1
0,0,0.085269414,1,2
1,1,0.97499406,6,1
0,0,0.19326441,1,1
0,0,0.009959242,8,1
0,0,0.36405212,6,1
0,0,0.037447806,9,2
0,1,0.7912617,9,1
1,1,0.92274356,6,1
0,0,0.19068651,9,2
0,0,0.0013103499,9,1
0,0,0.038625725,1,2
1,0,0.34608653,1,2
0,1,0.59119284,1,1
1,1,0.9354758,1,2
0,1,0.71178377,1,2
0,0,0.39649042,9,1
0,0,0.1519005,8,1
1,1,0.58520824,2,2
1,1,0.89356256,1,1
0,0,0.004199878,8,1
1,1,0.87332684,1,1
1,1,0.7308959,1,2
0,0,0.1212513,1,2
1,1,0.9491322,2,2
0,0,0.24249564,6,2
1,0,0.4368851,8,2
0,0,0.009757436,6,1
1,1,0.9926772,1,1
0,0,0.03205697,6,1
0,0,0.047395132,9,2
0,0,0.36249724,6,1
0,0,0.35753623,6,2
0,1,0.9449534,6,2
1,1,0.5179956,1,1
0,0,0.032337453,1,2
1,1,0.6622281,6,1
1,0,0.3701873,1,2
1,1,0.9975993,1,1
0,0,0.061755788,9,1
1,1,0.9367805,6,1
0,0,0.0797884,9,1
0,1,0.7299435,1,1
1,0,0.2503839,9,1
0,1,0.8740251,1,2
0,0,0.076001056,9,1
0,0,0.021191388,9,1
1,1,0.85197127,6,2
0,1,0.8057024,8,1
1,1,0.8512971,1,1
1,1,0.85891384,9,1
1,1,0.98169094,6,1
0,0,0.08481772,2,1
1,1,0.8699928,6,2
0,0,0.0010687954,6,2
0,0,0.0007775116,6,2
0,1,0.7515865,9,2
1,1,0.7646327,6,2
1,1,0.98423564,6,1
1,1,0.99243873,6,2
0,0,0.37678742,8,1
0,0,0.078235395,1,2
1,1,0.9542101,6,1
0,0,0.20986117,8,1
0,1,0.7835181,1,2
0,1,0.80594665,1,2
0,0,0.0038600692,3,2
0,0,0.04329965,8,2
0,0,0.22950973,1,1
0,0,0.15154566,6,2
1,0,0.4819695,1,1
1,1,0.78124255,1,2
1,1,0.87629235,1,1
1,0,0.42287394,1,2
0,0,0.41484338,1,2
1,1,0.98044926,6,1
1,1,0.88335764,1,1
0,0,0.22099668,9,2
1,1,0.9419687,1,2
0,0,0.028415188,1,2
0,0,0.30475423,8,2
1,1,0.968312,1,1
1,1,0.6734057,9,2
1,1,0.9182817,1,1
0,0,0.023650292,9,1
0,0,0.017437158,2,2
1,1,0.9487973,6,1
0,0,0.005808284,1,2
0,0,0.10412984,1,1
0,0,0.046116196,1,2
0,0,0.109765396,8,2
0,0,0.022004906,2,2
0,1,0.6185143,8,2
1,1,0.66070217,1,2
0,0,0.13736576,8,1
1,1,0.92460805,6,2
1,1,0.5900862,1,2
1,0,0.29412097,6,2
0,0,0.16437832,8,1
0,0,0.00022696891,6,1
0,0,0.0641118,9,2
1,1,0.96452576,1,1
0,0,0.18235062,8,2
1,0,0.17892663,1,2
1,1,0.8366962,1,1
0,0,0.30912274,9,1
0,0,0.046564728,8,1
0,0,0.017232584,1,1
0,0,0.30644238,1,2
0,0,0.03797419,6,2
0,0,0.10738904,8,2
1,1,0.8255694,8,1
0,0,0.11758684,6,1
1,1,0.5911294,8,1
1,0,0.14018306,1,1
0,1,0.7532358,9,2
1,1,0.51851344,8,1
0,1,0.7079673,1,1
0,1,0.73468417,6,1
0,0,0.0075586755,8,2
0,0,0.011794287,6,2
1,0,0.4305123,9,1
1,1,0.54056585,1,2
0,1,0.50560904,1,2
1,1,0.55431676,1,1
1,0,0.23817375,9,2
1,1,0.9197943,1,1
1,1,0.93572164,1,1
1,0,0.06204082,6,2
1,1,0.651919,8,1
0,0,0.11660952,1,2
1,1,0.9536817,6,2
0,0,0.018791994,3,1
0,0,0.07784866,9,1
1,1,0.62759453,1,1
0,0,0.08343291,8,1
0,1,0.8777363,1,2
0,1,0.5440547,1,1
0,1,0.6928614,8,2
1,1,0.7664977,1,2
1,1,0.7626407,9,1
1,1,0.70404756,9,1
1,0,0.23695412,2,1
0,0,0.0029083055,1,1
1,0,0.28018287,2,2
0,0,0.15574826,8,1
0,1,0.85415757,1,2
0,0,0.005522952,9,2
1,1,0.93393093,6,1
1,1,0.97479093,1,1
0,0,0.020679405,8,2
1,0,0.21862984,1,1
0,0,0.00068729086,8,2
1,1,0.9978648,1,2
0,1,0.70250773,1,1
0,1,0.5697954,8,2
1,0,0.08521731,9,1
1,1,0.9003348,1,1
0,0,0.0043016644,1,2
0,0,0.23496422,8,1
1,0,0.4056401,1,1
1,0,0.22541471,9,2
1,0,0.33409223,1,2
1,1,0.6178071,1,1
0,1,0.85507786,1,1
0,0,0.11000135,9,1
1,1,0.5579871,6,2
0,0,0.20485038,9,2
0,0,0.040963963,6,2
1,1,0.5848047,9,2
1,1,0.8214192,1,1
0,0,0.4457444,8,1
1,1,0.9753611,1,2
1,1,0.9286446,1,2
0,0,0.28414372,9,1
0,0,0.014332632,9,2
1,1,0.89198047,1,1
0,0,0.11503341,8,1
1,0,0.10608565,6,1
1,1,0.9773547,9,1
0,0,0.0032786278,9,1
1,0,0.10023869,8,1
0,1,0.5905302,1,1
1,0,0.06590339,8,1
1,1,0.8208078,9,1
1,1,0.87528694,1,1
0,1,0.86185193,8,2
1,0,0.33423284,9,1
1,1,0.56434286,6,1
1,0,0.13274197,8,1
1,1,0.8091469,1,1
1,0,0.3942486,8,1
1,1,0.9639676,1,2
1,1,0.94362473,9,2
1,1,0.73050743,1,2
0,0,0.26132187,1,2
0,0,0.18594807,8,1
1,1,0.7698731,8,1
1,1,0.7181683,9,1
0,0,0.07806596,6,2
1,1,0.5622937,1,2
1,1,0.5492334,9,1
1,1,0.95666313,8,2
0,0,0.04821099,8,2
0,1,0.67930555,1,1
1,1,0.836927,1,2
1,1,0.6261215,1,2
1,0,0.44947636,9,1
1,1,0.9609337,6,2
1,1,0.8871419,9,1
0,0,0.3386239,8,1
0,0,0.29901534,6,1
0,0,0.084401436,1,1
0,0,0.03940091,9,1
1,1,0.99207217,1,1
1,1,0.9399548,1,1
1,1,0.9120674,1,1
0,0,0.0036729225,1,1
1,1,0.6307749,8,1
1,1,0.6255659,6,2
1,1,0.9137535,1,1
1,1,0.868812,1,1
1,1,0.86462927,1,1
0,0,0.0043537337,3,2
1,0,0.20358865,6,1
1,1,0.97835493,9,1
0,0,0.03409807,1,2
1,1,0.7077666,1,2
0,0,0.1862945,8,1
1,1,0.99753976,6,1
0,0,0.114618436,6,2
0,0,0.012924786,8,2
0,1,0.79484785,6,2
1,1,0.6667986,6,1
1,1,0.93053806,6,1
0,0,0.10650287,8,1
1,0,0.19609866,1,1
1,1,0.93372387,1,1
1,1,0.9583526,9,2
0,0,0.00051909726,2,1
1,1,0.7746413,6,1
1,1,0.9512002,1,1
1,1,0.9680969,1,1
0,0,0.008239787,8,1
1,1,0.52093077,7,2
1,0,0.38800365,1,1
0,0,0.32855758,9,2
0,1,0.7200788,6,2
1,1,0.9489284,1,2
0,0,0.30933562,1,1
0,0,0.026186172,1,1
1,1,0.9989524,9,1
0,0,0.0021881266,1,2
1,1,0.8425623,1,2
0,0,0.3799968,1,1
0,1,0.53432345,1,2
0,0,0.012236093,9,2
1,1,0.92078394,1,1
1,1,0.9920731,6,1
1,1,0.81155,9,2
1,1,0.8482391,9,2
0,1,0.59336996,6,2
0,0,0.13219495,8,2
0,0,0.08414607,5,1
1,0,0.48061302,1,2
0,0,0.002021353,1,2
0,1,0.9179209,9,1
1,0,0.077260286,8,2
1,0,0.32179895,1,1
1,1,0.9909213,1,1
0,1,0.6028833,1,2
0,0,0.03492135,8,2
0,1,0.9086735,1,2
0,0,0.02125318,6,1
1,1,0.8875947,1,1
1,1,0.8458596,9,1
0,0,0.15702653,9,2
0,0,0.014844474,8,1
1,1,0.8759691,6,2
1,1,0.56387484,9,1
1,0,0.23349431,1,2
0,0,0.12342853,9,1
0,0,0.24126472,9,2
0,0,0.018869651,6,2
0,0,0.18250045,1,2
1,1,0.9979132,1,1
1,1,0.7670391,1,1
0,0,0.110249124,1,2
0,0,0.032336805,8,1
0,0,0.09747357,1,1
0,0,0.009804756,1,1
1,1,0.9127105,1,2
0,0,0.0006302996,2,1
0,0,0.011042267,8,2
1,0,0.10620129,1,2
1,1,0.7358606,1,2
1,1,0.6446301,6,1
1,1,0.8723076,1,2
1,1,0.99188507,6,2
0,0,0.00424224,8,2
0,1,0.9714912,1,1
0,1,0.8296085,1,1
0,1,0.5603902,8,2
0,0,0.017266015,6,2
1,1,0.9598172,6,2
0,0,0.09539957,6,2
0,0,0.007212294,6,1
0,0,0.005216606,9,2
0,0,0.36849168,1,2
0,0,0.06857796,8,1
1,1,0.56838834,6,1
0,0,0.033647675,2,2
0,0,0.15085897,2,1
0,0,0.0058233733,9,2
1,0,0.4064753,6,2
1,0,0.42273107,1,1
1,1,0.9646131,1,1
0,0,0.44658506,8,2
0,0,0.058064874,1,2
0,0,0.16716444,6,1
0,0,0.17157589,8,1
0,0,0.011949372,8,2
1,1,0.71510196,6,2
0,0,0.04402147,3,1
1,0,0.4939695,9,2
0,1,0.8443965,1,1
1,1,0.7518742,8,1
0,0,0.00024283244,6,1
1,1,0.7990544,6,2
1,1,0.75590694,1,2
1,0,0.03963132,1,2
1,1,0.8198766,8,1
1,1,0.91444427,1,2
0,0,0.19305474,1,1
1,1,0.8743,6,2
0,0,0.24884574,9,2
0,0,0.10220112,9,2
0,0,0.0018105152,6,2
1,1,0.533071,6,2
1,1,0.91008675,2,2
1,1,0.9855586,1,1
0,0,0.3154657,1,1
1,1,0.9947239,6,2
0,0,0.08578835,8,2
1,1,0.50056577,1,1
0,0,0.029489279,6,2
1,1,0.98456985,9,1
0,0,0.18717234,8,2
1,1,0.98422503,1,2
0,0,0.25052255,8,1
0,0,0.4514963,1,2
0,1,0.8877946,1,1
1,1,0.98805666,1,1
0,0,0.1047228,1,1
1,0,0.2561784,8,2
1,1,0.9284572,6,2
0,0,0.0012845198,6,2
0,0,0.0067758546,8,1
1,1,0.8417382,1,1
1,0,0.040711123,6,2
0,0,0.07614049,2,1
0,0,0.10437514,8,1
0,0,0.030149058,6,1
0,0,0.48356986,6,1
1,1,0.9825783,9,2
0,1,0.96326226,1,2
0,0,0.006694893,1,2
0,1,0.9447902,6,1
0,0,0.0053097894,1,2
1,0,0.4785751,1,2
1,0,0.00056474225,6,1
0,0,0.091036476,7,2
1,0,0.38814282,8,2
0,0,0.01709038,1,2
1,1,0.9714414,1,1
1,1,0.6949536,1,1
1,1,0.50996715,1,2
1,1,0.8447729,1,1
1,1,0.9357084,1,1
0,0,0.022090178,8,1
1,1,0.9012979,6,2
0,0,0.07599406,8,2
1,1,0.95855,9,1
0,1,0.7467881,1,1
0,0,0.1815939,8,1
0,0,0.28049764,6,1
1,1,0.9481751,1,1
0,0,0.00025210163,6,2
0,0,0.009279233,9,2
0,0,0.0005914941,6,2
1,1,0.93910944,1,2
0,0,0.16518268,8,1
0,0,0.09472596,9,1
1,0,0.20590252,1,1
0,1,0.53465277,8,2
1,0,0.087502405,6,2
0,0,0.008609677,1,2
1,1,0.8585656,1,1
0,1,0.6074936,6,2
0,0,0.00016038194,1,1
0,0,0.033892084,8,1
0,0,0.008751487,1,2
1,1,0.6563629,8,2
1,0,0.4841228,1,1
0,0,0.38421592,9,2
1,1,0.9691316,1,1
1,0,0.24199858,8,1
1,1,0.9781212,6,1
1,0,0.44671908,9,1
0,0,0.0050384603,9,2
1,1,0.98078096,9,1
1,1,0.9253579,1,1
0,1,0.5652407,1,2
0,0,0.007612801,8,2
0,0,0.09222561,6,2
1,1,0.72212565,8,1
1,1,0.969627,6,2
1,0,0.0022825848,9,1
1,1,0.83417755,1,2
1,1,0.9908262,1,1
0,0,0.010289132,8,2
0,0,0.11411562,9,1
1,1,0.9209299,1,2
1,1,0.90042144,1,2
0,0,0.0091927815,1,2
1,1,0.99306315,1,1
0,0,0.41240013,1,1
1,1,0.79976684,1,2
0,0,0.45962352,1,2
1,1,0.55911463,6,1
0,0,0.008491122,9,1
1,1,0.758016,1,1
1,1,0.88877165,1,1
1,0,0.3204956,1,2
1,1,0.93515265,1,1
1,1,0.8976111,6,1
0,0,0.017619513,8,1
1,1,0.90647405,1,1
1,1,0.97162503,1,1
1,1,0.9219828,1,1
0,0,0.34417716,6,1
0,0,0.2013416,1,2
1,0,0.49124503,1,2
0,0,0.061654422,1,2
0,0,0.019455533,6,2
0,0,0.021732498,9,2
0,0,0.18297319,8,1
0,0,0.008883455,8,2
1,1,0.9291875,1,1
1,1,0.9860994,1,1
0,0,0.012215805,2,2
0,0,0.4750878,1,2
1,1,0.8640244,6,2
0,0,0.4522755,1,2
0,0,0.00013433135,9,2
0,1,0.8270565,2,1
1,1,0.8158196,1,2
1,1,0.84169346,1,2
0,0,0.35309964,1,2
0,0,0.14828865,1,2
1,0,0.3652663,8,1
1,1,0.8794165,1,1
0,0,0.22339593,8,2
1,1,0.9762772,1,1
1,1,0.8860584,9,2
0,0,0.025004815,6,2
0,0,0.4906715,8,2
0,1,0.6843428,2,2
0,1,0.52325225,9,1
1,1,0.75492215,1,1
0,0,0.09518338,8,2
1,1,0.8303426,1,1
1,1,0.9816714,1,1
0,0,0.39719778,8,1
0,0,0.0024495183,6,1
0,1,0.88974166,1,2
1,1,0.8863358,8,1
1,0,0.4236782,9,1
1,1,0.82816905,1,2
0,0,0.27949885,5,1
0,0,0.009513297,8,1
1,0,0.24717322,9,1
0,0,0.1538871,1,1
0,0,0.010917187,8,2
0,0,0.00048549657,9,1
0,1,0.70431817,6,1
0,0,0.004754916,6,2
1,1,0.771532,1,1
1,1,0.925568,6,2
1,1,0.9861113,6,1
0,0,0.00071323675,9,1
1,1,0.9348478,1,1
0,1,0.6080735,8,1
0,0,0.004154079,1,2
1,0,0.29657426,9,1
0,1,0.5623232,2,2
1,1,0.7782031,1,1
1,1,0.8022508,6,2
0,0,0.14246245,8,1
0,0,0.4979986,1,1
0,0,0.021042718,8,1
1,1,0.94008386,1,1
0,1,0.5267377,6,2
1,1,0.9829243,1,1
0,0,0.05520665,6,1
1,1,0.96665925,6,2
1,1,0.98146546,1,1
0,0,0.1310982,8,1
0,1,0.73854977,6,1
0,0,0.3970444,8,1
1,0,0.33167318,9,2
0,0,0.062257845,6,1
0,0,0.21600327,9,1
1,1,0.71073246,8,1
0,0,0.000403391,1,1
1,1,0.98201627,1,1
0,0,0.0006905579,9,1
0,1,0.6643659,8,2
0,0,0.05334582,1,2
0,0,0.04949206,8,1
0,0,0.014394176,9,2
0,0,0.00995519,1,2
0,0,0.0023756237,1,1
1,1,0.88158536,8,2
0,0,0.042219467,1,2
1,1,0.9135685,1,2
0,0,0.26634818,1,1
0,0,0.00054477324,8,2
0,0,0.39839014,1,1
0,0,0.015219929,9,1
1,1,0.9190455,6,1
1,1,0.67310965,1,1
0,0,0.20048055,1,2
0,0,0.35142243,2,1
0,0,0.09778294,6,2
1,1,0.906193,1,1
0,0,0.0067068995,8,1
0,0,0.050241787,8,1
0,0,0.1783582,8,2
1,0,0.4962819,1,2
0,0,0.058703605,8,2
1,1,0.95634794,1,1
1,0,0.3406598,3,1
0,0,0.0006715693,1,1
1,0,0.28444463,6,2
1,0,0.2359216,9,2
1,1,0.99264246,1,2
0,0,0.0049297493,1,2
0,0,0.047582686,6,2
0,1,0.6325595,1,1
0,0,0.0023171073,1,1
0,0,0.0015312086,2,1
1,1,0.95716965,1,1
1,1,0.7676336,6,1
0,1,0.50391966,9,1
0,1,0.5447414,8,1
0,0,0.4709025,1,2
1,1,0.9849996,2,1
0,0,0.025495505,8,1
0,0,0.016796589,8,2
0,0,0.006749051,9,2
0,0,0.19917277,8,1
1,0,0.48392764,2,2
1,1,0.98660153,9,2
1,1,0.9235419,6,1
1,1,0.6952198,2,1
1,1,0.7355382,8,2
0,1,0.7294172,8,1
0,1,0.51372206,1,2
1,1,0.8044122,1,1
0,0,0.049790453,3,1
1,1,0.63652766,2,1
1,1,0.94833153,1,2
1,1,0.8929214,1,2
1,1,0.75678855,1,1
1,1,0.9962656,1,1
1,1,0.7932228,1,1
1,0,0.17645676,1,2
0,0,0.26478696,8,1
1,1,0.9754351,6,2
1,1,0.8955307,1,1
0,0,0.14191139,9,2
0,0,0.14608224,8,2
1,1,0.999129,9,2
1,0,0.1862375,2,2
0,0,0.2576062,8,1
0,0,0.14545299,6,1
0,0,0.0034152805,1,1
0,1,0.6129302,8,1
0,0,0.037202246,1,1
0,0,0.4004186,1,2
0,0,0.004466119,1,1
1,1,0.98260915,7,1
1,0,0.2026517,9,1
1,1,0.96645266,1,2
0,0,0.11848906,9,2
1,1,0.6030242,1,2
1,1,0.68897486,6,1
1,1,0.9745719,1,2
1,0,0.37489146,6,2
0,0,0.17056912,8,1
1,1,0.709402,1,2
0,0,0.0015995336,1,2
1,1,0.5479313,1,1
0,0,0.0155577585,8,2
1,1,0.86266446,1,1
0,0,0.06577692,1,2
0,0,0.01014901,8,2
1,1,0.96260965,1,1
0,0,0.21132252,1,2
0,0,0.19464925,8,2
1,1,0.95468086,1,2
0,0,0.0040796413,8,1
1,1,0.9192725,1,1
0,0,0.00031204592,6,1
0,0,0.007381894,1,1
1,0,0.33323795,2,1
1,1,0.7715996,2,2
0,0,0.009492996,6,2
0,0,0.027887158,1,1
1,1,0.8825751,8,1
0,0,0.42048177,1,2
1,0,0.11593282,8,2
0,1,0.57434213,1,1
0,0,0.40102565,2,2
1,1,0.99654573,1,1
0,0,0.00042725186,6,2
0,0,0.0343667,9,1
1,1,0.88917595,8,2
1,1,0.9727854,6,1
0,0,0.12807761,9,1
0,0,0.0034222794,8,2
1,1,0.9663962,1,1
0,0,0.011571547,1,2
0,1,0.975653,1,1
1,1,0.8006458,6,2
0,0,0.04642695,9,1
0,1,0.60071474,1,2
0,0,0.33934444,8,1
1,1,0.9628073,6,1
1,1,0.8253028,1,1
0,0,0.024083728,6,2
1,1,0.5450751,1,1
0,1,0.858175,1,1
0,0,0.34432968,6,1
0,0,0.02305724,8,1
1,1,0.6544706,6,1
1,1,0.8699183,1,1
1,1,0.9483303,6,2
1,1,0.73546153,6,2
0,0,0.22930741,3,2
1,1,0.70608324,8,1
0,0,0.41986647,1,1
1,1,0.7848022,8,1
0,0,0.00022905726,8,2
1,1,0.681099,6,2
1,1,0.9015186,6,2
0,0,0.07389056,2,1
1,1,0.8837582,1,1
1,1,0.84779376,6,1
0,0,0.0010051534,6,2
0,0,0.09464542,1,1
0,0,0.00010786478,9,1
0,0,0.020593833,8,2
0,0,0.40305987,9,2
1,1,0.62522376,1,1
1,1,0.6192206,8,2
0,0,0.016722273,6,1
0,0,0.00010788514,1,2
0,0,0.3707684,1,2
0,0,0.3359402,1,2
0,0,0.4967811,3,1
0,1,0.69444036,9,2
1,1,0.93922615,1,2
0,0,0.044180345,9,2
0,0,0.18318225,6,1
0,0,0.4208099,8,1
1,1,0.76023245,1,2
0,0,0.32301584,9,1
0,0,0.27539387,1,1
1,1,0.9609337,6,2
0,0,0.028595142,1,2
1,1,0.9955876,1,1
0,0,0.038070884,1,1
1,0,0.3843772,2,2
0,0,0.004865311,6,1
1,0,0.4597094,1,1
0,0,0.063463345,8,2
0,0,0.026746713,8,2
1,1,0.7318805,1,1
1,1,0.86356694,1,2
0,0,0.3880724,1,2
1,1,0.78541577,9,1
1,1,0.7312702,2,1
0,0,0.056507636,2,2
0,0,0.1471197,9,1
1,1,0.98122334,1,1
0,1,0.7137001,6,1
1,1,0.8865867,6,1
1,1,0.8321486,6,1
1,1,0.9158275,1,2
0,1,0.9891242,1,1
1,1,0.81789196,2,1
0,0,0.005641489,9,2
1,1,0.877409,6,2
1,1,0.79798156,8,1
0,0,0.0026652073,6,2
1,0,0.15692268,9,1
0,0,0.018823612,6,2
0,0,0.17195112,6,1
1,1,0.9512401,6,2
0,1,0.7511705,1,1
1,1,0.80556613,1,2
1,0,0.1151432,3,2
1,1,0.9505046,1,1
1,1,0.6851629,1,1
1,1,0.99296796,1,1
1,1,0.6345758,9,2
1,1,0.9204345,9,1
1,1,0.58919793,1,1
0,0,0.14584526,1,2
1,1,0.7155256,2,2
0,0,0.025282517,1,2
1,1,0.931858,1,1
0,0,0.00238289,8,2
1,0,0.32750866,6,1
1,1,0.53078425,6,1
0,0,0.06454445,1,2
1,1,0.89476615,9,1
0,1,0.7646684,8,1
0,0,0.0010894394,6,1
1,1,0.8355309,6,1
0,0,0.011866571,1,2
1,1,0.5417471,1,2
1,0,0.23433474,2,2
0,1,0.7164547,9,2
0,1,0.61172205,1,2
1,1,0.9578967,1,1
0,0,0.014809057,8,1
0,0,0.001751396,1,2
0,1,0.69386286,9,1
0,0,0.1733346,9,1
0,0,0.1987486,1,1
0,0,0.0017302706,1,1
0,0,0.00059309,6,1
1,1,0.95943654,1,1
0,0,0.005996097,6,2
0,1,0.75506425,1,2
0,0,0.028785206,8,2
0,0,0.22454935,9,2
0,0,0.2767829,8,1
0,0,0.07103655,1,1
0,0,0.024213187,6,2
0,0,0.32725552,8,1
0,0,0.0053431164,6,2
0,0,0.2844181,8,1
1,1,0.9695053,6,1
1,1,0.9822405,1,1
1,1,0.95756483,9,1
1,1,0.7973832,6,2
0,1,0.5794241,1,1
0,0,0.13210544,9,2
1,0,0.38346365,6,2
1,1,0.9781171,1,2
0,0,0.012097479,8,1
0,0,0.06745558,1,2
1,1,0.9535504,1,1
0,0,0.43909064,9,2
0,0,0.02148088,1,2
0,0,0.19632646,6,1
0,0,0.0010105872,1,1
0,1,0.55212724,9,1
1,1,0.97884136,6,1
1,1,0.9943733,1,1
1,0,0.24829136,2,1
1,1,0.84117657,9,1
0,0,0.014614489,6,1
0,0,0.40544686,6,1
1,0,0.29935515,8,2
0,0,0.0031766845,1,2
1,1,0.94291824,1,1
0,0,0.0771123,2,1
0,0,0.0036720138,1,2
1,1,0.84245276,1,2
1,1,0.8181294,1,1
0,0,0.4561893,6,2
0,1,0.5307711,8,1
1,0,0.31632066,1,2
0,0,0.0013150872,9,2
0,1,0.5505507,9,1
0,0,0.0032699723,2,2
1,1,0.92994076,1,2
1,1,0.966285,1,1
0,0,0.036120772,2,2
1,0,0.11816654,8,1
0,0,0.17597225,6,1
1,1,0.99028593,1,1
0,0,0.04218881,1,2
1,0,0.02012104,6,1
0,0,0.19358723,1,1
0,0,0.024426801,8,2
0,0,0.33732414,1,1
1,1,0.88032085,1,1
0,0,0.0668589,8,1
1,1,0.73442966,1,2
1,1,0.5700461,8,1
1,1,0.9858753,9,1
1,0,0.42625466,1,1
1,1,0.8762088,1,1
1,0,0.16466372,6,2
0,0,0.41305304,8,2
0,0,0.21761218,6,1
0,0,0.028363878,8,2
1,1,0.9713226,1,1
0,0,0.44461632,6,2
1,1,0.8169434,8,2
1,1,0.953308,6,2
1,1,0.9780719,9,1
1,0,0.12802683,8,1
0,0,0.026179485,9,2
1,1,0.99421084,6,1
0,0,0.020356692,9,2
0,0,0.11830221,9,2
1,1,0.97395533,2,1
1,1,0.8000286,6,2
1,1,0.8401678,8,2
0,0,0.00045743058,8,1
1,1,0.75130266,9,1
0,0,0.0005444792,8,2
1,1,0.92607903,1,1
0,0,0.01436083,1,2
1,1,0.9059962,9,2
1,1,0.93747556,9,1
1,1,0.9489427,1,2
0,1,0.86229205,2,2
1,0,0.23578514,8,1
0,1,0.6680213,1,1
1,0,0.31970537,1,2
1,1,0.582993,1,1
1,0,0.36515772,1,1
1,0,0.23351865,1,2
1,1,0.80313855,1,1
0,0,0.022278301,8,1
0,0,0.10828754,6,1
0,0,0.109512016,1,2
1,0,0.33284143,1,2
0,0,0.020966608,8,1
1,1,0.6668545,6,2
0,0,0.0008953575,9,2
0,0,0.008169023,8,1
1,1,0.7798929,9,2
1,1,0.8617079,6,1
1,1,0.90899444,1,1
0,0,0.03148902,6,2
1,1,0.7617221,6,2
0,1,0.53185236,8,2
0,0,0.16336648,6,2
1,1,0.94648474,1,1
1,1,0.67838436,8,2
0,0,0.28829488,1,2
1,1,0.8950275,1,2
1,1,0.8955096,8,2
0,1,0.5051884,1,2
1,1,0.8234513,9,2
1,1,0.5170306,8,1
1,1,0.9173122,6,1
0,0,0.032192986,9,2
0,0,0.009054233,3,2
1,1,0.9904231,6,1
0,0,0.040107887,1,1
1,1,0.9236963,6,1
1,1,0.6333665,6,1
1,1,0.9829596,1,2
0,0,0.043578446,9,1
0,0,0.0037401593,9,2
0,0,0.21502681,6,1
0,0,0.23149233,8,2
0,1,0.77589047,6,1
1,1,0.9513335,1,2
1,1,0.9854689,6,1
1,1,0.9943857,1,1
1,1,0.85930705,3,2
0,1,0.62334585,1,2
1,1,0.7478978,9,2
0,1,0.89853346,1,2
1,0,0.02643774,8,2
1,1,0.77472687,6,2
0,0,0.007980505,8,2
1,1,0.95959413,6,2
0,0,0.0055684275,1,2
1,1,0.8030284,1,1
0,0,0.42645714,8,1
0,0,0.44965404,8,2
1,1,0.9802305,1,1
1,1,0.9566987,6,2
0,0,0.20841235,6,1
1,1,0.6934185,1,2
0,0,0.010934418,6,1
0,0,0.10143929,8,1
1,0,0.49880338,6,1
0,0,0.23101537,1,1
0,0,0.11741582,1,2
1,1,0.89691025,1,2
0,1,0.66193885,1,1
0,0,0.1844036,1,1
0,0,0.03985037,1,2
1,1,0.9713922,1,1
1,1,0.6016947,6,2
1,1,0.94885105,1,1
1,1,0.8812586,1,1
1,1,0.50373805,9,1
0,0,0.0022733514,8,2
0,1,0.81623375,1,1
1,1,0.9883711,1,1
0,1,0.68145627,6,2
1,1,0.738273,9,1
1,1,0.9748787,1,1
0,1,0.6236134,9,1
1,1,0.9563349,9,2
0,1,0.8122734,1,2
0,0,0.12792842,8,2
1,1,0.7832349,1,2
1,1,0.69316906,6,1
1,1,0.953747,1,1
1,1,0.8877491,9,1
1,0,0.195034,1,1
1,0,0.07824881,6,2
0,0,0.12622853,8,2
1,1,0.9395231,1,2
1,1,0.89289004,6,1
0,0,0.008356889,1,2
0,0,0.010482372,1,2
0,0,0.02518013,3,2
0,1,0.84530985,6,1
0,0,0.019681353,1,2
0,1,0.73543185,6,1
0,0,0.010569845,9,2
0,1,0.8663732,9,1
0,0,0.0018736923,9,2
1,1,0.9487222,9,2
1,1,0.71173775,1,1
1,1,0.8222905,8,2
0,0,0.18154429,9,1
0,0,0.34072834,1,1
1,0,0.35440227,8,1
0,0,0.0025935215,8,2
1,0,0.4104691,8,1
1,1,0.8935256,1,1
0,0,0.01014481,8,1
0,1,0.9806887,1,1
1,1,0.7861069,6,1
0,0,0.32006603,1,2
1,1,0.58033764,6,1
0,0,0.41192853,8,1
0,0,0.042225022,9,2
1,1,0.8854329,1,2
1,0,0.39872485,6,2
0,0,0.010299591,6,1
1,1,0.907069,6,2
0,1,0.86804366,9,2
1,1,0.8734112,1,1
0,0,0.086554736,9,2
0,0,0.0034653908,8,1
1,1,0.98601264,1,1
1,1,0.93918604,6,2
0,0,0.11302074,8,1
0,0,0.3348183,3,1
0,0,0.09354617,2,2
0,0,0.39455903,1,2
1,1,0.92538023,9,1
0,0,0.42882437,2,2
1,1,0.7694121,1,2
1,1,0.82945675,8,1
1,0,0.4547429,1,2
0,1,0.63838726,1,2
1,0,0.42187524,1,1
1,0,0.3852837,8,1
1,1,0.96178997,6,1
0,0,0.1938799,2,2
1,1,0.9916156,1,1
1,1,0.75932854,9,1
0,0,9.412929e-05,9,1
0,0,0.0018024774,1,1
1,0,0.3446774,8,1
1,1,0.99824524,1,1
1,1,0.83032405,6,2
1,1,0.9227429,9,1
0,0,0.012887795,9,2
1,0,0.0029135742,8,1
1,0,0.3216777,2,2
0,0,0.49856937,8,2
1,1,0.9676921,1,1
0,0,0.014790445,8,2
1,1,0.98480403,1,1
1,0,0.151405,8,1
0,0,0.0062996405,1,1
0,0,0.021631766,6,1
0,0,0.003069392,1,1
1,1,0.6623343,1,1
1,1,0.516863,8,1
0,0,0.00699181,9,1
0,0,0.017831352,2,1
0,1,0.79768366,9,1
1,1,0.8241736,1,1
0,0,0.2949355,1,2
0,0,0.024504837,1,2
0,0,0.0070673344,8,1
1,0,0.39408308,9,2
0,0,0.47561952,1,2
1,1,0.9867992,1,1
1,1,0.85976106,1,1
0,0,0.015488073,8,1
1,1,0.855403,6,2
0,0,0.043089855,1,2
1,1,0.9638687,6,1
0,0,0.17738335,1,1
0,0,0.4801658,6,2
0,0,0.04342909,8,1
0,0,0.09785221,1,1
1,1,0.69154733,1,1
0,1,0.80959976,1,2
0,0,0.09686299,8,2
0,0,0.06514012,2,1
0,0,0.058223054,1,1
0,0,0.3593433,1,2
0,0,0.46270642,9,2
0,0,0.4481565,6,1
0,0,0.12766342,1,1
0,0,0.05386958,9,1
0,0,0.0022783556,1,2
0,0,0.0025643737,1,2
1,0,0.061252132,2,2
1,0,0.19446148,8,2
1,1,0.6721315,1,1
1,1,0.8058375,1,1
0,0,0.25753075,8,2
0,0,0.30370998,6,2
1,1,0.9018217,1,2
0,0,0.03265976,1,1
1,1,0.9477083,1,2
1,1,0.8794199,1,2
1,1,0.9805869,6,1
0,0,0.28301963,1,2
0,0,0.24084629,6,1
0,1,0.89722663,8,2
1,0,0.34702542,1,1
0,0,0.15857346,8,1
1,0,0.49566942,1,1
0,0,0.32513815,2,2
1,1,0.5884109,9,1
1,1,0.5348815,9,2
1,1,0.902368,1,2
0,0,0.12547837,1,1
1,1,0.86675006,9,1
1,1,0.6381541,8,1
0,0,0.19040458,1,2
1,1,0.89052296,9,1
0,0,0.008009785,9,1
1,1,0.8779595,6,1
1,1,0.9942451,1,1
0,1,0.6523884,2,2
1,0,0.3311468,1,2
1,0,0.069884524,6,2
0,0,0.022734532,8,1
1,0,0.33646426,9,1
0,1,0.84208035,6,1
0,0,0.031444244,9,1
1,1,0.7556989,9,1
0,0,0.019751133,8,2
1,1,0.995539,1,2
0,0,0.48593283,1,2
0,1,0.60828155,8,1
0,0,0.076223865,9,2
0,0,0.023001328,1,2
0,0,0.00076845184,9,2
1,1,0.87821364,6,1
1,1,0.97413445,6,2
1,1,0.8914724,1,1
1,1,0.85525286,1,2
1,1,0.7284544,9,2
1,1,0.75593454,1,2
1,1,0.9477259,1,2
0,0,0.016282395,1,2
1,1,0.96148705,9,1
1,1,0.906914,1,1
1,0,0.25412107,8,2
1,0,0.23125534,9,1
1,1,0.99691147,6,1
1,1,0.5236571,2,1
1,1,0.9643752,8,1
0,1,0.9776119,1,2
0,1,0.5887241,1,2
1,1,0.5254368,6,1
1,1,0.9615894,6,2
0,0,0.20328741,1,2
1,1,0.79981923,1,1
1,0,0.2645694,1,2
0,0,0.093249686,9,1
1,1,0.7864261,6,2
0,0,0.06390849,1,1
1,1,0.9927691,1,1
0,0,0.0168218,6,2
0,0,0.29807547,9,1
0,0,0.4690748,6,1
1,0,0.050167285,6,2
0,1,0.51030475,6,2
1,0,0.47638986,1,2
0,0,0.051694486,8,2
0,0,0.12449248,8,2
1,0,0.32826084,1,1
1,1,0.9737265,8,1
1,1,0.9399577,2,1
1,0,0.2968402,6,2
0,0,0.005123391,8,2
0,1,0.60067475,6,1
0,1,0.5192825,9,1
0,0,0.09578552,1,2
1,1,0.8818443,6,1
1,1,0.87508047,1,2
1,1,0.8679549,8,1
1,1,0.86427754,6,1
1,1,0.53240687,2,1
0,0,0.0069435453,2,1
1,1,0.7084555,1,1
1,1,0.75089204,6,2
0,0,0.036749296,8,1
1,1,0.7580587,2,1
0,0,0.06134795,9,1
1,0,0.29632467,8,1
1,1,0.91616595,6,2
1,1,0.60419786,2,1
1,1,0.8933437,1,1
0,0,0.01240606,8,1
0,0,0.05946604,1,1
1,1,0.9339347,1,1
1,1,0.657236,2,2
1,1,0.7003243,9,2
1,0,0.3729445,6,2
0,0,0.08419224,1,2
0,0,0.09945332,1,2
0,1,0.87680066,1,1
0,1,0.7056945,6,1
0,1,0.85884196,9,2
1,1,0.82848567,1,2
0,1,0.89227736,9,1
1,1,0.7520307,1,2
0,0,0.03206147,9,1
1,1,0.67346925,9,2
0,0,0.030033963,9,1
0,0,0.033462573,8,2
1,1,0.73379725,1,2
0,0,0.0038724837,1,2
1,1,0.8195596,2,1
0,1,0.79071665,9,1
0,1,0.61178803,1,2
1,0,0.43277827,1,2
0,0,0.061206125,1,1
1,0,0.21592703,9,2
0,1,0.7900558,1,2
1,1,0.8984749,9,1
0,0,0.45242202,6,1
0,0,0.07479954,2,2
0,0,0.1320493,1,2
0,0,0.0176601,6,2
1,0,0.44354257,8,2
0,1,0.76001066,6,1
0,0,0.054578092,8,2
0,0,0.025246419,9,1
1,1,0.65615827,9,2
1,1,0.9901688,6,1
0,0,0.006910082,9,2
0,0,0.03309688,6,1
1,1,0.741602,6,1
0,1,0.7531356,6,1
0,0,0.0015093898,8,1
1,1,0.98981655,1,2
0,1,0.5769123,2,1
1,1,0.6100301,9,1
0,0,0.31800088,6,2
1,1,0.9265884,1,1
1,1,0.5017665,1,1
0,0,0.106659606,1,1
1,1,0.94515365,1,1
0,0,0.07059099,1,1
1,1,0.8817613,6,2
0,0,0.06446589,9,2
0,0,0.09353723,2,2
0,1,0.5837927,9,1
1,1,0.5454588,9,1
1,0,0.49983114,1,1
1,1,0.9826093,8,1
1,1,0.9859611,1,1
0,0,0.04175414,1,2
1,0,0.10910115,8,2
0,0,0.028839111,6,1
1,1,0.57108724,1,1
0,0,0.0065223384,8,2
1,1,0.99635494,1,1
1,0,0.35693774,1,1
0,0,0.0059085977,8,1
1,0,0.17454952,1,1
1,1,0.98712444,9,2
0,0,0.031486046,6,2
0,0,0.029557148,6,2
0,1,0.63865733,1,1
1,1,0.9957449,9,2
0,0,0.023340393,6,1
0,0,0.006635113,8,2
0,0,0.47227642,9,1
1,1,0.758562,1,1
0,0,0.0012270807,6,1
0,0,0.33178523,1,2
1,1,0.9808374,6,2
0,0,0.4419862,1,1
0,0,0.06701834,1,1
0,1,0.7476066,1,2
1,1,0.94109243,6,1
0,0,0.22776097,1,1
1,1,0.6751409,1,1
0,1,0.55466,1,2
1,0,0.38305035,9,2
1,0,0.017348103,6,2
0,0,0.13088974,1,2
1,0,0.44875973,1,2
1,0,0.4907177,6,2
1,0,0.16244985,9,1
1,1,0.8760866,8,1
1,0,0.3800901,1,2
1,1,0.9420511,6,2
1,0,0.35319185,9,2
0,0,0.002291095,1,2
1,1,0.9784117,6,1
0,0,0.053665522,1,1
0,0,0.017907212,8,2
0,0,0.078120105,2,2
1,1,0.9924965,1,1
0,0,0.034312885,8,1
0,0,0.003259232,1,2
0,0,0.0021342826,1,2
1,1,0.8540625,6,1
0,0,0.004458318,1,1
1,1,0.93633264,6,2
0,0,0.06872234,2,1
0,0,0.0009810686,1,2
1,1,0.8277825,6,1
0,0,0.009303738,3,2
1,1,0.6064253,1,1
0,0,0.49530593,1,2
0,0,0.15274872,1,1
1,1,0.7069915,8,1
1,0,0.37724194,8,1
0,0,0.0019350373,1,2
0,0,0.26058698,9,1
1,1,0.9186188,1,1
0,0,0.016409565,1,1
0,0,0.0093241455,8,1
0,0,0.05921867,9,1
0,0,0.047853816,8,1
0,1,0.93225294,1,2
0,0,0.030786322,1,2
0,0,0.4045766,2,2
1,1,0.99394107,2,1
1,0,0.14699298,1,2
0,0,0.06626331,1,1
0,0,0.3318622,1,1
1,1,0.87473005,1,2
0,0,0.16277893,8,2
1,1,0.8732663,1,1
1,1,0.8638345,1,2
1,1,0.964169,1,1
1,1,0.7551117,9,1
0,0,0.02156497,8,2
1,1,0.98801327,1,1
1,1,0.96753716,1,1
0,0,0.33150062,9,2
0,0,0.1272604,1,2
1,0,0.346254,6,2
1,0,0.3276006,1,2
0,1,0.8119341,1,2
1,0,0.18916757,2,2
1,0,0.408358,8,2
1,1,0.9184396,1,2
1,0,0.4179221,1,1
0,1,0.9877263,1,1
1,1,0.6921163,1,2
0,0,0.12489432,6,1
0,0,0.088865936,1,1
1,1,0.91998833,8,1
1,0,0.42262506,9,2
0,0,0.16493027,8,2
1,1,0.94385964,1,2
0,1,0.769217,1,2
0,0,0.03934217,1,1
0,0,0.2371384,6,1
0,0,0.023399506,9,2
0,0,0.020347835,1,2
0,1,0.67772186,8,2
1,1,0.95913684,1,2
1,0,0.085863896,1,1
0,0,6.2369305e-05,1,2
0,1,0.81032205,1,1
0,0,0.17437209,8,1
0,0,0.0014079483,8,1
1,1,0.7770378,1,1
1,0,0.27304667,9,1
0,0,0.024943067,9,1
0,0,0.4147799,6,2
0,1,0.6094043,6,2
0,0,0.003139617,8,2
1,1,0.8752736,6,1
0,0,0.3052453,6,1
0,1,0.52374923,8,2
0,0,0.07420382,1,1
1,1,0.9864319,1,1
0,0,0.00013394673,9,1
1,1,0.96071404,1,1
1,1,0.98292613,1,2
0,0,0.1913743,6,1
0,1,0.54280925,6,2
0,0,0.093276545,8,2
1,1,0.946881,1,2
0,0,0.03701652,9,2
1,1,0.5843533,9,1
1,1,0.8682702,9,1
0,0,0.3372625,1,2
0,0,0.32448462,1,2
1,0,0.48091218,6,1
1,1,0.8898331,6,2
0,0,0.0075336164,2,2
0,0,0.06832819,6,2
1,1,0.7634638,6,1
0,0,0.17046174,1,1
0,0,0.018209817,9,2
0,1,0.598984,1,2
0,0,0.35943976,1,2
0,0,0.0058812555,1,1
1,0,0.17239125,8,1
0,0,0.0076513714,1,2
0,1,0.7060097,1,1
0,1,0.8525606,1,2
0,0,0.035282522,8,2
0,0,0.0028205118,8,2
0,0,0.20931533,6,2
1,0,0.32078242,8,2
1,1,0.79186565,1,1
1,1,0.50643873,8,1
1,1,0.94804466,9,1
0,0,0.0008080108,1,1
0,0,0.025792256,1,2
0,0,0.013580208,1,1
1,0,0.059396442,1,2
1,1,0.613821,8,1
1,1,0.6647753,1,1
1,1,0.7835995,1,1
0,0,0.0587786,9,1
0,1,0.5099489,6,2
0,1,0.6650249,9,2
0,0,0.0042386013,1,1
1,1,0.9849148,1,1
1,0,0.081186734,6,1
1,0,0.49681547,1,1
0,0,0.037283476,9,2
1,1,0.93169045,1,2
1,1,0.9167108,1,1
1,1,0.97176456,1,1
1,1,0.70826155,1,2
0,0,0.022306398,8,2
0,0,0.10943158,8,1
0,0,0.083201036,1,2
1,1,0.9335225,6,2
1,1,0.5735636,8,1
0,0,0.070993625,9,1
1,1,0.60186636,6,1
1,0,0.4345077,6,2
0,0,0.008070351,1,2
0,0,0.015344182,8,2
0,1,0.7035415,1,2
1,0,0.4412956,8,1
1,1,0.99209845,1,1
1,1,0.9716949,1,1
0,1,0.62530196,9,1
1,1,0.73992556,1,1
0,1,0.77409124,9,2
1,1,0.649296,6,2
1,0,0.21536809,8,1
0,0,0.058296792,6,2
0,0,0.04371357,8,1
0,0,0.09903514,8,2
0,0,0.39136857,1,2
0,0,0.0014053427,1,2
1,1,0.9475668,1,2
1,0,0.15210108,1,2
1,1,0.9377541,6,2
1,1,0.98695207,1,2
1,1,0.50750566,9,1
0,0,0.0112233795,9,1
1,0,0.15698351,2,2
1,1,0.79027355,1,2
1,0,0.10707611,1,2
0,0,0.05710565,8,1
0,0,0.2291406,8,1
1,1,0.6929153,1,1
0,1,0.88387644,9,1
0,0,0.001514811,3,2
1,1,0.6618627,1,2
1,0,0.2568127,1,1
0,0,0.022365702,1,2
1,1,0.7812119,1,2
0,0,0.06000602,8,1
0,0,0.11800639,8,1
1,1,0.7001818,1,2
1,1,0.95483494,6,2
0,0,0.027560567,9,2
0,0,0.03654195,8,2
1,1,0.54212147,2,2
1,1,0.72756064,9,1
0,0,0.34701544,6,1
1,1,0.6765627,9,1
0,1,0.64859056,9,2
0,0,0.034416854,8,1
0,0,0.20183049,1,2
0,0,0.0013234288,1,2
0,0,0.00096371584,1,1
0,0,0.047947597,7,2
0,0,0.033752374,1,2
1,1,0.8371023,1,2
0,0,0.11236281,9,2
0,0,0.22262351,1,2
0,0,0.42469242,1,2
0,0,0.36407903,1,1
0,0,0.3758828,1,2
1,1,0.9944885,6,2
1,1,0.5667928,1,1
0,0,0.07952482,9,1
0,0,0.41010246,8,1
1,1,0.8271469,1,2
1,1,0.5461984,1,2
0,0,0.022144895,8,1
1,1,0.8726478,6,2
0,0,0.07739683,9,2
0,0,0.37033272,1,2
0,0,0.002254864,1,1
0,1,0.6354958,6,2
0,0,0.0016759055,1,1
1,1,0.75662994,1,2
1,1,0.5569194,6,1
1,1,0.62599397,8,2
0,1,0.61050206,9,1
0,0,0.10611577,8,1
0,0,0.009431299,1,1
0,0,0.03156726,8,1
1,0,0.14164041,9,1
1,1,0.9886098,1,1
1,1,0.5115779,9,1
0,0,0.35208264,9,2
0,1,0.6743102,8,2
0,0,0.09641027,8,1
1,1,0.91077566,1,2
0,0,0.008695915,9,2
1,1,0.6154357,6,2
1,1,0.98726,1,1
0,1,0.63850474,1,1
0,1,0.5107891,9,2
0,0,0.07464344,6,1
0,0,0.008300499,9,2
0,0,0.14160816,1,1
1,1,0.9423583,9,2
0,0,0.097990714,8,1
1,1,0.9787427,1,1
1,1,0.96116656,1,1
0,0,0.10811411,9,1
0,0,0.0036005361,1,1
0,0,0.07467366,8,1
0,0,0.48699275,8,2
0,1,0.90477014,6,2
0,0,0.10920762,8,1
1,1,0.63470316,2,1
1,0,0.39075908,1,1
1,1,0.9309163,6,2
0,0,0.0027880855,9,1
0,0,0.025774684,9,2
0,0,0.044339053,8,2
1,1,0.9374528,1,2
1,0,0.23364337,8,2
1,1,0.92178816,1,1
1,1,0.99501204,6,1
0,0,0.036839202,6,2
0,0,0.013361929,1,1
1,1,0.78381443,2,2
1,0,0.4119311,1,2
0,0,0.40160188,9,2
0,1,0.8889222,9,1
1,1,0.6796737,1,2
0,0,0.014444221,6,2
0,0,0.3168092,8,1
0,1,0.64424884,1,2
0,1,0.85795283,9,1
1,1,0.79270345,8,1
0,0,0.3238102,1,1
1,0,0.1699307,1,1
0,1,0.9004743,1,1
1,1,0.9817707,1,2
0,0,0.03382341,6,1
1,1,0.9142883,6,2
1,1,0.90433675,6,2
0,0,0.12489352,6,2
0,0,0.34548038,9,2
1,1,0.9791286,1,1
0,0,0.42251438,1,2
0,0,0.15686978,8,2
1,0,0.34666923,1,1
1,1,0.94217354,1,2
1,0,0.29202983,8,2
0,0,4.2330208e-05,1,2
1,1,0.8922769,1,1
1,1,0.98049396,8,1
0,0,0.09455543,6,2
1,1,0.9028977,6,2
1,1,0.8626332,1,1
1,0,0.159272,1,2
0,0,0.11357185,9,1
1,1,0.6985941,1,2
1,1,0.98597497,6,2
1,1,0.87707406,9,1
1,0,0.2709971,1,2
1,0,0.35117108,9,1
0,1,0.81893176,1,2
1,1,0.9720558,2,1
1,1,0.82513064,6,1
1,0,0.24483545,1,2
0,0,0.41188937,1,2
0,0,0.123848066,1,2
0,0,0.005179882,9,1
1,1,0.9809043,1,2
0,0,0.006234898,8,1
1,0,0.47851667,1,2
1,1,0.8827408,1,2
0,1,0.7048363,1,1
0,1,0.66483355,8,2
0,1,0.97190464,1,1
1,1,0.9120777,1,2
1,0,0.4473201,1,2
1,1,0.6913973,1,1
1,1,0.97827727,1,1
1,1,0.5811008,1,1
0,0,0.00381051,1,1
0,1,0.540903,1,2
1,0,0.17734225,6,1
0,1,0.6500961,1,2
0,1,0.5634397,1,2
1,1,0.78056556,8,1
0,0,0.32114542,1,1
0,0,0.0038637104,9,2
1,1,0.90880054,1,1
0,0,0.105951,6,2
0,1,0.8116304,9,2
1,1,0.915843,1,1
0,0,0.027337587,8,1
0,0,0.16883017,8,1
0,0,0.42585978,1,2
0,0,0.21260622,9,2
1,1,0.9318233,2,2
1,1,0.8688745,9,1
1,0,0.18742934,1,2
0,0,0.45858258,1,1
1,1,0.9968395,1,1
1,0,0.20838626,1,2
0,0,0.03103631,9,2
1,1,0.98279804,6,1
1,1,0.90168023,1,2
1,1,0.5715374,9,2
1,1,0.94976234,6,1
0,0,0.00025340196,6,1
0,0,0.18941915,8,2
1,1,0.9861463,1,2
1,0,0.096526,6,2
0,0,0.42571947,8,2
0,0,0.463699,9,2
0,1,0.8716973,8,2
1,1,0.912737,2,2
1,0,0.4168937,8,1
1,1,0.8905332,9,1
0,0,0.022175852,8,1
0,0,0.30426043,6,2
0,1,0.5923773,1,1
0,0,0.049445283,1,2
0,1,0.6657639,2,2
0,0,0.14731656,9,2
0,0,0.006724273,9,2
0,0,0.3827418,1,2
0,1,0.8539152,1,1
1,1,0.6783194,6,2
0,0,0.39182895,1,1
1,1,0.9538206,1,2
0,0,0.020092832,1,2
1,1,0.9542519,9,1
1,0,0.2916509,6,1
1,1,0.8262601,1,2
0,0,0.031808425,8,2
0,0,0.0097145755,1,2
0,0,0.35115734,2,2
0,0,0.0011623645,9,1
1,1,0.95233524,1,2
1,0,0.49127057,8,1
1,1,0.8621284,2,1
0,1,0.6595611,6,1
1,1,0.6720436,1,2
1,1,0.9963336,1,1
1,0,0.17327616,6,2
1,1,0.9323478,6,2
0,0,0.46158686,6,2
0,0,0.22155595,1,2
0,0,0.092699334,9,2
0,0,0.040112402,6,1
1,1,0.9205829,1,2
1,1,0.93410325,1,1
0,1,0.8489382,1,2
1,1,0.9222722,1,1
1,1,0.6505395,1,2
1,1,0.91370267,9,2
0,0,0.23592365,6,2
0,1,0.8485418,1,2
0,1,0.55171007,2,2
0,0,0.00022130324,1,2
1,0,0.29771286,2,2
0,0,0.013358127,1,1
1,1,0.992409,9,2
1,1,0.53238934,9,2
0,0,0.10160126,1,1
1,1,0.9374981,1,2
1,1,0.6950888,6,1
1,1,0.5997106,9,1
1,1,0.94160235,8,2
0,0,0.14556675,1,2
1,1,0.71909076,1,1
1,0,0.42005393,8,1
0,0,0.0027948497,6,1
1,1,0.80080724,1,2
1,1,0.97739697,6,1
1,0,0.046849407,5,2
0,0,0.0031650027,1,2
1,1,0.7835181,1,2
1,0,0.19313252,1,1
1,1,0.92518574,6,1
1,0,0.44056177,3,1
0,0,0.16710874,8,1
0,0,0.17683043,8,2
0,0,0.079735816,9,2
1,0,0.34774488,1,1
1,1,0.56492436,9,1
1,1,0.9563452,9,1
1,1,0.7500912,9,1
0,0,0.056755353,8,1
0,0,0.2651153,1,1
1,1,0.98772454,1,1
1,1,0.8446249,1,2
0,0,0.040554263,8,2
0,0,0.19182937,1,2
1,0,0.45323482,1,1
0,0,0.026277326,9,2
0,0,0.00019421465,8,2
1,1,0.96778136,6,1
0,0,0.06589754,9,1
0,0,0.0013664094,9,1
1,1,0.98620147,1,1
1,1,0.80970293,9,2
0,0,0.0038918548,2,2
1,1,0.85673213,6,2
1,1,0.8069733,8,2
1,1,0.91356504,1,2
0,0,0.43142185,3,2
0,0,0.020755215,6,2
1,1,0.896253,9,1
0,0,0.011457693,2,2
1,1,0.82643557,9,1
0,0,0.018109517,9,2
1,1,0.9247756,1,1
1,1,0.954229,6,2
0,0,5.6464003e-05,9,1
1,1,0.68416613,9,2
0,0,0.12683077,2,1
1,1,0.96944237,1,1
0,1,0.7755492,1,2
1,1,0.6288891,6,1
1,1,0.8100813,6,2
1,1,0.9355907,9,1
1,1,0.5129048,1,1
1,1,0.5893563,1,2
1,1,0.5287903,1,2
1,1,0.98471814,9,1
1,0,0.16556199,9,1
1,1,0.70531857,1,2
1,1,0.99335104,3,1
0,0,0.010846622,2,2
0,0,0.42790118,1,2
1,0,0.10262202,1,1
0,0,0.1082421,9,1
0,0,0.1145538,8,2
1,1,0.92188525,1,2
0,0,0.21675918,1,2
1,1,0.97452253,6,1
1,1,0.998164,1,1
0,0,0.002670494,8,2
1,1,0.8827761,1,1
0,0,0.008726023,8,2
1,1,0.99354136,8,1
1,1,0.78460723,1,1
0,0,0.071964554,8,1
1,0,0.1529682,1,1
0,0,0.35997543,1,2
1,1,0.73373866,1,2
0,0,0.0038374895,1,1
0,0,0.0045941276,1,1
0,0,0.03879926,9,1
1,1,0.8688113,6,2
1,1,0.5488751,6,2
1,1,0.5578596,1,2
0,0,0.0017598564,8,1
0,0,0.040387977,2,1
0,1,0.90180624,1,2
1,0,0.009255321,9,2
1,1,0.8491417,8,2
1,1,0.6070976,1,2
0,0,0.3734102,6,2
0,0,0.03075521,1,2
1,1,0.97721684,1,1
1,1,0.6694048,1,2
0,1,0.9281761,1,2
1,1,0.9160823,1,1
0,0,0.17361604,9,2
1,1,0.96526074,1,1
0,0,0.0011019296,8,2
1,1,0.6610058,9,2
1,0,0.44514355,8,1
0,1,0.8558433,1,1
1,0,0.34864703,9,2
0,1,0.8613713,6,2
1,1,0.9658653,6,1
1,1,0.8589001,6,2
1,1,0.61045504,2,2
1,1,0.96432376,1,1
0,0,0.43578213,6,2
1,1,0.94717276,1,2
1,1,0.6563092,8,2
1,1,0.9298579,1,1
0,0,0.09111799,9,2
1,1,0.83226645,9,1
0,0,0.011466899,1,1
1,1,0.88915646,1,1
0,0,0.012911129,1,2
1,0,0.12726898,1,1
1,0,0.4411584,6,1
0,0,0.37384456,8,1
1,1,0.99391806,1,1
1,1,0.808714,1,2
0,0,0.4877353,8,1
1,1,0.9137357,1,1
1,1,0.9895998,1,1
0,0,0.18824357,1,1
0,1,0.9562757,1,2
0,0,0.2626997,1,2
1,1,0.98403686,1,1
0,0,0.029671147,9,2
0,0,0.21655862,8,2
0,0,0.07287849,3,1
1,1,0.96776396,1,1
0,0,0.1665407,9,2
0,0,0.05861243,8,2
1,0,0.34308302,8,1
0,0,0.0338638,3,1
1,1,0.9155309,1,1
1,1,0.56069905,1,2
0,1,0.8109785,1,1
0,0,0.007915001,9,2
1,0,0.19007722,1,2
0,0,0.30019882,8,1
1,1,0.9823073,1,1
0,0,0.067208864,6,1
0,0,0.3299729,8,2
0,0,0.0049936483,1,1
1,1,0.96272403,8,1
0,1,0.8761693,8,1
1,1,0.9497911,1,1
0,0,0.4883156,1,1
0,0,0.012723307,9,2
0,0,0.079366535,8,2
1,1,0.76498586,1,1
0,0,0.04850127,8,2
1,0,0.27993578,1,1
0,1,0.899677,9,1
1,1,0.5917411,9,1
0,0,0.21472345,8,2
0,0,0.065292165,1,2
1,1,0.9756781,1,1
1,1,0.9290128,1,2
0,0,0.073630854,2,2
0,0,0.023697268,9,1
1,1,0.944159,1,2
0,1,0.6485419,8,2
1,0,0.43472695,9,2
1,1,0.8465872,1,1
1,0,0.110420786,9,2
1,1,0.68857914,9,2
1,0,0.3475236,1,2
1,1,0.90689504,8,2
1,1,0.5468313,6,2
1,1,0.8265258,6,2
0,0,0.014753691,6,2
0,0,0.041267235,5,2
1,0,0.26637614,1,1
1,1,0.70597476,1,2
0,0,5.7963225e-05,1,2
1,0,0.3534437,9,1
0,0,0.10522288,1,2
1,0,0.17601743,9,2
0,0,0.4352526,8,1
0,0,0.33447054,9,1
0,0,0.025621854,8,1
1,1,0.9304794,1,1
1,1,0.91264135,1,1
0,1,0.89703685,2,2
1,1,0.95655775,1,1
0,1,0.7609075,6,1
0,0,0.3539831,8,2
1,1,0.72804093,9,1
0,0,0.073381096,1,1
1,1,0.97247666,1,1
0,0,0.17718066,1,1
1,1,0.9072033,6,1
1,0,0.36074305,1,1
0,1,0.5173266,9,2
0,0,0.0039289636,1,2
1,1,0.80942774,6,2
1,1,0.9027618,1,1
1,1,0.997003,1,2
0,1,0.63294464,6,1
0,1,0.76121855,1,1
0,0,0.16189921,6,1
0,0,0.002853576,1,1
1,1,0.84303975,1,1
1,1,0.9485724,1,1
1,1,0.74489415,1,2
1,0,0.48685127,1,1
1,1,0.7575939,6,2
0,0,0.45404115,1,2
1,1,0.9873815,7,1
1,1,0.9766657,6,1
1,1,0.99265677,9,2
0,0,0.0022760394,9,2
1,1,0.8256395,8,2
0,0,0.45102948,9,1
0,0,0.0093060685,6,1
0,0,0.17543143,8,2
1,0,0.29847658,1,1
0,0,0.049523205,9,1
0,0,0.1140906,8,1
0,0,0.43486163,2,1
1,1,0.7432243,7,2
1,1,0.95402104,6,2
0,0,0.1644975,8,1
1,1,0.85270524,9,1
1,1,0.90404546,2,1
1,0,0.41409627,1,2
0,0,0.04559994,6,2
1,1,0.68668306,9,1
0,0,0.02060564,8,1
0,0,0.30510738,6,1
1,1,0.96277726,6,2
0,0,0.02295598,6,1
0,0,0.0042653657,9,1
1,1,0.9102586,1,1
0,0,0.14367385,8,1
1,1,0.9623075,3,2
1,0,0.1843939,9,1
0,1,0.8108208,9,2
1,1,0.82364035,6,2
1,1,0.9120515,6,1
0,0,0.009263107,8,1
1,1,0.93365633,2,2
0,0,0.0052803596,8,2
1,1,0.9277579,6,1
0,0,0.28451094,8,1
0,0,0.08839915,8,1
1,1,0.96312845,1,2
0,0,0.25443012,3,1
1,1,0.9458686,6,2
0,0,0.40766633,1,2
1,1,0.9571077,6,1
0,0,0.10681074,6,2
1,1,0.9371036,9,2
1,1,0.69849795,1,2
0,0,0.04376832,8,1
0,0,0.12677321,8,1
1,1,0.60435605,1,1
1,1,0.75531006,1,1
1,1,0.77731335,1,1
1,0,0.40732053,1,1
0,0,0.007228003,6,1
0,0,0.08493382,8,2
1,1,0.8704969,1,2
0,0,0.0022720203,6,2
1,1,0.9356353,6,1
1,0,0.02218714,9,2
1,1,0.83340573,9,1
0,0,0.13658902,9,1
1,1,0.9264334,1,1
0,0,0.00037576334,1,1
0,0,0.22260527,1,2
0,0,0.007416267,1,2
0,0,0.4568682,6,2
0,0,0.0036512255,1,1
0,0,0.0036041117,1,2
0,0,0.0018840276,9,2
0,0,0.02129411,8,1
1,1,0.956208,1,2
1,1,0.9542163,6,1
1,1,0.98483247,1,2
1,1,0.8282012,9,1
1,0,0.07984062,6,2
1,1,0.6947123,1,1
0,1,0.7923083,8,2
0,1,0.9877307,1,2
1,1,0.55107874,1,1
0,0,0.29328293,9,1
0,0,0.02069229,1,2
1,1,0.94229746,6,2
0,0,0.1601483,2,1
0,0,0.0735923,8,2
1,1,0.8389434,1,1
0,0,0.021978162,1,2
0,1,0.6239535,1,1
0,0,0.0018516206,1,1
0,0,0.00066101545,1,1
1,1,0.9186051,1,2
0,0,0.021875134,9,2
0,0,0.0027905272,2,1
0,0,0.13122423,9,1
0,0,0.38245288,8,1
0,0,0.0033011339,1,1
0,0,0.22617105,1,2
0,1,0.7422612,1,2
0,1,0.5315384,9,1
0,1,0.6969151,6,1
1,0,0.27573395,2,2
1,1,0.9267884,9,2
1,0,0.43346012,1,1
1,1,0.8944824,6,1
1,1,0.948862,6,2
1,1,0.7950917,1,1
1,0,0.16287991,8,1
0,0,0.25467613,6,2
0,0,0.014770627,8,1
0,1,0.8511406,1,1
1,1,0.94025606,2,2
0,0,0.008246063,9,2
0,0,0.018053725,1,2
1,1,0.9785096,1,1
0,0,0.2678237,1,1
0,0,0.27720076,8,1
0,0,0.00037154887,9,1
1,0,0.3280955,1,1
0,0,0.041138142,8,2
0,0,0.46920156,8,1
0,0,0.11201177,1,2
1,1,0.9007675,1,2
0,0,0.14140917,1,2
0,0,0.07681023,1,2
0,0,0.0062529077,1,2
0,0,0.2305936,8,1
0,0,0.38012686,1,1
0,0,0.05788656,1,1
0,0,0.15525915,8,2
1,0,0.46240106,1,1
1,1,0.64437747,1,1
1,1,0.870166,1,2
1,0,0.2822617,2,2
0,0,0.08427119,1,2
0,0,0.0893232,1,2
0,0,0.13849732,8,1
1,1,0.965137,1,1
0,0,0.42251173,1,2
0,0,0.49272084,1,2
0,0,0.30931586,1,1
0,1,0.89415395,9,1
1,0,0.1422862,8,2
1,1,0.8945597,6,2
0,0,0.09820543,9,2
0,1,0.83671236,6,2
1,1,0.6019746,1,2
0,0,0.3785126,6,2
0,0,0.023640644,2,2
0,0,0.026275277,8,2
1,1,0.97221375,1,2
1,1,0.8773337,1,2
1,1,0.9283158,1,1
1,1,0.9324621,1,2
1,1,0.663261,1,1
1,0,0.12422308,9,2
1,1,0.6245684,6,2
0,0,0.2387963,9,2
1,1,0.85062885,1,2
0,0,0.034003913,8,1
0,0,0.01944707,8,2
1,1,0.89895564,1,1
0,1,0.9328273,1,1
1,1,0.7645752,9,1
1,1,0.94188166,1,1
1,1,0.949601,2,1
0,0,0.29608408,9,1
0,0,0.041036222,1,1
1,1,0.9160216,1,2
0,0,0.39839447,9,1
0,1,0.60616404,1,1
0,1,0.685501,9,2
1,0,0.055300552,9,2
1,1,0.9188339,1,2
0,0,0.0011086367,9,2
1,1,0.9777629,1,2
1,1,0.57894355,1,2
1,0,0.37749514,1,2
1,1,0.97142965,2,2
0,0,0.03360017,1,1
1,1,0.6792715,9,2
0,0,0.04995953,1,1
1,1,0.87854135,1,1
1,1,0.989571,6,1
0,1,0.61694765,1,2
1,1,0.5710845,8,1
1,0,0.2894837,1,2
0,0,0.32952422,1,2
1,0,0.4094328,1,1
1,1,0.6617801,1,1
0,0,0.0060144984,8,2
1,0,0.26381382,8,2
0,0,0.050262515,1,1
0,1,0.93470657,1,2
0,0,0.027660817,8,1
1,1,0.8260496,9,1
0,1,0.55115503,1,1
0,0,0.42285553,2,2
0,0,0.057296857,1,2
1,1,0.9233556,9,1
0,0,0.37699696,6,2
0,0,0.34787098,6,2
1,1,0.855475,9,1
1,0,0.01821936,6,1
0,0,0.10958674,1,1
0,1,0.54277056,8,2
0,0,0.16978195,8,1
0,1,0.53418994,1,1
1,1,0.9338975,6,1
1,1,0.64217395,8,1
1,1,0.6196093,1,2
1,1,0.7169577,1,2
0,0,0.005900459,9,1
0,0,0.17473096,1,2
0,0,0.07341891,8,1
0,0,0.2514429,8,1
1,1,0.98593605,1,1
1,1,0.90856874,1,2
0,1,0.6402119,9,1
1,1,0.9437218,1,2
0,1,0.5878488,8,2
0,0,0.019581076,9,2
1,1,0.8247674,1,2
0,0,0.0016791694,8,2
0,0,0.13522635,1,2
0,1,0.5630889,9,1
0,1,0.6898342,9,1
0,0,0.46539584,8,2
0,0,0.039897524,8,2
0,0,0.0123563465,8,1
1,1,0.9166342,6,1
1,1,0.977359,1,1
0,0,0.0045314594,8,2
1,1,0.9725363,1,1
0,1,0.5280577,8,2
0,0,0.00065690256,9,2
0,0,0.027839802,8,1
0,0,0.0023154214,8,2
1,1,0.9332961,6,2
1,1,0.7362061,1,2
0,0,0.102962665,8,2
1,1,0.7014705,3,1
0,0,0.029133352,1,2
1,1,0.6403583,6,1
1,1,0.8505756,1,1
1,0,0.27992463,1,2
1,1,0.96081924,9,1
1,0,0.1609964,6,1
1,1,0.6723146,9,2
1,1,0.66063964,9,1
0,0,0.009885184,6,1
1,1,0.7943186,1,1
0,0,0.07685481,8,2
1,1,0.69440913,8,2
0,0,0.30232936,2,1
0,0,0.002933406,9,2
1,1,0.9196843,1,2
1,1,0.9269624,6,2
1,1,0.5468267,6,2
0,0,0.00653275,9,2
0,0,0.010392226,9,2
1,1,0.9110086,1,1
0,1,0.7300671,6,2
0,1,0.5501253,8,2
0,1,0.95970964,1,1
0,0,0.0034162267,9,1
0,1,0.8074522,1,1
0,1,0.85295373,9,2
1,1,0.8815093,6,1
1,1,0.93465394,9,1
0,0,0.08154229,6,2
1,1,0.7006245,6,1
0,0,0.11215446,8,1
0,1,0.65577936,1,2
1,1,0.60859627,6,1
1,1,0.9194055,1,1
0,0,0.0709735,1,1
0,1,0.55830353,1,1
1,1,0.9969951,6,2
1,1,0.9642478,9,1
1,1,0.59404165,8,2
1,1,0.80025905,1,2
0,0,0.0005034339,3,2
1,1,0.96508515,1,2
0,0,0.009425215,1,1
1,1,0.58783686,9,1
1,1,0.9226029,1,1
1,1,0.6988657,6,2
1,1,0.90379757,1,2
0,1,0.7145329,8,1
1,0,0.40015042,1,1
0,0,0.13807057,6,2
1,0,0.4800701,1,2
1,1,0.7852633,1,2
1,1,0.9068062,1,1
0,0,0.08522354,1,2
0,0,0.057567947,2,1
0,0,0.035742696,3,2
0,1,0.6964494,1,1
0,0,0.008176444,6,2
1,1,0.5584676,9,2
1,1,0.6760896,9,1
1,1,0.9710623,1,1
1,1,0.8354408,8,1
0,0,0.096193545,8,1
0,0,0.45814148,8,1
1,1,0.9073932,1,1
0,0,0.0436726,6,2
1,1,0.5854692,1,2
1,1,0.9082573,1,1
0,0,0.0065786745,9,1
0,0,0.2953145,1,2
0,0,0.009102543,9,2
0,0,0.0035987985,2,2
1,1,0.9758464,6,2
1,1,0.92724895,9,2
0,1,0.80564666,1,1
1,1,0.6179353,9,1
1,1,0.9776865,1,2
0,0,0.020594535,3,2
0,0,0.1453938,1,1
0,0,0.0380225,9,2
0,1,0.831659,6,2
1,1,0.94229007,1,2
0,0,0.00064840197,6,2
0,0,0.020852868,1,1
0,0,0.456199,6,2
0,1,0.5419361,8,1
0,0,0.0063805226,8,2
0,0,0.14029418,6,2
0,0,0.3351973,6,1
1,0,0.30531505,9,2
1,1,0.97091115,1,1
0,0,0.2634713,6,2
1,1,0.81787,9,1
0,0,0.23831543,8,1
0,0,0.264074,9,1
0,0,0.031193063,9,1
1,0,0.20583686,9,1
0,0,0.20252798,8,2
1,0,0.4204841,1,2
1,1,0.8170668,1,2
1,0,0.46799207,1,2
0,0,0.002715693,1,1
1,1,0.9717442,6,1
0,1,0.67654383,1,2
0,0,0.4867085,1,2
1,1,0.905289,6,2
0,0,0.34093726,9,2
0,0,0.34461337,8,1
0,0,0.0004950086,9,2
0,0,0.3712956,6,1
1,1,0.99131304,1,1
1,1,0.5066422,6,1
1,1,0.92841816,2,2
0,0,0.3553213,1,1
1,0,0.29662585,9,2
1,1,0.73356014,1,1
1,0,0.15007633,1,2
1,1,0.99614716,1,2
1,0,0.11330824,1,2
1,1,0.87381285,1,1
1,1,0.8295314,9,1
0,0,0.05508401,1,1
1,1,0.7789938,1,1
1,1,0.9256062,1,1
1,0,0.30046582,8,1
1,1,0.5149816,1,1
0,0,0.13551885,8,1
0,0,0.32634652,1,1
1,1,0.62948674,1,1
1,1,0.969283,6,1
0,0,0.18292448,1,1
1,1,0.64171827,3,2
1,1,0.99005413,1,2
1,1,0.9256053,1,2
0,0,0.052098215,8,2
0,0,0.08243998,6,2
0,0,0.33057967,6,2
1,0,0.22992693,2,2
0,0,0.09919292,6,2
0,0,0.02108493,1,1
0,0,0.0020345517,6,1
0,1,0.7522911,8,1
0,1,0.5220801,1,2
0,0,0.0047743656,9,1
1,1,0.9723812,1,1
1,1,0.93492687,1,1
1,0,0.16649795,1,2
0,0,0.06703414,8,1
1,1,0.9402506,1,1
1,1,0.774932,1,2
1,0,0.18997434,2,1
1,1,0.68786377,1,2
1,1,0.675984,1,1
1,1,0.7058577,6,1
0,0,0.07075393,8,2
0,0,0.033624683,1,1
1,1,0.91942304,1,2
1,0,0.15568121,8,1
1,0,0.14586239,8,1
1,1,0.7895446,2,1
1,1,0.7549282,1,1
1,1,0.9398801,1,1
0,0,0.13285056,8,2
1,1,0.51899266,8,1
0,0,0.0033761405,8,1
0,0,0.028745914,9,2
1,1,0.7413158,6,1
0,1,0.8749494,1,1
1,1,0.7675857,1,2
0,0,0.024629027,6,2
0,0,0.16953316,1,1
1,1,0.99144065,6,1
1,1,0.9895997,1,1
0,1,0.6410149,9,1
1,1,0.98791647,1,2
0,0,0.0047976663,6,2
0,0,0.00749968,9,2
0,0,0.13931379,2,1
1,1,0.75178915,1,1
1,1,0.79702723,6,1
0,0,0.35025263,9,1
0,0,0.33864337,1,2
1,1,0.80344725,9,1
0,0,0.028027564,1,2
1,1,0.9633344,1,1
0,0,0.0002676198,8,1
0,0,0.022192474,1,2
1,0,0.12128624,1,2
0,0,0.26879182,5,1
0,1,0.97749,1,1
1,1,0.9195794,9,1
1,1,0.95577145,6,2
0,0,0.2905932,1,2
1,1,0.8580728,1,1
1,1,0.85886824,9,1
0,0,0.22676076,8,1
1,1,0.5607352,1,1
1,1,0.8837192,6,2
1,1,0.88654983,1,2
0,0,0.14984746,1,2
0,1,0.8557571,6,2
0,1,0.90073586,1,2
0,0,0.2803315,8,1
1,1,0.6941973,9,2
0,0,0.001898321,8,2
1,0,0.19415225,6,1
0,0,0.0061327973,8,2
0,1,0.5773119,6,1
1,0,0.45278704,8,1
0,0,0.07251,2,2
1,1,0.98700106,1,1
1,1,0.93528795,1,2
0,0,0.060222935,8,1
0,0,0.25126514,9,1
0,0,0.030536968,8,2
0,0,0.004820659,1,2
0,0,0.007169784,1,2
1,0,0.2638003,9,2
1,1,0.86997753,1,1
0,0,0.3103442,6,1
1,1,0.9414364,6,1
0,0,0.0007824394,8,2
1,1,0.6986747,2,2
1,1,0.9787946,6,1
1,1,0.9179552,1,1
1,1,0.87047404,1,1
0,0,0.0050142487,7,2
1,1,0.68043923,1,2
1,1,0.98924834,1,2
1,1,0.7699865,1,2
0,0,0.025644882,1,1
1,1,0.864677,6,1
1,1,0.97138906,1,1
1,0,0.36407027,8,1
0,0,0.113280624,3,2
0,1,0.5680874,9,1
0,0,0.0047903066,6,2
0,0,0.021899363,8,1
0,1,0.6468672,8,1
1,1,0.8540175,8,1
1,1,0.96227795,1,1
1,0,0.17038418,6,1
1,0,0.3601448,1,2
1,1,0.9734977,1,2
0,0,0.05813054,1,1
0,0,0.030669292,2,2
0,0,0.02133202,9,2
0,0,6.671824e-05,1,1
0,0,0.13435149,9,2
1,1,0.9228407,6,2
0,0,0.21434212,1,2
0,0,0.47990802,8,1
0,0,0.02349718,1,1
1,1,0.78372455,6,2
0,0,0.029117031,1,2
0,0,0.0047766026,9,1
0,0,0.19498535,6,1
0,0,0.20975518,9,1
1,1,0.6513329,1,2
0,0,0.024166342,9,1
1,1,0.88111764,1,2
0,0,0.49330065,8,1
1,1,0.71169865,1,2
0,0,0.17446844,2,1
0,0,0.19772695,1,2
1,1,0.91709423,6,2
1,0,0.1316788,1,1
0,1,0.99394166,1,1
0,0,0.053998355,8,1
0,1,0.528702,6,1
0,0,0.005663471,1,2
0,0,0.16721231,6,2
1,1,0.6460926,1,2
1,1,0.6048373,1,1
0,0,0.034652513,1,1
1,1,0.93181247,6,2
0,1,0.67124474,7,2
1,0,0.30442837,6,2
0,0,0.10250497,8,2
0,0,0.21490829,9,2
0,0,0.002595943,6,2
1,0,0.4536315,1,2
0,0,0.040703677,1,2
0,0,0.1345316,9,1
0,0,0.17413606,8,2
1,1,0.6152335,8,2
1,1,0.66257113,6,1
0,0,0.036960687,8,1
1,1,0.9456204,1,2
1,0,0.04692386,9,2
1,1,0.9983277,6,1
1,1,0.9706405,1,1
1,1,0.76662207,1,1
0,0,0.004949674,2,1
1,1,0.55240166,1,1
0,0,0.19011849,6,1
0,0,0.003014114,1,2
1,0,0.3456011,1,2
1,1,0.60631025,1,1
0,0,0.0010589805,6,2
1,1,0.6358236,9,1
1,1,0.62344265,1,1
1,0,0.48603347,1,2
1,1,0.83589077,1,2
1,1,0.83312696,1,1
0,0,0.12740506,3,1
1,1,0.9846038,1,1
1,1,0.569861,8,1
1,1,0.8058723,6,2
1,1,0.6499354,2,1
0,0,0.050796952,9,2
0,1,0.7610015,1,2
1,0,0.38897407,1,1
0,0,0.001801497,6,2
1,1,0.7154845,6,2
0,0,0.2754711,9,1
1,1,0.5563426,1,1
1,1,0.9254267,2,2
0,0,0.0332139,8,2
0,0,0.32095584,9,1
0,0,0.12242814,8,1
1,1,0.91495377,6,2
0,0,0.0019284118,1,1
1,1,0.92732817,1,1
0,0,0.00037137518,9,2
1,1,0.98935777,1,2
1,1,0.7021844,9,2
1,1,0.8287093,8,1
1,1,0.68624616,1,1
1,1,0.720004,1,1
1,1,0.82047194,1,2
0,0,0.35266435,6,1
0,0,0.0050977403,8,2
0,0,0.0012385849,8,2
1,1,0.8632933,9,2
1,1,0.76438826,1,1
0,0,0.052145924,6,2
1,1,0.668711,6,2
0,0,0.013811839,1,1
1,0,0.3755552,8,2
0,0,0.0021192196,6,2
0,1,0.8013768,1,2
0,0,0.09976327,1,2
1,0,0.19495274,6,2
1,1,0.9605347,6,2
0,0,0.009782546,6,2
0,0,0.2076176,1,2
0,0,0.07547422,8,2
1,1,0.7544184,8,2
0,0,0.07144004,8,2
1,1,0.87184703,6,2
1,1,0.9462049,1,1
0,0,0.110895835,1,1
0,1,0.89676666,6,2
1,1,0.78606874,1,1
0,1,0.7552764,1,2
0,0,0.32546574,6,1
0,0,0.18472114,1,1
1,0,0.25825387,8,2
0,0,0.008462887,8,1
1,0,0.48846087,1,1
0,0,0.08289616,8,2
1,0,0.025256924,1,2
0,0,0.02384571,3,1
0,0,0.046072144,1,1
0,0,0.1561248,6,2
0,0,0.15084854,8,1
0,0,0.2549151,8,1
0,0,0.07963947,1,1
0,0,0.042753596,1,1
0,0,0.0036456562,9,2
1,1,0.9882576,9,1
1,0,0.11947011,8,1
1,1,0.97125363,1,2
0,0,0.3801876,6,2
1,1,0.91544193,1,2
1,1,0.9561899,1,1
0,0,0.12723741,8,1
1,1,0.6625504,1,1
1,1,0.96792555,1,1
0,0,0.038704194,9,2
1,1,0.6832925,1,2
1,1,0.84702647,1,2
0,0,0.06590321,8,1
1,1,0.9806173,6,2
1,1,0.8412778,1,1
1,0,0.27771077,1,2
0,0,0.02736278,8,2
0,1,0.8523737,6,1
1,1,0.76832557,1,2
1,1,0.9080731,9,1
1,1,0.9281373,6,2
1,1,0.5664437,1,1
0,0,0.0071713016,9,1
1,0,0.41719267,9,1
1,1,0.88516855,1,1
0,0,0.044993274,8,2
0,0,0.22285992,9,2
0,0,0.16151844,9,2
1,1,0.7548968,1,1
0,0,0.003741428,9,2
0,0,0.0016097388,1,1
0,1,0.9259268,1,2
1,1,0.80208576,1,1
0,0,0.2680727,1,1
0,1,0.7934969,1,1
1,1,0.84356064,1,2
0,0,0.00015178013,9,2
0,0,0.20208624,8,2
1,1,0.87294394,8,1
1,0,0.29344878,1,2
0,0,0.23909375,1,1
0,0,0.26241076,2,2
0,0,0.08656819,9,2
1,1,0.562599,6,1
1,1,0.88328683,1,2
0,0,0.00035893297,9,1
1,1,0.5753757,6,2
0,0,0.048638277,8,1
1,1,0.7803935,6,1
0,0,0.037052672,8,1
0,0,0.027830066,8,2
0,1,0.8814048,6,2
0,0,0.17734307,1,2
1,1,0.942604,6,1
1,1,0.6489676,1,1
1,1,0.83689326,1,1
1,1,0.9862488,1,1
1,1,0.6604662,1,2
1,1,0.989051,1,1
0,1,0.94035405,1,2
0,0,0.17600672,8,2
1,1,0.8605077,1,1
1,1,0.92642796,9,2
0,0,0.17920803,8,1
1,1,0.8456752,1,2
0,0,0.040989954,1,2
1,1,0.75441873,1,1
1,1,0.9827237,1,1
0,1,0.63288724,1,2
0,0,0.101569995,1,2
1,1,0.87815976,6,1
0,0,0.2787475,6,1
1,1,0.8959281,1,1
1,1,0.96344316,1,1
0,0,0.10656696,8,2
1,1,0.69918793,1,1
1,1,0.93296474,6,2
0,0,0.27679875,9,1
1,1,0.9137964,8,1
1,1,0.72030956,6,2
1,1,0.86803144,2,2
1,1,0.9074151,6,1
0,1,0.52872026,7,1
0,0,0.024761003,8,2
1,0,0.30181888,8,2
1,1,0.5309991,1,2
1,1,0.87802804,1,2
0,0,0.3057612,8,1
1,1,0.914857,9,1
0,0,0.001236369,9,2
1,0,0.32444578,1,1
0,0,0.01927601,1,1
1,1,0.94766515,8,1
1,1,0.8972027,1,1
0,0,0.011479803,6,2
0,0,0.094874494,8,2
1,1,0.66434515,1,2
0,1,0.73263425,1,1
0,0,0.012567167,6,1
0,0,0.020295719,8,2
1,1,0.8589587,8,1
0,0,0.48424104,9,1
0,0,0.06670098,9,2
0,0,0.0037548232,8,1
0,0,0.06150334,9,1
0,0,0.061526127,9,1
0,0,0.0053185434,6,2
1,1,0.95365155,9,1
0,0,0.21935658,9,2
1,1,0.9909547,1,1
1,1,0.9554404,1,1
0,0,2.3344923e-05,1,2
1,1,0.9133128,1,2
0,0,0.15088709,8,2
0,0,0.46394047,8,1
0,0,0.02972777,8,1
0,0,0.34166655,6,1
0,0,0.036234025,1,2
0,0,0.0032402957,1,1
0,0,0.050405532,8,2
0,0,0.0044173463,8,2
0,0,0.48923412,2,2
0,1,0.6036504,1,2
0,1,0.9136205,1,2
1,0,0.4015644,6,1
1,1,0.95766073,1,2
0,0,0.0173084,8,2
1,1,0.93970895,1,2
1,1,0.7173299,9,2
1,1,0.9370194,1,1
0,1,0.8592306,1,1
0,0,0.14348362,8,1
1,1,0.75314856,6,2
0,0,0.00012162942,6,2
0,0,4.0977924e-05,1,2
0,0,0.4585767,8,1
1,1,0.9651747,1,1
0,0,0.32263914,8,2
1,1,0.8870434,1,2
0,0,0.023861581,8,1
0,1,0.7317184,9,2
1,1,0.9441725,1,1
1,1,0.92503726,1,1
0,1,0.5634941,8,2
0,0,0.28885594,1,1
1,1,0.7075072,9,2
1,1,0.62951446,6,2
0,0,0.08253782,1,2
1,0,0.44357386,6,1
0,0,0.23528968,9,1
0,0,0.031625994,8,2
0,0,0.008889658,8,2
1,1,0.9842014,1,2
0,0,0.4691862,1,1
1,1,0.84521663,1,1
1,1,0.704182,9,1
0,0,0.053567488,8,1
1,1,0.98053485,1,1
1,1,0.9898392,2,1
1,1,0.73122627,9,2
0,0,0.009385561,8,2
1,1,0.99688125,1,1
0,0,0.43479997,9,1
0,0,0.09478722,9,1
0,0,0.00017085992,1,1
0,0,0.1414029,8,1
0,0,0.028444553,1,1
0,0,0.0017073277,8,2
1,1,0.95822024,8,1
0,0,0.11472995,6,2
1,1,0.77991605,2,2
1,1,0.92270285,1,1
0,0,0.18301041,8,1
1,1,0.9096176,6,1
0,1,0.9555544,1,1
1,1,0.9843061,6,1
1,1,0.7287541,1,2
1,0,0.015214554,8,1
1,1,0.7648167,1,1
0,0,0.07626105,6,1
1,1,0.94007427,1,2
0,0,0.012891375,1,2
0,1,0.8339707,9,2
0,0,0.22303021,6,2
0,0,0.45429972,1,1
1,1,0.78924996,1,1
0,1,0.67183334,2,2
0,0,0.0023208363,1,2
0,0,0.20739847,6,1
1,1,0.918932,6,1
0,0,0.004917804,6,2
1,0,0.48698258,1,2
1,1,0.82114166,8,1
1,1,0.98062974,1,1
0,0,0.02275424,9,1
1,1,0.8209664,9,2
0,0,0.061652813,1,1
0,1,0.8144037,9,2
1,1,0.5908691,1,1
0,0,0.00010314234,9,1
0,1,0.7103857,1,1
0,0,0.019697249,8,2
0,0,0.017471993,9,1
1,1,0.91427046,9,1
1,1,0.6367052,8,1
0,0,0.0011062988,6,2
1,0,0.17571102,1,2
0,1,0.95001966,1,1
1,1,0.7851389,1,2
1,1,0.59610957,1,2
1,1,0.713869,8,1
1,0,0.014221589,8,1
0,0,0.012014016,6,1
0,1,0.6773426,9,2
0,1,0.85078126,5,2
0,0,0.08677107,8,1
1,1,0.9895051,1,2
0,1,0.9518965,1,2
1,1,0.9114585,8,2
0,0,0.09151621,1,2
1,1,0.9823543,1,1
0,0,0.23483256,6,2
0,0,0.044502404,9,1
1,1,0.5639998,1,2
0,0,0.14294124,1,1
1,1,0.9949013,6,2
0,0,0.21221054,8,1
0,0,0.12484766,1,2
0,0,0.36241394,1,2
0,0,0.18326196,9,1
1,1,0.9779073,1,1
1,1,0.9232225,1,1
1,1,0.9573096,1,1
1,1,0.9299823,1,1
1,0,0.3542411,6,1
1,1,0.8961,3,1
0,0,0.42430705,1,1
1,1,0.9183937,9,2
0,0,0.11483677,9,1
0,0,0.1834095,8,2
1,1,0.83053577,1,2
0,0,0.43165419,1,2
1,1,0.99714005,9,1
0,1,0.934808,8,2
0,0,0.055996887,9,2
1,1,0.8787139,1,1
0,0,0.20099017,8,1
1,1,0.98645836,1,2
1,0,0.22335148,1,2
0,1,0.9090063,1,2
1,1,0.8133201,6,2
1,1,0.84825134,1,1
0,0,0.38328803,8,1
1,0,0.4916979,1,2
0,1,0.813605,9,1
0,1,0.93119305,6,2
0,0,0.0752434,9,1
1,0,0.44868502,9,2
0,0,0.37416652,9,2
1,1,0.83217,1,1
1,1,0.5030809,9,2
0,1,0.85960954,1,2
0,0,0.030375201,8,2
0,0,0.0026610733,2,2
0,1,0.93105954,1,2
1,1,0.9817571,8,2
0,0,0.007181028,9,1
0,0,0.01618672,9,2
0,0,0.004777047,6,2
0,0,0.48659417,8,1
0,0,0.3724527,9,1
1,0,0.18620205,1,2
0,0,0.0009434992,8,2
1,1,0.93469477,1,1
0,0,0.025552459,8,2
0,0,0.13071771,1,2
0,0,0.43754557,6,1
0,0,0.021602293,1,2
1,1,0.85207677,6,1
0,0,0.016854765,9,1
0,0,0.007951757,9,2
0,0,0.0999386,6,1
0,0,0.24603926,1,1
0,0,0.020121858,8,1
1,0,0.25323033,8,2
1,1,0.82369167,1,1
1,0,0.3350095,9,1
1,0,0.14458933,6,2
1,1,0.9737988,1,1
1,1,0.9588552,1,2
1,1,0.9751524,1,1
0,0,0.024532717,6,2
1,1,0.5533091,1,2
1,1,0.8434711,6,2
0,0,0.06592749,9,2
0,0,0.10906129,6,2
0,0,0.10540029,8,1
0,0,0.49318168,1,2
1,0,0.28809842,6,2
0,1,0.88809663,2,1
0,0,0.0104292575,9,2
1,1,0.90263677,1,1
1,0,0.2052649,6,2
0,0,0.10785248,8,1
1,1,0.98126286,1,1
1,1,0.6736181,1,1
1,1,0.93829125,1,1
0,0,0.00083413033,9,2
1,1,0.54853916,9,1
0,1,0.8410266,6,2
0,0,0.36750972,8,2
0,0,0.11495455,9,1
0,0,0.0012608381,9,1
0,0,0.0036033273,1,2
1,1,0.5638431,9,2
1,1,0.9002013,9,2
0,1,0.6151047,9,1
0,0,0.0025431253,8,1
1,1,0.96065956,6,1
1,0,0.10904303,1,1
1,1,0.66971374,9,2
1,1,0.9758046,1,1
1,1,0.93555385,1,2
0,0,0.022709336,8,2
0,1,0.68562186,9,2
1,0,0.29974788,8,2
0,0,0.14855725,8,1
1,1,0.7717328,1,2
1,1,0.8350769,9,2
1,1,0.99734193,1,1
0,0,0.18494555,1,2
0,0,0.029515363,1,1
1,1,0.8096566,6,2
1,0,0.44804382,2,2
0,0,0.27906427,6,1
1,0,0.23203012,1,2
0,0,0.013608438,1,1
1,1,0.9489859,6,1
1,1,0.6541391,8,1
0,1,0.9426346,1,2
1,1,0.8054779,1,2
0,1,0.50375164,6,2
0,0,0.034711298,3,1
1,1,0.6142962,6,2
0,0,0.026206564,8,2
0,0,0.015747646,1,2
1,1,0.9530724,6,1
0,0,0.02574287,2,1
1,0,0.4187627,3,2
0,0,0.034217052,8,2
0,0,0.022208896,8,2
1,1,0.92525244,6,1
1,0,0.44675496,6,2
1,1,0.9514162,1,1
0,0,0.07013061,1,1
0,1,0.5861529,8,2
0,0,0.0029799955,9,1
1,1,0.7633337,1,2
0,1,0.91358185,6,1
1,1,0.94777983,1,1
0,0,0.48676297,1,1
0,0,0.41687164,9,2
0,1,0.6673317,1,2
0,1,0.7929333,9,1
1,1,0.9685325,6,2
1,1,0.8842949,6,1
0,0,0.012131267,1,1
1,1,0.81623936,1,1
0,0,0.1987913,1,2
0,0,0.29418537,3,1
0,1,0.53614557,1,1
1,1,0.7137175,1,2
0,0,0.005895016,8,2
0,0,0.13489212,6,2
1,1,0.7245028,1,2
1,1,0.9471854,1,1
0,0,0.0067569315,1,2
0,0,0.015618974,9,2
0,0,0.24129452,2,2
1,1,0.73277813,9,1
0,0,0.03138888,1,1
0,0,0.07219844,1,1
1,1,0.9401083,1,2
0,0,0.0055791,6,2
0,0,0.00931388,9,2
0,0,0.020092057,6,2
0,0,0.28124437,1,2
1,1,0.9104646,1,2
0,0,0.018700242,1,2
0,1,0.8938848,9,2
0,0,0.0027820147,9,2
0,0,0.028256211,9,1
0,1,0.8750298,1,1
1,1,0.9241088,6,1
1,1,0.86467826,1,1
1,0,0.35331297,1,2
1,1,0.97437865,1,1
1,1,0.995161,6,1
1,1,0.8439792,9,2
1,1,0.7798067,8,1
0,0,0.083180584,6,2
0,0,0.0039243535,2,1
1,1,0.9671158,1,2
0,1,0.5728724,6,2
1,1,0.8843927,6,1
1,1,0.7740129,1,1
0,0,0.13845886,8,2
0,0,0.39888144,8,2
1,0,0.11666729,8,1
0,1,0.69267213,1,1
0,0,0.12908858,9,1
0,1,0.8061942,9,1
1,1,0.53866947,2,2
0,1,0.56436354,1,1
0,0,0.023004135,1,2
0,0,0.16315177,8,2
1,0,0.13969636,6,2
0,1,0.70151967,1,2
0,0,0.001088933,1,2
1,1,0.6532551,9,2
1,0,0.0053283675,8,2
0,0,0.24290805,1,1
1,1,0.70984226,1,1
1,1,0.9558901,1,2
0,0,0.15147826,8,1
1,1,0.8201678,1,2
1,0,0.3652323,6,2
0,0,0.28914905,8,1
0,0,0.05309092,1,1
1,0,0.42785048,8,2
1,0,0.37583604,2,2
0,0,0.2998008,8,1
1,1,0.93470156,6,2
0,0,0.007655989,6,2
0,0,0.06259926,8,2
0,0,0.017904764,8,1
1,1,0.87734526,1,1
1,1,0.99878484,1,1
0,0,0.057312775,1,2
1,1,0.72787565,6,2
0,0,0.14902832,6,2
0,0,0.4973478,6,1
1,0,0.09597837,1,1
0,1,0.61664516,8,2
1,1,0.6075788,1,1
1,0,0.44299048,2,1
0,1,0.92600757,1,2
0,0,0.0578013,8,2
0,0,0.094758615,2,2
1,1,0.7287519,1,1
1,1,0.9116151,1,1
0,0,0.46848106,8,2
1,1,0.97694516,6,2
1,1,0.7040704,8,1
1,0,0.22963385,2,2
1,1,0.8518898,9,2
1,1,0.77671885,9,2
0,0,0.11193176,6,2
0,0,0.02860492,6,1
1,1,0.9891262,1,1
1,1,0.77668446,9,2
1,1,0.9644168,2,2
0,0,0.3556547,9,1
1,0,0.3803477,9,1
0,0,0.0055869063,1,1
0,1,0.8356295,6,1
0,0,0.059099823,2,2
1,0,0.31750655,1,2
1,0,0.31216207,1,2
0,1,0.7983334,8,2
1,1,0.65940505,2,1
0,0,0.044962212,1,1
0,0,0.01550201,8,2
1,1,0.8663883,6,1
0,0,0.0039686607,8,1
1,1,0.5839957,8,1
0,1,0.54426295,8,1
1,1,0.71042216,9,1
1,1,0.988025,6,1
0,0,0.026883893,1,2
0,0,0.0031336201,3,2
0,0,0.03870259,1,2
1,0,0.36344963,8,1
0,0,0.034004375,8,2
0,1,0.8300316,8,2
1,1,0.98344177,6,1
1,1,0.8786376,1,1
1,1,0.9706293,6,2
0,0,0.0007430578,9,1
0,0,0.36641178,9,2
1,1,0.85231274,9,1
0,0,0.07515744,9,1
1,1,0.97122544,1,1
1,1,0.96896386,6,1
0,0,0.043712523,8,2
0,0,0.051511414,6,2
0,0,0.01425508,8,1
0,0,0.022987317,1,1
1,0,0.1296012,9,2
0,0,0.049968276,8,1
1,1,0.989326,1,1
0,0,0.1436774,1,1
1,1,0.6956741,9,1
0,0,0.0068916674,6,1
0,0,0.22747336,8,1
1,1,0.9277626,1,2
0,0,0.0004879655,9,2
0,0,0.0028459488,8,2
0,1,0.85418564,6,1
0,0,0.40538323,6,1
0,0,0.04608086,8,1
0,0,0.18432176,8,1
1,1,0.97022814,1,1
0,0,0.011102991,9,1
0,0,0.07963821,8,1
1,1,0.8825023,1,1
1,1,0.7434831,6,2
0,0,0.08674676,1,2
1,0,0.4979601,1,2
0,0,0.0041021924,9,2
1,1,0.75767034,1,1
0,0,0.003796733,1,1
1,1,0.8526365,1,2
0,0,0.25095025,1,1
1,1,0.8604405,9,1
0,1,0.7049656,6,1
1,1,0.9911891,9,1
0,1,0.86655647,1,1
0,0,0.17699656,8,2
1,1,0.6800871,1,2
1,1,0.98686165,6,2
1,0,0.33111864,1,1
1,1,0.9408112,1,2
1,1,0.97796255,1,1
0,0,0.14477366,1,2
1,1,0.8199303,8,2
1,1,0.9284233,1,2
1,1,0.9088925,6,2
0,0,0.0033295078,1,1
0,1,0.6507032,9,2
0,0,0.19894035,6,2
0,0,0.043790605,9,2
1,1,0.861788,6,1
0,0,0.0038808344,3,1
1,1,0.81713957,1,2
1,1,0.96555895,9,1
1,1,0.94757223,1,2
0,0,0.0058213365,9,2
1,1,0.68524426,1,1
1,1,0.61900514,9,1
0,1,0.81739795,9,1
0,0,0.04992122,6,1
0,0,0.24084137,8,2
0,0,0.23145978,2,1
0,0,0.024554498,2,1
1,1,0.99636865,1,1
0,0,0.40863955,6,2
0,0,0.29833388,1,2
1,1,0.6879085,6,1
1,0,0.20577668,8,1
0,1,0.92788345,1,1
1,1,0.93278944,6,2
1,1,0.9689436,6,2
1,1,0.9091628,1,2
0,0,0.0034062688,9,2
1,1,0.75787824,1,2
0,0,0.37164363,8,1
1,1,0.8121788,1,2
1,1,0.8072531,1,1
0,0,0.010304637,8,2
0,0,0.027473653,1,1
0,0,0.0005003304,1,1
0,1,0.72337925,1,1
1,1,0.9476913,1,1
0,0,0.029136442,8,1
1,0,0.048682403,8,1
1,0,0.10241209,8,2
1,1,0.93851084,8,1
0,0,0.21402393,1,2
1,1,0.9886052,1,1
1,1,0.9267173,9,1
0,0,0.059690088,6,1
0,0,0.26202315,8,1
1,0,0.12577556,9,2
1,0,0.47487,1,1
0,0,0.12360761,8,1
1,1,0.7085706,8,1
1,1,0.5742078,6,2
0,0,0.05760829,9,2
0,0,0.033879437,1,2
0,0,0.24100184,3,1
0,1,0.6907713,1,2
1,1,0.6154496,6,2
0,0,0.07263447,8,2
0,0,0.0027950902,6,2
1,0,0.41640654,1,1
1,1,0.6527079,1,1
1,1,0.9901946,6,2
1,1,0.89610094,1,1
1,1,0.8451401,1,1
1,1,0.8947438,1,2
0,1,0.631715,6,1
0,0,0.051977098,6,2
0,0,0.0350401,8,1
0,0,0.054463413,6,2
1,0,0.29415846,1,1
1,1,0.66205513,1,2
1,1,0.7603282,1,2
0,0,0.13534795,6,1
1,1,0.9874835,1,2
1,1,0.7277643,1,2
0,0,0.0635819,9,1
0,0,0.30904463,8,1
1,0,0.1308125,8,1
1,1,0.945055,1,2
1,0,0.018365107,1,2
0,0,0.03031593,1,2
1,1,0.8464166,1,1
1,1,0.9744838,6,2
1,1,0.9755526,6,2
1,0,0.44959363,9,2
0,0,0.031616256,6,1
1,1,0.6480551,9,1
0,0,0.01603631,8,2
0,1,0.7411142,9,1
1,0,0.11571955,9,2
0,0,0.46135148,5,1
1,0,0.35489807,1,2
0,1,0.90639776,9,2
1,1,0.93771416,2,1
1,1,0.9452876,1,1
1,0,0.48772746,6,2
0,0,0.45803475,6,1
0,1,0.52852577,9,2
0,0,0.08475858,6,2
0,0,0.07546417,1,2
0,0,0.10890008,6,1
1,1,0.92450184,6,1
0,0,0.012940867,2,2
0,0,0.08457292,9,1
1,1,0.82453483,1,1
1,0,0.4091149,9,1
1,1,0.64612633,6,2
0,0,0.032584928,6,2
1,0,0.08403094,9,2
1,1,0.96657825,9,2
0,0,0.092412256,1,1
1,1,0.8022396,8,1
1,1,0.9752892,6,2
1,0,0.28327513,6,2
1,1,0.9606208,2,1
0,0,0.042910606,1,1
1,1,0.99724823,1,1
1,1,0.7935548,1,1
1,1,0.85572183,1,2
1,0,0.4707865,1,1
0,1,0.8593681,5,2
0,0,0.0010036746,1,2
0,0,0.044019483,8,1
1,0,0.14323148,9,1
1,1,0.67794305,8,2
0,0,0.029714609,8,2
1,1,0.9459036,6,1
0,0,0.0058847466,9,2
0,0,0.33214402,6,1
0,0,0.0069122743,1,2
0,0,0.22276476,8,1
1,1,0.9672331,6,1
1,0,0.47838515,9,2
0,0,0.2191919,1,2
1,1,0.6794638,1,2
0,0,0.057166453,9,2
0,1,0.8860446,1,1
1,1,0.7034742,1,2
0,0,0.0016780347,9,2
1,1,0.7423318,6,1
1,1,0.9710152,6,1
0,1,0.6664226,9,1
0,1,0.5348582,8,1
0,0,0.26856363,1,2
1,1,0.6957792,8,1
1,1,0.7136226,3,2
0,0,0.11632664,1,2
0,0,0.2755881,8,2
0,0,0.13664912,8,2
0,1,0.514043,1,2
0,1,0.92580855,6,2
0,0,0.001172116,1,1
1,1,0.9842831,1,1
1,1,0.6889094,6,2
1,0,0.35343534,6,2
0,0,0.09144087,1,1
0,0,0.133251,2,1
0,1,0.5298369,6,2
0,0,4.9098322e-05,1,2
0,0,0.2198468,9,2
0,0,0.0007072348,9,2
1,1,0.89714396,1,2
1,1,0.9916489,1,1
1,1,0.88683486,1,1
0,0,0.09749149,1,1
1,1,0.9089922,6,2
0,0,0.30454206,6,2
0,0,0.24888869,1,1
1,1,0.83214825,8,1
0,0,0.132554,1,1
0,1,0.8638065,1,1
0,0,0.00188534,1,1
1,0,0.09782093,8,2
0,0,0.48566195,9,2
0,0,0.01049012,8,1
1,1,0.8385878,1,1
1,1,0.7120476,1,2
0,0,0.25729406,9,1
1,0,0.47256237,8,2
0,0,0.0012313455,8,1
0,0,0.0023129552,2,2
0,0,0.00026950485,6,2
1,0,0.10424732,8,1
0,0,0.058434427,6,1
1,0,0.0956176,8,1
1,0,0.29092044,1,2
0,0,0.109810814,6,2
0,0,0.48593333,1,1
1,1,0.9323799,1,1
1,1,0.6225656,1,2
0,0,0.041549325,6,2
1,1,0.9515452,1,1
0,1,0.93293333,6,1
0,0,0.12042359,6,1
1,0,0.4807061,1,2
0,1,0.6227019,6,1
1,0,0.1860175,1,1
0,1,0.95109636,1,1
0,0,0.12529491,6,2
1,1,0.95212597,1,1
0,0,0.05196528,9,1
0,1,0.8429451,1,1
1,1,0.593751,1,1
1,1,0.9406565,6,1
1,0,0.36941195,9,1
1,1,0.96629745,1,2
1,0,0.31979612,1,2
0,0,0.020827422,9,2
1,1,0.7901535,2,1
0,0,0.22660828,1,2
0,0,0.01637884,1,2
0,0,0.00011139743,9,1
1,1,0.6913054,1,1
0,0,0.12497554,2,1
0,0,0.038906276,9,2
0,0,0.14258336,6,1
0,1,0.9823607,1,2
0,0,0.24978858,1,1
0,1,0.584983,1,2
0,0,0.09485984,8,1
0,0,0.11427665,8,1
0,0,0.059249226,1,2
1,1,0.881365,6,1
1,0,0.06597469,1,1
0,0,0.0065557626,6,2
0,0,0.20167549,9,1
0,1,0.6849664,6,1
1,1,0.9864313,1,1
0,1,0.56272846,1,1
0,0,0.30162746,6,2
0,0,0.0015490237,9,1
1,1,0.9930736,1,1
1,0,0.3093878,1,1
0,0,0.04858924,6,1
0,1,0.747493,1,1
0,0,0.42660648,1,2
0,0,0.17147638,8,1
1,1,0.9358301,9,1
0,0,0.03305095,6,2
0,0,0.21712053,8,1
1,1,0.92573726,1,1
1,1,0.8810142,1,1
1,1,0.78131455,6,2
0,1,0.6884204,1,1
0,0,0.0012897857,2,2
1,1,0.55950594,8,1
1,1,0.6400451,1,1
1,1,0.9908336,1,1
1,1,0.9489658,1,2
1,1,0.5934784,1,2
1,1,0.79998183,1,2
1,1,0.65596205,1,2
1,1,0.9279359,6,1
0,1,0.7002661,1,2
0,0,0.020192852,1,1
0,0,0.12691656,8,1
0,0,0.003199436,6,1
0,0,0.0026676494,8,2
0,0,0.003184817,6,1
1,1,0.92363375,1,2
1,1,0.98155767,1,1
0,1,0.5868064,1,1
1,1,0.9840906,1,2
1,0,0.22311696,6,1
0,0,0.28705925,1,1
1,1,0.96219516,1,1
0,1,0.6378126,1,2
1,1,0.85735816,9,1
0,0,0.26710773,6,1
0,0,0.0051608323,8,2
1,0,0.061079502,6,1
1,1,0.9421326,1,2
1,1,0.68949234,1,1
1,1,0.8769941,1,2
1,1,0.6063359,6,2
0,0,0.1856864,8,2
0,0,0.001226507,2,2
1,1,0.5847175,1,2
1,1,0.65709764,1,2
1,1,0.79490805,1,2
0,0,0.009289168,8,2
0,0,0.36749718,6,1
1,1,0.5224587,1,2
1,1,0.98088443,1,2
0,0,0.012558909,1,1
1,0,0.42980883,8,1
1,1,0.8560702,1,1
0,0,0.12209427,9,1
0,0,0.017146548,9,1
1,1,0.9423255,8,1
1,1,0.9622572,6,1
1,1,0.69320077,1,2
0,0,0.040242627,8,1
0,0,0.43497014,1,1
1,1,0.9691293,2,2
0,0,0.001735042,8,1
1,0,0.41697666,1,1
0,1,0.57156867,2,2
1,1,0.5471722,2,1
1,1,0.8574724,2,2
1,1,0.9159606,6,2
0,0,0.3337472,9,1
0,0,0.053234678,1,2
0,0,0.0008947588,8,2
0,0,0.018272286,6,2
1,1,0.98445004,1,2
1,0,0.077421606,6,2
1,1,0.9647284,1,2
1,1,0.8952397,9,1
0,1,0.5911345,1,1
0,0,0.15122457,1,2
1,1,0.8301071,1,2
0,0,0.40989706,9,2
0,0,0.22927271,6,1
0,0,0.13356794,9,2
0,0,0.15256937,8,2
0,0,0.011348246,5,2
1,1,0.51514006,6,1
0,0,0.050362963,2,1
1,1,0.95776373,1,1
0,0,0.2563062,1,1
1,1,0.51374125,8,1
0,0,0.21488795,9,2
1,1,0.8160773,6,2
0,0,0.029360814,9,2
1,1,0.86696327,1,1
0,0,0.05628958,9,1
0,0,0.24120042,1,2
1,0,0.15763643,1,2
1,0,0.066937804,1,1
1,1,0.941626,1,2
0,0,0.113847524,9,1
1,1,0.8332694,6,1
0,0,0.0059322417,6,2
0,0,0.021314727,6,2
0,0,0.011992319,1,2
0,0,0.061665546,8,2
1,1,0.9761376,1,1
1,0,0.40681443,9,1
1,1,0.52505326,2,2
1,1,0.9601353,6,2
1,1,0.84641105,1,2
1,0,0.35571674,1,1
1,0,0.079429306,8,2
0,1,0.5628922,1,1
1,0,0.16590214,8,1
0,0,0.0008216344,6,1
1,1,0.75387746,1,2
1,1,0.7801924,2,1
0,0,0.052831784,1,1
0,0,0.112792194,9,2
1,1,0.9947508,6,1
0,0,0.08432415,9,1
1,0,0.338834,6,1
0,0,0.019983925,9,1
0,0,0.000878532,8,1
0,0,0.008792455,8,2
1,1,0.7271546,1,1
1,1,0.9946337,1,1
0,1,0.61903286,6,1
0,0,0.033691604,9,2
0,0,0.0973922,8,2
1,1,0.7107091,1,1
0,0,0.0065815854,1,1
1,1,0.51550025,1,1
0,0,0.13764226,1,1
1,1,0.8548864,2,2
1,0,0.29731417,9,2
1,1,0.8563031,8,1
0,0,0.09449406,1,2
1,0,0.27234438,1,2
0,0,0.18506344,8,1
0,0,0.041570086,8,1
1,1,0.9074416,1,1
1,1,0.95520514,1,1
0,0,0.09272602,9,2
0,0,0.1611121,1,2
1,1,0.74705726,1,1
1,1,0.8256981,1,1
0,0,0.043012083,1,2
1,1,0.7900141,9,1
1,1,0.9950513,1,1
0,1,0.66090727,6,1
0,0,0.0795708,2,2
1,1,0.9500392,9,1
1,1,0.81254745,9,1
1,1,0.8310496,1,2
1,1,0.95682204,6,1
1,0,0.30591205,8,2
0,0,0.3613554,8,1
0,0,0.2457819,1,2
0,0,0.022067795,7,2
1,0,0.10338679,1,2
1,1,0.9779996,1,1
1,1,0.92737204,6,1
0,0,0.038107615,8,2
0,0,0.12072741,9,2
0,0,0.37704372,1,2
0,0,0.050629824,1,2
0,0,6.1835715e-05,1,2
0,1,0.8780987,6,2
1,1,0.9185028,6,1
1,1,0.85337424,1,2
1,1,0.5097315,1,1
0,0,0.013422665,6,2
1,1,0.8945565,1,1
1,1,0.93647355,6,1
1,1,0.9127172,1,2
1,1,0.9887545,6,1
0,0,0.013600446,9,2
0,0,0.05142142,8,2
1,1,0.7711932,1,1
0,0,0.21750659,9,1
1,1,0.6078971,1,2
0,0,0.0038340585,8,1
0,0,0.069043905,1,2
0,0,0.21351273,6,2
1,1,0.913454,9,1
0,1,0.7379202,2,2
0,0,0.34120238,1,2
0,1,0.9240832,1,1
1,1,0.95978147,1,2
0,0,0.012256182,9,2
0,0,0.22387245,9,2
1,1,0.95499897,1,2
0,0,0.0003214335,9,2
1,1,0.52340347,6,2
0,0,0.046634488,9,2
1,1,0.91861373,1,2
1,0,0.2588673,9,2
1,1,0.864182,1,1
1,1,0.8586606,1,2
0,1,0.6958062,1,2
1,1,0.9109505,9,2
0,0,0.001042376,1,2
1,1,0.85834926,9,1
0,1,0.64567333,1,2
0,0,0.33009407,6,1
1,1,0.69285417,1,1
0,0,0.015129393,8,2
1,1,0.8647025,1,2
1,0,0.05992253,1,2
0,1,0.75627154,9,2
0,1,0.52734274,8,1
0,0,0.1267271,9,1
1,0,0.3307909,2,2
1,1,0.7720345,3,2
0,0,0.09786355,9,2
0,0,0.007588254,9,2
0,0,0.3009384,8,1
1,1,0.9005915,6,1
1,1,0.8871771,1,1
1,1,0.8124166,6,2
0,1,0.9527043,1,2
0,0,0.40311792,8,2
1,1,0.82733464,8,2
1,1,0.9475407,1,1
1,1,0.98455864,1,2
1,0,0.103717044,6,2
1,1,0.95469,9,1
0,0,0.008002025,1,2
0,1,0.8985732,1,2
1,1,0.7178611,1,1
1,1,0.8683105,1,1
1,1,0.90352917,6,1
1,1,0.8855689,1,2
1,1,0.98089796,1,1
1,1,0.9880563,1,2
1,0,0.3223166,1,2
1,1,0.74110276,1,1
0,0,0.03539085,1,2
0,0,0.22721547,9,1
1,0,0.018722381,6,1
1,0,0.45563865,6,2
1,1,0.9761262,1,1
0,0,0.13085324,9,2
1,1,0.784675,6,2
0,1,0.5625641,7,1
0,0,0.072484955,1,2
0,0,0.46638077,6,2
0,0,0.14039432,1,1
1,0,0.19638798,8,1
1,1,0.9896129,9,2
1,1,0.5717508,1,2
1,1,0.9215163,1,2
1,1,0.72367996,6,1
1,1,0.9841861,1,2
1,1,0.96897316,1,1
1,1,0.61705935,1,2
0,0,0.009828519,6,2
1,1,0.5023394,8,2
0,0,0.009308012,1,1
0,0,0.4380407,1,1
1,1,0.9469369,1,1
0,0,0.05451291,8,1
0,0,0.25213882,1,1
0,0,0.26202315,8,1
0,0,0.34750265,8,1
0,0,0.11073559,1,1
0,0,0.0071182093,8,2
0,0,0.095130585,8,2
0,0,0.29071295,9,1
0,0,0.048585415,9,2
0,0,0.047246374,1,1
0,0,0.21455428,8,1
0,1,0.9228926,9,1
0,0,0.030531524,1,2
1,1,0.71831703,1,1
0,0,0.14124696,8,1
0,1,0.6328757,8,1
1,0,0.20833978,8,1
1,1,0.8383839,1,1
0,0,0.0009998569,9,2
1,1,0.8437432,1,1
1,1,0.9962723,6,2
0,0,0.07382777,8,1
0,0,0.14067437,1,2
1,1,0.7828211,9,2
1,0,0.35091975,1,1
0,0,0.15527573,2,2
1,1,0.6364284,1,1
1,1,0.94591075,6,2
1,1,0.9722729,1,2
0,1,0.79230946,8,2
0,0,0.0869946,9,2
1,1,0.9386754,6,1
0,0,0.029953748,9,2
1,1,0.88624674,1,2
0,0,0.0012475537,1,1
0,0,0.007976527,8,2
0,0,0.03435517,6,1
1,1,0.5114305,9,2
1,1,0.91869485,1,1
0,0,5.3459815e-05,6,1
0,0,0.05354103,8,2
0,0,0.11552197,9,1
0,0,0.10684466,8,2
1,1,0.86736476,8,1
1,1,0.9078021,1,2
1,1,0.61693704,6,2
1,1,0.81809765,1,1
0,0,0.060072757,8,2
1,1,0.50067306,9,2
0,0,0.02810594,8,2
1,0,0.13849534,9,1
1,1,0.9619577,1,1
0,0,0.005143111,1,1
1,1,0.9781943,1,1
0,0,0.0071533984,9,2
1,1,0.9761621,9,2
0,0,0.1354857,9,1
0,0,0.033591278,1,1
1,1,0.8665341,9,2
1,1,0.926789,1,2
1,0,0.28003934,8,1
0,0,0.23503669,8,1
0,0,0.016357481,6,2
0,0,0.003548071,8,2
0,0,0.05045989,8,2
1,1,0.86665666,6,1
0,0,0.007842817,1,1
0,0,0.0009635074,9,2
0,0,0.10204221,6,1
0,0,0.06434998,2,1
0,0,0.0075032907,3,1
0,1,0.7928284,9,2
1,1,0.89076996,1,1
0,0,0.11233028,8,2
1,1,0.94783735,1,2
0,1,0.9170026,1,2
0,1,0.5486827,1,1
0,0,0.08929715,8,2
0,0,0.42268658,2,1
0,0,0.0612139,8,2
0,1,0.84843606,1,1
1,1,0.79282105,8,1
0,0,0.022951303,6,2
0,0,0.055864222,8,2
1,1,0.9947241,1,2
0,0,0.2225011,9,2
0,0,0.05508317,2,2
0,1,0.5978933,1,2
0,0,0.0012772644,1,2
0,0,0.0059142276,1,1
0,1,0.76759887,1,2
1,1,0.9811782,6,2
1,0,0.38435733,1,2
0,0,0.30027926,1,2
1,1,0.9494056,1,1
0,0,0.014057916,8,2
0,1,0.87548494,8,2
0,1,0.6630443,1,2
1,1,0.90130395,1,1
1,1,0.7998203,1,2
1,1,0.72423404,9,2
1,1,0.8269941,1,1
0,0,0.034409367,9,2
1,0,0.10011419,1,2
1,1,0.7730474,1,1
1,0,0.057986837,9,1
0,1,0.9132341,1,2
0,0,0.009528159,8,2
0,0,0.20926861,8,1
0,0,0.48268524,8,1
0,0,0.00057986093,1,2
0,0,0.11732994,6,2
0,0,0.17811948,9,1
0,0,0.17055799,9,1
1,0,0.30098173,9,1
0,0,0.16939795,8,1
1,1,0.9401282,6,2
1,0,0.4560539,2,2
1,1,0.9963031,1,2
1,1,0.98850167,1,1
1,1,0.9387108,1,1
0,0,0.016015645,6,2
1,1,0.9341941,1,1
0,0,0.019290676,9,1
0,0,0.01968738,1,1
0,0,0.0001062961,6,1
0,0,0.0067448393,6,1
0,1,0.8001723,1,2
0,0,0.09231672,8,2
0,1,0.55932903,1,2
0,0,0.07908651,6,1
0,0,0.37490118,8,1
1,0,0.44031525,6,2
0,0,0.0005583815,9,1
1,1,0.7190977,9,2
0,0,0.23859416,8,1
0,0,0.08133189,1,2
0,0,0.0011730945,6,2
0,0,0.07889764,8,1
0,0,0.05440733,6,2
0,1,0.98253745,1,1
1,1,0.77112323,2,2
0,0,0.07462389,8,2
1,1,0.7383032,6,2
0,0,0.0028146252,6,1
0,0,0.0055414964,6,1
1,1,0.9239135,1,1
0,0,0.12028302,9,1
1,1,0.7672753,8,2
1,1,0.9331494,6,2
1,1,0.97736436,1,1
1,1,0.7688421,9,2
1,0,0.1509156,1,1
0,0,0.01713576,2,1
1,1,0.8737914,1,1
1,0,0.24180728,1,1
0,0,0.103642315,9,1
0,0,0.07355238,9,1
0,0,0.0011988614,1,2
1,1,0.53848714,1,2
0,0,0.0009365893,9,2
0,0,0.13178192,1,1
1,1,0.91834986,6,1
1,1,0.7105752,1,1
0,0,0.16840251,1,2
1,1,0.88888127,6,1
1,1,0.93809175,9,1
0,0,0.025837775,9,2
0,0,0.14747746,1,1
1,1,0.79452103,6,2
1,1,0.9837556,6,1
1,1,0.68887585,8,1
1,1,0.7983295,1,2
0,1,0.96608746,1,2
0,0,0.45475346,9,2
1,1,0.97254735,1,2
0,0,0.006635682,1,1
0,0,0.008906474,6,1
1,1,0.813172,1,1
1,1,0.85580367,8,1
0,0,0.007183412,8,2
0,0,0.36071151,2,1
0,0,0.015298802,8,2
1,1,0.921097,9,1
1,1,0.9432116,6,2
1,1,0.9144955,1,1
0,1,0.7096774,9,1
0,1,0.6112632,1,2
1,1,0.6681702,1,1
1,1,0.9547227,1,1
1,0,0.23709616,1,1
1,1,0.86945194,1,1
1,0,0.105394684,1,2
1,0,0.14983049,1,1
1,1,0.97757715,6,1
0,0,0.085727066,9,2
1,1,0.9016092,6,1
0,0,0.0013725641,6,2
1,1,0.83749026,1,1
0,0,0.24239218,1,2
0,0,0.073405534,1,2
0,0,0.16289182,8,1
0,0,0.016393442,6,2
0,1,0.6723506,2,1
0,0,0.023167208,8,2
0,0,0.13817145,6,2
0,0,0.0008600659,9,1
1,1,0.6957488,1,2
0,0,0.005170149,6,2
1,1,0.9596005,6,1
0,0,0.38625768,8,1
1,1,0.84774005,1,2
0,0,0.23778322,2,2
1,1,0.6033967,1,2
1,1,0.8945942,1,1
1,0,0.28016648,1,2
0,0,0.10297083,1,2
0,1,0.85293263,9,2
1,1,0.9339541,1,1
0,0,0.20243354,1,2
0,0,0.01943994,1,2
1,1,0.79966336,1,2
0,1,0.7672692,9,2
0,0,0.30931428,9,1
0,0,0.23966444,8,1
1,1,0.8637606,1,2
1,1,0.8389178,1,1
0,0,0.0016550439,9,2
0,0,0.26372412,6,2
1,0,0.2776441,8,1
0,0,0.02076708,1,1
0,0,0.14560656,8,1
1,1,0.87336326,1,1
1,1,0.9019959,1,1
0,0,0.011786604,1,1
0,0,0.48564208,1,1
1,1,0.597422,6,1
1,1,0.7367392,2,1
1,1,0.77873796,1,2
0,0,0.075967416,6,1
1,1,0.9561964,6,1
0,0,0.002745548,8,2
1,1,0.9499872,1,2
0,1,0.6922332,6,1
0,0,0.08785145,8,2
0,0,0.007381947,1,2
1,0,0.4714507,1,2
1,1,0.76895046,1,1
1,1,0.96801734,1,1
0,0,0.058003042,9,2
0,0,0.018540764,1,2
0,1,0.76490873,9,2
0,0,0.00023377132,8,2
1,1,0.80759054,1,2
0,1,0.69568384,1,1
1,1,0.5961575,9,1
0,0,0.029917553,8,2
0,0,0.22459565,8,1
1,1,0.9798616,6,1
1,1,0.7144371,1,2
1,1,0.7287438,9,1
0,1,0.99047184,6,2
0,0,0.23391502,8,1
0,0,0.27278987,9,2
1,1,0.56427664,9,2
0,0,0.06011862,8,1
0,0,0.04256632,8,1
1,1,0.69975775,9,2
0,1,0.9525616,1,1
1,1,0.7278273,1,1
0,1,0.9268237,1,1
1,0,0.4732844,6,2
0,0,0.19589943,1,2
1,1,0.8906611,6,1
0,0,0.062517434,2,2
1,1,0.90998054,1,2
0,0,0.008662566,9,2
0,1,0.9260458,1,1
0,0,0.0009779806,8,1
1,1,0.7286789,9,1
1,1,0.9298045,1,2
0,0,0.2752808,8,1
0,0,0.28002867,1,1
1,1,0.9217619,1,1
1,1,0.6188342,1,1
1,1,0.9399718,1,1
1,1,0.63707566,1,1
1,1,0.57700855,6,2
0,0,0.0022253743,1,2
0,0,0.15333404,6,2
1,1,0.9652902,9,2
0,0,0.019278264,8,2
0,0,3.1726096e-05,8,2
1,0,0.22293177,6,2
1,1,0.95643353,6,2
0,0,0.19441229,6,2
0,0,0.16412078,8,1
1,0,0.37883025,8,2
0,0,0.0829317,1,2
1,1,0.97903603,1,1
0,0,0.053419914,8,1
1,0,0.49489325,1,1
1,0,0.08260764,8,1
1,1,0.9133725,6,1
0,0,0.04455613,1,2
0,0,0.03213388,1,2
0,0,0.3134641,8,2
0,1,0.84465337,9,2
1,1,0.9892414,1,1
1,0,0.16338634,8,2
1,1,0.6537048,6,1
1,0,0.43727794,1,2
1,1,0.8382066,1,1
1,1,0.6975409,6,1
0,0,0.020671245,1,2
1,0,0.3969415,2,1
0,1,0.7045976,8,1
1,0,0.49634653,1,1
1,0,0.26495883,9,1
1,1,0.6581001,9,1
0,0,0.00812081,6,1
1,1,0.9030841,1,1
0,0,0.30609477,1,2
0,0,0.0786712,1,1
1,1,0.8757793,1,1
0,0,0.009123568,8,2
0,1,0.5444151,1,2
1,0,0.082273364,6,2
0,0,0.25549662,1,1
1,1,0.84806037,1,2
1,1,0.9940896,6,1
1,1,0.6680045,1,1
0,0,0.04104127,9,1
1,1,0.9593299,6,2
0,0,0.008234197,1,2
1,1,0.96925205,6,1
0,0,0.007367597,8,1
1,0,0.44393334,1,2
0,1,0.52542955,1,2
0,0,0.0048462236,6,2
0,0,0.30310833,8,2
1,1,0.83193123,6,2
0,0,0.050679963,1,2
1,0,0.37863314,1,2
1,1,0.7218815,9,1
1,1,0.99405515,1,2
1,1,0.94072634,1,2
0,0,0.032721326,1,2
1,0,0.3070846,6,2
1,1,0.9715658,1,2
0,0,0.13395415,1,2
1,1,0.92115253,1,2
1,1,0.87531805,6,2
1,0,0.49711213,1,1
0,0,0.0017123406,6,1
1,0,0.12673645,9,1
1,1,0.8584703,2,2
1,1,0.9883314,1,1
0,0,0.0024113308,6,2
0,0,0.28068626,6,1
0,0,0.31399757,3,1
0,0,0.43453336,1,2
1,1,0.91023815,9,1
1,1,0.99109685,6,1
0,1,0.86906743,9,1
1,1,0.88539404,1,2
1,1,0.9578148,1,1
0,0,0.0029261864,8,1
0,0,0.009149516,9,2
0,1,0.5224853,8,2
1,1,0.907978,1,1
1,1,0.9752043,9,1
1,1,0.89879227,1,1
1,0,0.49407458,1,1
1,1,0.96427995,9,1
1,0,0.38898557,6,1
0,0,0.20678872,1,2
0,0,0.014896143,8,2
0,0,0.025030857,1,1
0,1,0.85145646,1,2
0,0,0.038520206,8,1
1,1,0.9981025,1,1
1,1,0.60886765,1,1
1,1,0.9180213,1,2
0,0,0.04869053,1,2
1,1,0.86180633,1,1
0,1,0.81838655,6,1
0,0,0.048420224,9,1
0,0,0.2725083,1,2
0,1,0.90217876,9,1
0,0,0.4437473,9,2
0,0,9.344307e-05,9,1
0,1,0.6622234,1,1
1,1,0.80217123,6,1
1,1,0.6865737,3,1
1,1,0.7809703,8,1
0,0,0.3194358,1,2
0,0,0.2114571,6,1
0,0,0.11803158,8,1
1,1,0.93474036,1,2
1,1,0.91372126,6,2
0,0,0.005593011,8,1
0,0,0.042022634,8,2
1,1,0.8567156,1,1
1,1,0.9667535,1,1
0,0,0.31650615,6,1
1,1,0.5905835,8,1
0,0,0.010426846,9,1
0,1,0.85905284,1,1
0,0,0.03756881,6,1
0,0,0.15795995,8,1
1,1,0.6230336,1,2
0,0,0.3494481,1,1
1,0,0.33137068,1,2
1,1,0.7266903,1,2
0,0,0.012894622,9,2
0,0,0.0021705239,1,2
0,0,0.00573032,8,2
0,1,0.772352,1,1
0,0,0.08822105,9,1
1,1,0.68092984,1,1
1,1,0.8616223,1,1
0,0,0.11029395,8,1
0,0,0.046580385,9,2
1,1,0.78412145,1,1
1,1,0.5402317,6,1
1,1,0.6282179,1,2
0,1,0.5396497,8,1
0,0,0.15448403,3,1
1,1,0.86150706,1,2
0,1,0.5782341,8,2
0,0,0.39095926,6,1
1,1,0.96700925,1,1
0,0,0.115582936,9,2
1,1,0.64087427,9,1
1,1,0.9241377,6,2
1,1,0.9783529,6,1
0,0,0.14569399,9,1
0,0,0.014807596,6,2
1,1,0.981118,9,2
0,0,0.041661896,9,1
0,0,0.0040728077,8,1
1,1,0.9522758,9,1
1,1,0.7717107,1,1
0,0,0.039077263,1,2
0,0,0.00151172,1,2
1,1,0.89085215,1,2
0,1,0.7230837,3,1
0,0,0.29252294,8,1
0,1,0.9115015,9,1
1,1,0.87903076,1,2
1,1,0.8444491,1,2
0,0,0.0011594297,9,2
0,0,0.016643565,8,2
0,0,0.3832926,1,1
0,1,0.69110894,8,1
0,0,0.21567725,1,2
1,1,0.5834753,1,2
1,1,0.8971114,1,1
1,1,0.703598,8,1
1,1,0.99109215,1,2
1,1,0.79618895,8,2
1,1,0.9476393,1,1
0,0,0.28208283,1,1
1,1,0.85781,6,2
1,0,0.2454089,8,1
0,0,0.0033156844,1,1
1,1,0.99771994,8,2
0,1,0.9441716,1,2
0,0,0.16971606,1,2
0,0,0.016033562,1,1
1,1,0.93641555,1,1
1,1,0.94253576,6,2
1,1,0.7677992,6,2
1,1,0.9624166,1,1
1,0,0.013064285,8,1
1,1,0.731839,1,1
1,1,0.5929913,1,1
1,1,0.9414886,1,1
1,1,0.934167,6,2
0,0,0.08397442,9,1
1,1,0.8371649,3,1
1,1,0.9704645,6,2
0,1,0.683974,1,1
1,1,0.79491353,1,2
1,0,0.1898592,3,1
0,1,0.7272754,1,1
0,1,0.8859109,6,2
0,1,0.8416703,2,1
0,0,0.0010909494,9,2
1,0,0.43345788,1,2
0,0,0.015238859,9,1
0,0,0.06912828,8,2
1,1,0.67577726,1,2
1,1,0.56009364,6,1
1,1,0.73144186,9,1
0,0,0.04115227,9,2
0,0,0.01450294,8,1
0,0,0.13177484,1,2
0,0,0.0036188508,8,1
0,0,0.12322352,1,2
0,0,0.40548816,1,1
1,1,0.76454085,8,1
1,1,0.9839914,1,1
1,1,0.93290657,8,1
1,1,0.9666976,1,1
0,0,0.24823256,9,2
0,0,0.46206185,1,2
0,1,0.80577254,1,1
0,0,0.004165334,9,2
0,0,0.16269097,6,2
1,0,0.49907795,1,1
0,0,0.27990043,7,1
0,0,0.43860185,6,1
1,1,0.64163303,6,2
0,0,0.059531964,6,1
0,0,0.15161441,6,1
0,0,0.1952558,8,1
0,0,0.21572056,1,1
1,1,0.6604498,1,1
1,1,0.91170156,6,1
1,1,0.6070522,1,2
0,0,0.15322827,8,2
0,0,0.077992365,8,1
1,1,0.95825845,1,1
1,1,0.69781566,1,2
1,1,0.53606343,6,1
1,0,0.23543501,1,1
0,0,0.011194746,9,2
1,0,0.47212705,9,2
1,0,0.37498173,9,1
1,1,0.82990956,8,2
0,0,0.3711539,8,1
0,0,0.09447874,9,2
0,0,0.002221232,1,1
1,1,0.8329111,8,1
1,1,0.98365754,1,2
1,1,0.9700549,1,1
0,0,0.08606718,8,1
1,1,0.56219304,8,2
1,0,0.1884826,1,1
1,1,0.93213123,1,2
1,0,0.42322174,9,2
0,0,0.43785682,1,2
0,1,0.7067067,1,2
0,0,0.0054811304,8,2
0,0,0.4781972,1,1
0,0,0.07298438,8,2
1,1,0.69007736,9,2
1,1,0.9832344,1,1
0,0,0.4133488,1,2
1,1,0.69913995,1,2
1,1,0.96151346,1,2
1,1,0.9571027,1,1
0,0,0.112258874,8,2
0,0,0.11246056,1,2
1,1,0.8856089,1,2
1,0,0.005077529,8,2
0,0,0.22191714,1,2
0,0,0.0014539327,9,2
1,1,0.98211205,1,1
1,1,0.95223916,6,2
1,0,0.20173016,8,1
0,0,0.051143378,1,1
0,0,0.2679618,1,1
0,0,0.022867704,3,2
0,0,0.014471629,1,1
1,1,0.9368665,1,2
0,0,0.0095091555,9,2
1,1,0.99412066,6,1
0,1,0.56608367,8,2
1,1,0.99678206,1,1
0,0,0.021535635,8,1
1,1,0.79608667,1,2
0,0,0.48022947,8,1
1,1,0.9629259,1,2
1,1,0.988586,1,1
0,0,0.35002846,8,1
1,1,0.8466322,1,1
0,0,0.26818985,9,1
0,0,0.0021169682,1,2
0,0,0.009004769,8,1
1,1,0.9428979,9,1
1,1,0.93253464,8,2
1,1,0.8518563,6,2
0,0,0.15989508,8,1
1,1,0.96746695,8,2
1,0,0.36231506,7,1
1,1,0.9209544,1,2
1,1,0.88775563,1,2
1,0,0.44467515,1,2
0,0,0.014103372,8,2
0,0,0.0021957555,9,1
0,1,0.87192446,6,2
0,0,0.48048893,6,1
0,0,0.030881604,6,2
1,1,0.8853558,1,2
0,0,0.009762081,1,2
0,1,0.66233414,1,2
1,0,0.016403595,1,2
1,0,0.28386906,6,2
0,0,0.32506615,9,1
0,0,0.21482794,1,2
1,0,0.38452667,6,2
1,0,0.4155266,9,2
1,0,0.117230296,6,2
1,0,0.3978361,1,1
1,0,0.109392054,9,1
1,1,0.95425296,9,2
1,1,0.7662908,1,2
1,0,0.3868203,1,1
0,0,0.14482372,8,1
0,0,0.007684029,6,1
1,1,0.8364519,6,2
0,0,0.0027073221,9,1
1,1,0.9310583,6,2
0,1,0.9428421,6,2
0,1,0.6884484,9,1
1,1,0.8161351,1,2
0,0,0.39684626,9,2
0,0,0.013398931,6,2
0,0,0.05488744,6,1
0,0,0.41959703,1,2
1,1,0.84739095,1,1
0,0,0.08067359,1,2
0,0,0.0011638365,1,2
0,0,0.025291525,8,1
1,0,0.051855978,9,1
0,0,0.06745512,8,1
1,1,0.8324806,7,1
1,1,0.97058296,1,1
1,1,0.6357162,1,2
0,0,0.04949932,8,2
0,1,0.84437025,8,1
1,1,0.52328223,9,1
1,1,0.603989,9,1
0,0,0.012200476,1,2
0,0,0.011005342,8,1
1,1,0.8313588,1,1
1,1,0.7332458,9,2
0,0,0.01339416,8,2
0,0,0.06304317,2,1
1,1,0.9701605,2,2
0,1,0.9327058,1,1
0,0,0.06336763,8,1
0,0,0.31467545,1,1
1,1,0.6897831,9,2
1,1,0.5037398,9,1
1,1,0.9543042,9,2
0,0,0.28797582,2,2
0,0,0.00056703785,9,1
0,0,0.2597901,8,2
1,1,0.9516964,1,1
0,0,0.118301235,1,1
1,0,0.29300573,1,2
0,0,0.4196402,1,2
1,1,0.933164,6,2
1,1,0.94460905,6,2
0,0,0.10807654,6,1
0,1,0.9158683,1,1
0,0,0.011661917,9,1
1,1,0.9452398,1,2
0,0,0.20316751,8,2
1,1,0.97118497,1,2
1,1,0.74734044,6,1
1,1,0.9489982,1,2
1,0,0.12968482,6,2
0,0,0.012964869,1,2
0,0,0.22742176,3,2
0,0,0.019819165,6,2
0,0,0.059576083,8,1
1,1,0.9618883,1,1
1,1,0.7806496,6,2
0,1,0.50677687,9,1
0,1,0.686103,8,2
1,1,0.64667434,1,2
1,1,0.9287273,9,1
1,1,0.89446354,1,1
1,1,0.671988,1,2
1,0,0.45241976,2,1
1,0,0.46992034,2,2
1,1,0.53883755,9,1
0,0,0.003981973,9,1
1,1,0.5335764,1,1
0,0,0.22994581,8,2
1,1,0.83149236,1,1
0,0,0.4276664,8,2
0,0,0.017018605,6,1
0,0,0.0045827418,9,1
0,0,0.38052574,9,1
1,1,0.8200361,9,1
0,0,0.023541395,9,2
0,0,0.15605913,8,2
0,0,0.1208932,8,1
0,0,0.27755767,1,1
1,1,0.84032375,1,1
0,0,0.48213118,1,1
1,1,0.8787888,8,1
1,1,0.8802096,1,2
0,1,0.5943253,1,2
0,0,0.06668307,8,1
1,1,0.9955467,1,1
0,0,0.39188862,1,2
0,0,0.08903918,1,2
0,0,0.30475545,9,1
0,0,0.051335175,6,1
0,0,0.31770825,1,1
0,0,0.32118997,8,1
1,0,0.468603,1,2
0,0,0.03157824,6,2
0,1,0.94098127,9,1
1,1,0.8544489,1,1
0,0,0.003294717,6,1
1,1,0.8667436,1,2
0,0,0.030204851,9,2
0,0,0.0033485435,6,2
0,0,0.1550472,6,2
0,0,0.003568311,1,1
0,1,0.74506485,2,1
0,1,0.54560435,8,1
1,1,0.9135251,9,1
0,0,0.46174306,8,1
1,1,0.94631463,1,1
0,0,0.014333063,8,2
0,0,0.08834149,8,1
0,0,0.18167591,1,2
0,0,0.043580372,6,2
0,0,0.23154877,9,1
1,0,0.3016677,6,2
0,0,0.043437455,8,1
0,1,0.71166384,1,2
0,0,0.03843223,8,2
0,0,0.33435914,8,2
1,1,0.52847135,1,1
1,1,0.7053296,6,1
0,0,0.11166933,9,2
0,0,0.004928101,8,1
0,0,0.016148062,6,2
0,0,0.24068628,2,2
0,0,0.2321662,6,2
1,1,0.71568996,2,2
0,0,0.0035064595,9,1
1,1,0.9535875,1,1
0,0,0.28717878,1,2
1,1,0.6944704,8,1
1,1,0.52513814,1,1
1,1,0.97860795,6,1
1,0,0.4516056,8,1
0,0,0.3030563,8,1
0,0,0.28619772,8,1
1,1,0.7078367,8,1
1,1,0.98439884,9,1
1,1,0.7401666,1,1
0,0,0.0030723377,8,1
1,1,0.7875769,9,1
0,0,0.028052282,8,2
0,0,0.4439629,9,2
0,0,0.13967982,9,1
0,0,0.1123551,8,1
0,0,0.040198036,8,2
1,1,0.89885306,1,2
0,0,0.09475355,8,2
0,0,0.076087564,3,2
1,0,0.3779215,8,2
0,0,0.048925642,1,1
0,0,0.46616265,1,2
0,1,0.94705087,6,2
0,1,0.90163314,8,2
0,0,0.044346105,9,1
0,0,0.24461809,1,1
0,0,0.30471978,6,2
0,1,0.9901428,6,1
0,0,0.21853162,6,2
1,0,0.47189254,9,2
0,0,0.019565688,2,1
0,0,0.05502377,1,2
1,1,0.69885814,8,2
0,0,0.081941165,9,1
1,1,0.913138,6,1
0,0,0.013088106,1,2
0,0,0.12803894,9,1
0,0,0.41361725,1,1
0,0,0.01979612,8,1
0,0,0.2030015,9,2
1,0,0.25084928,9,1
0,0,0.29608917,6,2
0,0,0.0049048006,9,2
1,1,0.98190296,1,1
0,0,0.21312572,9,1
1,0,0.041289687,2,1
0,0,0.004184026,6,2
0,0,0.0075033517,9,2
0,0,0.009345793,8,2
1,0,0.42760327,6,2
1,1,0.9155785,1,1
1,1,0.92650974,1,2
0,0,0.17238522,2,2
1,1,0.8221169,1,1
0,1,0.63439155,1,1
0,0,0.0052111773,9,2
0,0,0.018849252,1,2
0,0,0.0045857094,1,2
0,0,0.12549742,8,2
1,1,0.8647625,6,1
0,1,0.757461,1,1
1,1,0.9908965,1,2
0,0,0.2315857,6,1
0,0,0.0006013145,9,2
0,1,0.51446384,9,1
1,1,0.70588934,6,2
0,0,0.241559,1,1
0,0,0.009276906,1,1
1,1,0.9377389,1,1
1,1,0.716681,8,1
0,0,0.025205042,1,2
1,1,0.5965508,8,1
0,0,0.0057293824,8,2
1,1,0.89938694,3,2
0,0,0.009582569,9,2
0,0,0.22103938,1,2
1,1,0.88080066,1,1
0,0,0.08771263,9,2
1,1,0.97890395,1,1
0,0,0.0067516086,6,2
0,0,0.02730162,8,2
1,1,0.9136464,1,2
1,1,0.98176587,1,1
0,0,0.2675486,1,1
1,0,0.38989016,6,2
1,1,0.821639,8,2
1,1,0.9456429,6,2
1,1,0.61420655,6,2
0,0,0.10890008,6,1
1,1,0.98716915,6,1
1,1,0.88494146,1,2
1,1,0.9495697,1,2
1,1,0.97743386,1,1
1,0,0.47563386,8,1
0,0,0.19212346,8,2
1,1,0.97811997,1,2
0,1,0.7824813,1,2
1,1,0.97489583,1,1
1,0,0.16319993,8,2
0,0,0.3054526,6,2
1,0,0.47132435,1,1
0,0,0.1024692,1,2
0,0,0.024120599,6,1
0,0,0.31941953,3,2
0,0,0.023741627,8,2
1,1,0.8816454,6,2
1,1,0.97073215,1,1
0,1,0.90125775,1,1
1,1,0.5608894,6,2
0,0,0.4892412,8,1
1,0,0.475771,1,1
1,1,0.9727188,1,1
1,1,0.51660955,1,1
1,1,0.7949943,8,1
1,1,0.8731422,1,2
0,0,0.14112498,8,1
0,0,0.009846564,9,2
0,0,0.0021014912,1,2
0,0,0.35502407,8,2
0,0,0.02768966,9,1
0,0,0.14973101,2,1
1,1,0.8951905,1,1
1,0,0.40469185,8,2
1,1,0.8851613,1,1
0,0,0.015191873,1,2
1,1,0.99508095,1,1
0,0,0.08917657,8,2
1,1,0.9736528,1,2
1,1,0.69088966,1,2
1,1,0.8559734,3,2
1,1,0.731169,6,2
1,1,0.8035585,1,1
1,1,0.6009616,9,1
1,1,0.9176627,6,2
1,1,0.88209593,1,1
0,1,0.55175847,1,2
1,0,0.38505238,6,1
1,0,0.008413956,6,1
0,0,0.04967969,8,2
0,0,0.0026019686,9,2
0,0,0.004111491,8,2
1,1,0.6396546,8,1
1,1,0.8924302,9,1
1,1,0.86907804,1,2
0,0,0.010294401,9,1
1,1,0.5868043,8,1
0,0,0.103897125,1,2
0,0,0.34937173,6,1
1,0,0.3576965,8,1
0,0,0.0006321959,1,2
1,0,0.2944835,6,1
0,0,0.21419203,1,1
0,0,0.26325503,3,2
1,1,0.6194674,1,1
1,0,0.3896549,1,2
1,1,0.9039432,8,1
0,1,0.51129085,1,2
0,1,0.6187001,1,2
1,0,0.041943092,8,2
0,1,0.7893092,1,1
0,0,0.157723,8,1
1,1,0.8345253,1,2
0,0,0.14447398,6,1
0,0,0.29068616,1,2
0,0,0.005641652,9,2
1,0,0.48884547,1,1
0,0,0.023332486,6,1
1,0,0.42366943,6,2
1,1,0.8663483,6,1
0,1,0.5785938,8,1
1,1,0.88930154,9,1
1,1,0.8522822,9,1
0,1,0.81033057,6,2
1,1,0.98302263,1,1
1,1,0.6225004,8,2
0,0,0.17195667,1,1
0,0,0.0026895416,8,1
1,1,0.7721052,6,2
0,0,0.06643045,8,1
1,1,0.91067547,1,2
0,0,0.039390966,1,1
0,0,0.3621986,8,1
0,0,0.06540008,6,2
0,0,0.06828766,1,2
0,0,0.28626505,8,1
0,0,0.0067562596,8,2
1,1,0.9445386,1,2
1,1,0.98221266,1,1
0,1,0.90262514,1,2
0,0,0.16985026,1,2
0,0,0.06262453,6,2
0,0,0.0370674,2,1
1,1,0.93384767,1,2
0,1,0.5745878,6,2
1,0,0.18470508,1,2
1,0,0.38269508,9,2
0,0,0.2082878,8,2
1,0,0.25638577,8,2
0,1,0.6384762,1,1
1,1,0.6402675,6,1
1,1,0.8876477,1,2
0,0,0.028366603,8,1
0,0,0.421226,9,1
0,1,0.82901555,6,2
0,1,0.83771497,2,1
0,0,0.0029327201,9,1
1,1,0.687729,8,1
1,1,0.97144216,1,1
1,1,0.82022864,9,1
1,0,0.18071534,1,1
0,1,0.52766234,9,2
1,0,0.15285893,8,2
1,1,0.9960238,1,2
1,1,0.8636877,1,2
0,0,0.00863043,2,2
1,1,0.7411446,1,1
0,0,0.37303653,9,1
1,0,0.2242737,3,1
0,0,0.009110976,1,2
1,1,0.80852574,1,2
1,1,0.9417747,1,2
0,1,0.7852655,2,2
1,1,0.9466773,1,1
0,0,0.041275978,8,1
0,0,0.024876978,6,1
0,0,0.0147153,1,2
0,0,0.008627249,9,2
0,0,0.25166717,6,2
1,0,0.36138248,9,1
0,1,0.93445426,9,2
1,1,0.89773554,6,2
1,1,0.9050047,1,1
1,1,0.6709863,1,2
1,1,0.99041134,1,1
0,1,0.6224584,1,2
0,0,0.0061025172,6,1
0,0,0.10104097,1,2
1,1,0.6235824,1,1
1,1,0.9273445,1,2
0,0,0.037563756,9,1
1,1,0.8883958,9,1
1,1,0.5451905,9,1
0,0,0.0004612263,1,1
0,0,0.04179703,9,1
0,0,0.019091358,8,2
0,0,0.0075729503,3,2
0,0,0.053432543,2,1
0,0,0.22242406,6,2
1,0,0.06064404,8,1
0,0,0.13684091,8,1
0,1,0.5686116,9,2
1,1,0.81123203,1,2
1,1,0.98392224,1,1
1,1,0.9547012,9,1
1,1,0.9494661,1,1
0,0,0.21554163,8,1
0,1,0.66256005,1,1
0,0,0.32371107,9,1
0,0,0.011923609,1,1
0,1,0.5802422,1,2
0,0,0.2819867,9,2
1,1,0.77336746,1,1
0,0,0.0040296596,1,2
0,0,0.14779828,9,2
0,0,0.04585865,1,1
1,1,0.90818864,1,2
0,1,0.6905509,1,2
0,0,0.021203835,3,2
0,0,0.05461907,1,2
1,1,0.86211896,9,1
0,0,0.08123814,8,2
1,1,0.835294,9,1
0,0,0.0007106067,6,2
1,1,0.7422405,1,2
1,1,0.7812067,8,1
1,1,0.97372526,1,1
1,1,0.9792885,1,2
1,1,0.61796093,9,1
0,0,0.010655567,9,2
1,1,0.53992003,1,1
0,0,0.035689946,2,2
1,1,0.9540446,1,1
1,1,0.76491517,9,2
1,1,0.97056997,1,2
0,0,0.001513284,1,2
1,1,0.9314047,1,2
1,1,0.99428856,1,1
1,1,0.95166683,6,1
0,0,0.00081214175,8,2
1,1,0.6431782,1,1
0,0,0.0045706,6,1
0,0,0.2548184,6,2
1,1,0.90857416,1,1
0,0,0.19361863,9,1
0,0,0.06368758,1,2
0,0,0.011711474,8,2
1,0,0.4613414,8,2
0,0,0.00373283,3,1
0,0,0.3145869,2,2
1,1,0.55805457,1,2
1,1,0.904641,1,2
1,1,0.862842,1,2
1,1,0.89549905,6,2
0,1,0.9548016,1,2
0,0,0.19743505,9,1
0,0,0.33508283,6,1
0,0,0.2533141,9,2
0,1,0.9384466,1,1
1,0,0.034513783,2,2
1,1,0.97202265,1,1
1,1,0.96052605,1,1
0,1,0.8887847,1,2
1,1,0.8104171,6,2
0,0,0.0009026139,8,2
1,0,0.48311445,8,2
0,0,0.038568456,9,2
1,1,0.9272249,6,1
1,1,0.654626,1,2
0,0,0.46349958,8,1
0,0,0.14038585,1,2
1,1,0.8366771,1,1
0,0,0.09640385,2,2
0,0,0.0028261556,6,2
0,0,0.3016284,9,2
0,1,0.54715383,9,2
1,0,0.24974953,8,2
0,0,0.0005191264,9,2
0,0,0.014204735,9,1
0,0,0.02484226,9,2
0,0,0.009563288,6,2
0,0,0.0013969842,9,1
1,1,0.87293583,6,2
0,0,0.27148685,1,2
0,0,0.17421387,6,1
0,1,0.52270937,3,2
0,0,0.00041036477,9,2
1,1,0.525864,6,2
1,1,0.70797616,9,1
0,0,0.032289904,1,1
0,1,0.5579464,6,2
0,0,0.0015731204,9,2
0,0,0.008189773,1,1
0,0,0.17638321,8,1
1,1,0.95983386,9,1
0,0,0.061796717,9,2
1,1,0.5277598,1,2
0,0,0.0046301773,9,2
0,1,0.75942314,1,2
1,1,0.6779118,9,1
1,0,0.43659213,3,2
0,0,0.357397,1,1
0,0,0.009208243,8,1
1,1,0.9599396,1,2
0,0,0.48002678,6,1
0,0,0.33770135,1,1
0,0,0.074768,1,2
1,1,0.97470474,1,2
1,1,0.8235488,1,2
0,0,0.010798678,1,1
0,0,0.013881288,6,2
0,0,0.24048276,1,1
0,0,0.045325223,8,2
1,0,0.06029731,8,1
0,1,0.54327404,6,2
0,0,0.33666667,1,2
1,1,0.55708224,2,2
0,1,0.7141072,1,2
1,1,0.87864256,8,2
0,0,0.1464556,6,2
1,1,0.7696017,1,1
0,0,0.21418989,1,1
1,1,0.79811865,1,1
0,0,0.0063421424,1,2
1,1,0.9470032,9,1
0,1,0.5066142,1,2
1,1,0.79172146,9,2
0,1,0.5661699,9,1
0,0,0.019947238,1,2
0,1,0.78233165,1,2
1,1,0.97856754,8,1
0,0,0.11662013,1,2
0,0,0.1384355,9,2
0,0,0.27002797,6,2
0,0,0.04361503,9,2
1,0,0.021264058,1,2
0,1,0.59367883,2,1
0,0,0.34793705,8,1
0,1,0.6869603,2,1
0,0,0.02503795,1,1
1,1,0.8361653,1,1
0,0,0.053313684,8,2
1,0,0.48654917,1,1
0,1,0.88467515,1,1
1,1,0.95223266,6,2
1,0,0.33339873,2,2
0,1,0.520437,1,2
1,0,0.41754594,9,1
0,0,8.72844e-05,6,2
1,1,0.90070987,1,2
0,0,0.13398817,8,2
1,1,0.7972475,1,2
0,0,0.08231754,8,1
0,0,0.20971625,2,1
0,0,0.0072252452,9,2
1,1,0.9189817,9,1
1,1,0.88271105,9,1
1,1,0.7330502,1,1
1,1,0.7608258,1,1
0,1,0.53055483,1,2
0,0,0.19785091,8,1
0,0,0.42382658,3,1
0,0,0.002651078,9,2
1,1,0.81299937,1,2
1,0,0.3924,8,1
0,0,0.12818618,1,2
0,1,0.7438775,6,1
1,1,0.5519128,6,1
1,1,0.87595797,1,2
1,1,0.8998665,1,1
0,0,0.06671854,1,2
1,1,0.71382904,1,2
1,1,0.9053504,9,1
1,1,0.8479457,1,1
0,0,0.06535292,8,1
0,0,0.06318923,8,2
0,1,0.6240969,6,1
1,1,0.9689716,1,1
1,1,0.94900507,6,1
0,0,0.03282125,1,2
0,0,0.08170621,9,2
1,0,0.24681254,8,1
0,0,0.0020486747,1,1
1,1,0.96968824,6,1
0,0,0.20107158,9,1
1,1,0.9360917,1,1
1,1,0.75538445,8,1
0,0,0.14447398,6,1
1,1,0.57747656,1,1
0,0,0.05224886,8,2
1,0,0.23940824,6,1
0,0,0.009183145,8,2
1,1,0.93978256,6,2
0,0,0.06853576,8,1
1,1,0.95952135,1,2
0,0,0.06144917,1,2
1,1,0.6612048,9,2
0,0,0.034479804,8,2
0,0,0.005719392,1,1
0,1,0.7479217,2,1
1,1,0.87526226,6,2
1,1,0.9485725,1,1
1,1,0.59107345,6,2
1,1,0.949759,1,1
0,0,0.1608401,8,1
1,1,0.9129641,9,2
1,1,0.9146779,1,1
1,0,0.43331343,1,1
1,1,0.850935,1,2
0,0,0.391348,1,1
1,1,0.95965177,8,1
1,1,0.70235276,6,1
1,1,0.6623401,1,1
1,1,0.8786528,1,1
0,1,0.84361476,8,2
1,1,0.9367096,1,2
0,0,0.0021666535,9,1
1,0,0.40708497,7,1
1,1,0.8254917,1,1
0,0,0.03765572,2,2
1,0,0.24854062,6,1
1,1,0.8355355,8,1
0,0,0.087061554,1,1
0,0,0.014639141,1,1
1,0,0.34546405,6,1
1,1,0.62552434,1,2
1,1,0.9779618,6,1
1,1,0.52343947,6,2
1,1,0.9804833,6,1
1,1,0.6061462,1,2
1,0,0.32543844,1,1
0,0,0.39730948,2,1
1,1,0.9650617,1,2
1,1,0.8612281,8,2
1,1,0.9762991,6,1
0,0,0.011801226,8,2
0,0,0.4674286,1,2
0,0,0.18812224,8,1
0,0,0.00046202188,6,1
0,1,0.6439491,9,2
1,1,0.9410318,1,2
1,1,0.8842361,1,1
1,1,0.9020557,9,2
1,1,0.98324096,6,1
0,1,0.89116335,6,2
0,0,0.03474455,2,1
0,0,0.34330222,6,2
1,1,0.71986014,9,1
0,0,0.046381686,9,1
0,0,0.24698254,1,2
0,0,0.16578482,6,2
1,1,0.9177464,6,1
1,1,0.9292894,6,2
0,0,0.03389063,8,2
0,0,0.0072773388,6,2
1,1,0.9774162,6,1
0,0,0.00031737835,1,1
1,1,0.8460037,1,2
0,0,0.025012609,8,2
1,1,0.7464544,1,2
0,0,0.06644841,6,2
0,0,0.114630915,9,2
0,0,0.010678161,8,2
0,0,0.16121559,2,1
1,0,0.26347396,6,2
1,1,0.8146714,1,1
0,1,0.7511657,6,2
0,0,0.2673646,1,2
0,1,0.9508156,3,1
1,1,0.76625144,9,1
1,1,0.71258324,1,2
0,0,0.012548104,9,2
0,1,0.98679763,1,2
0,0,0.13454674,1,2
1,1,0.9902351,1,2
0,0,0.44810423,9,1
1,1,0.91983527,1,2
1,1,0.6588314,1,1
1,1,0.72473127,6,1
0,1,0.97815293,8,1
0,0,0.026937895,8,1
1,1,0.9336411,6,1
1,1,0.9347767,6,1
0,0,0.15603027,8,1
0,0,0.22911026,1,2
0,0,0.03377728,9,1
0,0,0.007125705,6,1
0,0,0.12301977,9,2
1,1,0.84444493,6,2
0,1,0.54602796,1,1
1,1,0.9490017,1,1
1,1,0.72834927,9,1
0,0,0.33755955,8,1
0,0,0.067428276,8,2
0,0,0.25004333,1,2
0,0,0.044394992,9,1
0,0,0.10175625,3,1
0,0,0.022221092,1,2
0,0,0.31253684,9,1
0,0,0.047476638,8,2
0,0,0.008164384,1,2
0,0,0.012710118,9,1
0,0,0.15115088,6,1
1,1,0.97407115,6,2
1,1,0.96084005,1,1
1,1,0.69797945,1,1
0,0,0.06976656,8,2
1,1,0.91912466,1,1
0,1,0.8190272,6,1
0,0,0.0100273825,9,2
0,0,0.22635114,1,1
1,1,0.99467987,6,1
0,0,0.00027963985,8,1
1,1,0.99389416,1,2
1,1,0.960939,1,2
1,1,0.77001345,1,1
1,1,0.97971493,1,1
0,0,0.031373423,9,2
1,1,0.96174693,1,1
1,1,0.85070246,6,2
0,0,0.073511235,8,2
1,0,0.29185307,2,2
1,1,0.66586554,9,1
0,0,0.0009860519,9,2
1,1,0.93864685,1,1
0,0,0.27331802,1,2
1,1,0.8833032,6,2
1,1,0.88666487,8,2
0,0,0.12830646,9,2
1,1,0.9142092,1,1
1,1,0.7995313,1,2
1,1,0.7169621,1,2
0,0,0.021198643,3,1
1,1,0.5761526,1,1
1,1,0.9366554,1,1
1,1,0.93704265,1,1
0,0,0.45332643,1,1
1,0,0.40354416,8,1
1,1,0.9460669,1,2
1,1,0.71708703,1,1
1,1,0.9579342,8,2
1,1,0.9327624,6,2
0,0,0.059767034,9,1
1,1,0.88535446,6,1
1,0,0.4472166,9,2
1,1,0.9827848,9,1
0,1,0.8935525,1,2
0,0,0.09200503,9,1
1,0,0.48382187,6,2
1,1,0.8408899,8,2
1,1,0.98443013,1,1
1,0,0.37023386,9,2
0,1,0.63823193,1,1
0,0,0.03276497,9,2
0,0,0.44908097,9,1
0,0,0.0021999802,1,1
0,0,0.46891552,2,2
0,1,0.5671443,1,1
1,1,0.7018366,8,1
1,1,0.84571177,6,2
1,1,0.7197966,1,2
1,1,0.5483876,1,2
0,0,0.0031916213,1,1
1,1,0.9622199,1,1
0,1,0.68195516,1,1
1,1,0.6804957,1,1
1,1,0.698222,8,1
1,1,0.86749125,1,2
0,1,0.6047452,9,1
0,0,0.0584589,1,2
0,0,0.009346031,6,2
0,0,0.016140662,9,1
0,1,0.58762574,1,1
0,0,0.049011838,1,1
0,0,0.014159268,8,2
0,0,0.000542889,1,1
0,0,0.015139947,1,2
1,1,0.89744484,1,1
0,0,0.3139294,9,2
0,1,0.8230613,6,2
1,1,0.94899744,1,1
1,0,0.3416016,1,1
1,1,0.53772956,9,1
1,1,0.8704903,1,1
1,1,0.9899204,1,1
0,1,0.7793541,1,1
1,1,0.82949287,6,1
0,0,0.20978568,9,1
1,0,0.3168721,8,2
0,0,0.047865573,9,2
1,1,0.9719919,1,1
0,0,0.022874082,3,2
0,0,0.048998628,1,1
1,1,0.96948683,1,1
1,1,0.5254244,1,1
1,1,0.6472402,8,2
1,1,0.6247184,1,2
1,0,0.015384442,1,2
1,1,0.9384045,1,2
1,1,0.6963834,1,1
1,0,0.30282527,8,2
1,0,0.2908999,8,2
0,0,0.41074085,9,1
0,0,8.60676e-05,1,1
0,0,0.16333647,1,1
1,1,0.90056574,1,2
0,0,0.046811767,8,2
0,1,0.6688756,1,1
1,0,0.19260496,6,2
1,1,0.84115756,6,2
1,1,0.9558481,2,1
0,0,0.01614141,1,2
1,1,0.94876575,6,1
0,0,0.04519712,9,2
1,1,0.7707493,8,1
0,1,0.8693683,1,2
0,0,0.0077786557,2,1
0,0,0.20751788,1,1
1,1,0.985827,1,1
0,0,0.02017777,9,1
0,0,0.00016905027,6,1
1,0,0.01780233,1,2
1,1,0.52437544,1,1
1,1,0.7249181,9,2
0,0,0.43850777,1,2
0,0,0.063997336,6,2
1,0,0.30391058,8,2
0,0,0.03993297,8,1
0,0,0.0003296894,6,1
1,1,0.9586916,1,2
1,0,0.30995345,8,2
1,1,0.8924648,1,1
0,0,0.005311205,8,2
0,0,0.24855347,2,1
1,1,0.8105013,1,2
0,0,0.014459685,8,1
0,0,0.33934444,8,1
0,0,0.31914926,1,2
0,0,0.013954286,1,2
0,0,0.26133558,1,2
1,0,0.44498938,9,1
1,1,0.99167097,6,1
0,1,0.6944775,6,2
0,0,0.0007498915,8,2
1,1,0.92699885,1,2
0,1,0.66636425,1,2
0,0,0.26283613,9,1
0,0,0.02584987,8,1
0,1,0.5762655,1,1
1,0,0.028014673,1,1
1,1,0.98439217,1,1
0,0,0.1144654,6,1
0,1,0.5708079,3,2
0,0,0.0012422487,1,1
1,0,0.11028691,6,1
0,0,0.026815875,8,2
1,1,0.5977897,1,2
1,1,0.87266797,1,2
0,0,0.032987613,1,2
0,1,0.96197087,1,2
1,1,0.7192116,9,1
0,0,0.19686173,1,1
1,1,0.7697356,1,1
0,0,0.0014198904,6,1
0,0,0.0076299678,8,1
1,1,0.8864176,6,2
1,1,0.69591236,1,1
1,1,0.94389117,6,1
0,0,0.49661016,6,2
1,1,0.6326776,6,2
0,0,0.08476427,9,2
0,0,0.15536757,9,2
1,1,0.7480462,6,1
0,0,0.40597957,1,2
0,0,0.0985992,1,2
1,1,0.63860327,9,1
0,0,0.0007432944,2,1
1,1,0.9180788,9,1
0,1,0.5715357,1,2
0,0,0.15422904,1,2
0,0,0.0030109691,9,1
0,0,0.3348801,6,2
0,0,0.020361533,8,2
0,0,0.0007372561,9,2
1,1,0.7399872,9,1
0,0,0.0030750073,8,2
0,1,0.536606,6,2
0,0,0.22402468,1,1
0,0,0.09592555,1,2
1,1,0.9578407,6,1
0,0,0.015734082,1,2
0,0,0.25772515,8,2
0,0,0.0025740308,1,2
0,0,0.06326229,8,2
0,0,0.08749999,9,2
1,1,0.9725925,1,2
1,0,0.13367471,8,2
0,0,0.024421016,1,2
0,0,0.39927962,1,1
0,0,0.0016884675,8,2
0,0,0.10108669,6,1
0,1,0.6874819,1,1
0,0,0.0613509,1,1
1,1,0.8407808,6,1
0,0,0.01515394,8,2
0,0,0.0384706,8,1
1,1,0.6063302,1,2
0,1,0.83765787,1,1
1,1,0.68628997,8,1
1,1,0.98881686,6,2
0,0,0.28113925,1,2
0,1,0.56381327,6,2
0,0,0.047470905,1,1
0,1,0.89754766,8,2
1,0,0.45995265,1,1
1,1,0.830466,1,2
0,0,0.088430695,9,2
1,1,0.5846226,8,2
0,0,0.10053149,6,2
1,0,0.3408636,1,2
0,0,0.015664818,1,1
1,1,0.99838865,1,1
1,1,0.95979375,6,1
1,1,0.6762111,1,2
0,1,0.72028655,8,1
0,0,0.11656564,8,1
0,0,0.2414397,8,1
0,0,0.0122890435,8,1
1,1,0.96528125,1,1
1,0,0.09806979,1,2
0,0,0.32467803,9,2
0,0,0.060276948,6,2
0,1,0.86145824,1,2
1,1,0.943839,1,1
0,0,0.0014517135,6,2
0,0,0.0006520837,6,2
0,0,0.08520086,8,1
1,1,0.73512936,1,2
1,1,0.9944989,1,1
1,1,0.9301502,1,2
0,0,0.003160009,1,2
0,0,0.3970329,8,1
0,1,0.5113639,1,1
0,1,0.92981666,1,1
0,0,0.008768269,9,2
0,0,0.1438669,1,2
0,0,0.17713785,9,1
1,0,0.08723043,1,1
0,1,0.68395567,2,1
0,0,0.015037818,1,1
1,1,0.93391764,6,1
0,0,0.001633145,9,2
0,1,0.6108855,6,2
0,1,0.9359994,9,2
1,0,0.24740425,1,2
1,1,0.58797204,8,1
1,1,0.92145497,8,1
1,1,0.85476196,1,1
0,0,0.0032448145,6,1
1,1,0.9410559,1,2
1,1,0.89813495,6,1
1,1,0.991161,6,1
0,0,0.20549117,8,2
1,1,0.8730099,6,1
0,1,0.8256455,1,1
1,1,0.8082667,9,2
1,1,0.6946429,1,1
1,1,0.86080754,6,2
1,1,0.9724114,1,2
1,1,0.97621936,1,1
1,0,0.09823208,3,2
0,0,0.20669633,1,1
1,1,0.65362835,9,2
0,0,0.36571953,6,2
1,1,0.61976224,3,1
0,0,0.27848735,6,2
1,0,0.41528806,2,1
1,1,0.96605957,1,1
1,1,0.79541135,8,1
0,1,0.9293715,9,2
1,1,0.78713065,1,1
1,1,0.90043044,1,2
0,1,0.5778376,1,1
0,1,0.6572647,1,1
0,0,0.29906666,6,1
1,1,0.7621003,1,1
1,1,0.64006263,6,1
1,1,0.7055693,1,1
0,0,0.029252755,8,2
1,1,0.5642964,1,1
0,0,0.0028837204,9,1
1,1,0.9896987,1,1
1,1,0.6107755,1,1
0,0,0.18370566,8,1
1,1,0.95842606,6,1
0,0,0.37680355,9,1
1,1,0.97716796,1,1
1,1,0.9448525,1,2
0,0,0.020137118,8,2
0,0,0.14997455,1,2
0,0,0.07926994,9,1
1,0,0.49704036,9,2
0,1,0.9893667,6,2
0,0,0.16915712,1,2
1,0,0.22833951,6,1
1,0,0.3986921,1,1
1,1,0.95393753,6,1
1,1,0.8411743,1,2
0,0,0.00057459367,1,2
0,0,0.017967336,1,1
0,1,0.52197987,1,2
0,0,0.10423233,6,1
0,0,0.4161476,6,1
0,1,0.69798315,8,1
1,0,0.4296284,1,2
0,1,0.76968074,1,2
0,1,0.89083505,1,1
1,1,0.99184954,1,1
1,1,0.9850081,9,1
1,1,0.9872514,6,1
0,0,0.039573587,9,1
1,0,0.49134758,1,2
1,1,0.95952773,1,1
1,1,0.88111305,6,1
1,1,0.9511786,9,2
0,1,0.76148206,6,1
1,1,0.9904743,6,2
1,1,0.9181705,9,2
0,0,0.088356465,9,1
0,1,0.63944584,1,1
0,0,0.082920216,8,2
0,0,0.0020959796,8,2
0,0,8.7301465e-05,9,2
0,0,0.029352976,6,2
0,0,0.20004617,1,1
1,1,0.9747493,1,1
0,0,0.49017787,1,2
1,1,0.8799747,6,1
0,0,0.26859012,9,1
1,1,0.65031564,1,1
1,1,0.7079954,9,1
1,0,0.21794482,1,1
1,0,0.13440399,6,2
1,1,0.7713881,8,1
0,0,0.40579963,6,2
0,0,0.15238301,8,2
1,1,0.8745115,1,2
0,0,0.0018569132,2,2
0,0,0.06466261,6,1
0,0,0.053357504,8,2
1,1,0.68786937,9,1
0,0,0.025476594,1,1
0,0,0.020823801,6,2
1,1,0.97875917,1,1
1,1,0.8997648,1,1
0,0,0.09373109,6,1
0,0,0.0055496697,8,1
1,1,0.83071566,1,1
1,1,0.7800753,6,2
0,0,0.0034739887,9,1
0,1,0.7155447,8,1
0,1,0.8870813,6,1
1,1,0.69925886,8,1
1,0,0.038121585,9,2
0,0,0.00831134,8,1
1,1,0.9443032,1,2
1,1,0.63660806,9,1
1,1,0.8049373,6,1
0,1,0.75174963,1,2
1,1,0.90083337,1,1
1,1,0.868465,6,2
0,0,0.12703647,8,2
0,0,0.0020380206,1,1
0,0,0.10952557,6,1
1,0,0.41451475,1,1
0,0,0.0021630432,8,1
1,0,0.092874095,1,2
0,0,0.31921837,1,2
0,1,0.8513928,9,2
1,1,0.99097437,1,1
1,1,0.6432274,9,1
1,1,0.966824,1,2
0,0,0.00964635,1,1
0,0,0.00863037,9,1
1,1,0.6456463,1,2
0,0,0.019343046,8,2
1,1,0.978217,6,1
0,1,0.98213655,1,1
0,0,0.011215561,9,2
0,0,0.011200558,6,2
0,0,0.02248364,8,2
1,1,0.6350914,6,1
1,1,0.67711365,1,1
1,1,0.9062818,9,1
1,0,0.013656547,8,2
1,1,0.51631075,6,1
1,0,0.15573463,1,2
0,0,0.069365926,8,1
1,1,0.84914917,6,1
1,1,0.6716539,6,2
1,0,0.37167415,1,1
0,0,0.0073881582,8,1
0,0,0.21851055,1,2
0,0,0.006105462,2,2
1,1,0.62538236,1,2
0,0,0.39244914,1,1
1,1,0.97705656,1,1
1,1,0.6181067,6,2
0,0,0.001368598,1,1
0,1,0.9880156,2,1
0,1,0.90052253,1,2
1,1,0.97750103,6,2
0,0,0.10468024,8,2
0,0,0.22278099,1,2
1,1,0.94672143,1,1
1,1,0.9990907,6,2
1,1,0.91238606,2,1
0,0,0.034861956,8,2
0,0,0.026797205,9,2
1,1,0.91669047,1,1
0,1,0.5425389,6,2
1,0,0.23023658,8,1
1,1,0.5381374,9,2
1,1,0.96811634,1,2
0,0,0.0790641,9,1
0,0,0.47664618,1,2
0,0,0.18405908,1,2
1,1,0.69536436,1,1
0,1,0.51869494,1,1
1,0,0.07970591,6,1
0,0,0.0013842349,1,2
0,1,0.7318045,6,2
0,0,0.37695992,8,2
1,1,0.8156401,1,1
0,0,0.13424061,1,2
1,1,0.9789443,1,2
1,1,0.91173315,6,2
0,0,0.09827222,1,2
1,1,0.8861633,9,1
0,0,0.0019178524,1,2
0,0,2.8439481e-05,1,1
1,0,0.37087315,1,1
1,0,0.09813761,1,2
0,0,0.059659276,9,1
0,0,0.2930037,9,2
1,1,0.69150084,1,1
0,1,0.52910346,1,2
0,1,0.771806,1,2
1,1,0.89482826,1,2
0,0,0.021745548,6,1
1,1,0.58336943,1,1
1,1,0.91115206,9,2
1,1,0.98850423,1,1
1,1,0.57198,9,1
0,0,0.004368801,9,1
0,0,0.028370105,6,2
0,0,0.055104204,8,2
0,0,0.011099469,6,2
1,1,0.6454552,9,1
1,1,0.794355,9,1
0,0,0.26019305,2,1
1,1,0.6317014,6,1
0,0,0.15297174,6,2
0,1,0.98738796,1,1
0,0,0.00028462106,3,2
0,0,0.109554715,9,2
1,0,0.29028723,8,1
1,1,0.8349681,1,1
1,1,0.76629865,6,2
1,1,0.9511393,1,1
1,1,0.9801825,1,1
0,0,0.25524923,9,2
0,0,0.046073485,9,1
0,0,0.034326423,6,1
1,0,0.47048867,1,2
1,1,0.6936122,9,2
1,1,0.9128899,1,1
1,1,0.8745951,6,1
1,1,0.97412306,1,1
0,0,0.057150576,9,2
1,1,0.9702955,1,1
0,0,0.005614017,9,2
0,0,0.31489488,1,1
1,1,0.99301434,1,1
1,1,0.892435,1,1
0,0,0.027159307,1,2
1,1,0.79923385,1,1
1,1,0.9530227,1,2
0,1,0.7358476,1,1
0,0,0.027248448,2,1
1,0,0.35962105,1,2
1,1,0.93505245,1,1
1,1,0.8228137,1,2
0,0,0.019423194,9,2
0,0,0.17690781,8,2
0,0,0.4012461,8,1
1,1,0.8311448,9,1
1,1,0.95698357,1,1
0,0,0.19263148,6,1
1,1,0.99701655,6,1
1,1,0.75682294,9,2
1,1,0.9760492,6,1
1,0,0.3822508,1,1
1,0,0.29483446,8,1
0,0,0.030266909,1,2
0,0,0.0013413726,6,1
1,1,0.9134201,1,2
1,0,0.27781746,8,2
0,1,0.7273234,8,1
1,0,0.36566442,1,2
1,1,0.5688588,6,2
1,1,0.92415446,6,1
1,1,0.7835257,8,2
0,0,0.045954615,9,2
0,0,0.18584883,8,1
1,1,0.8208068,1,1
0,0,0.23536687,6,2
0,0,0.0023982443,6,1
1,0,0.2565964,1,1
1,1,0.8684181,9,1
0,1,0.6149799,1,2
0,1,0.8477195,8,2
1,1,0.9305066,1,1
0,0,0.003665326,7,2
0,0,0.11871835,8,2
0,0,0.040519767,8,2
0,0,0.27514172,8,1
0,0,0.0466822,9,1
1,0,0.20477921,2,2
0,0,0.44238934,2,1
0,0,0.0015148708,8,2
1,1,0.997917,6,2
0,0,0.018684126,9,2
1,1,0.81120276,1,1
0,0,0.16651544,8,1
1,1,0.8801094,1,2
1,1,0.91482025,1,1
1,1,0.9559556,1,1
1,1,0.53869855,8,1
0,1,0.7110561,1,1
0,0,0.36440343,3,2
1,1,0.93341124,6,2
0,0,0.24642241,9,1
1,1,0.9710924,1,2
1,1,0.8920637,9,2
0,0,0.3004927,5,1
0,0,0.020199027,8,2
0,0,0.15641369,3,2
1,1,0.87670094,8,1
0,0,0.047117393,8,2
1,1,0.86590385,1,1
0,0,0.0128262965,8,1
0,1,0.55173767,6,1
1,1,0.67987466,1,1
0,0,0.03016905,1,1
0,0,0.031030575,8,2
0,1,0.652038,9,2
0,0,0.0017321982,9,2
1,0,0.37441579,1,1
0,0,0.018707046,8,1
1,1,0.5820031,9,1
1,1,0.91442025,8,1
0,0,0.0051334435,1,1
1,1,0.9567115,6,2
0,0,0.32141235,2,1
0,0,0.0036722212,8,2
1,0,0.24969983,1,2
0,0,0.48800972,1,2
0,0,0.41564995,1,2
0,0,0.004179786,6,2
0,0,0.16085263,3,2
0,0,0.0039174464,1,2
1,0,0.34723338,1,2
0,0,0.0009832296,3,1
0,0,0.05463073,9,1
0,1,0.92205435,6,2
0,0,0.0040895357,2,2
1,0,0.08866501,8,1
0,0,0.33108094,1,1
1,1,0.95913947,1,2
0,0,0.09467427,2,2
0,0,0.013070576,8,2
1,1,0.9363788,1,1
1,1,0.979859,1,1
1,1,0.9542798,1,1
0,1,0.59556574,6,2
0,0,0.00948127,1,1
1,1,0.9709317,1,1
0,0,0.36018902,1,1
1,0,0.45330027,5,2
0,0,2.559635e-05,9,1
1,1,0.9568371,1,2
0,0,0.11146175,1,1
0,0,0.120785594,1,1
1,1,0.90646213,1,2
1,1,0.72914124,2,1
0,0,0.00020155786,6,2
0,0,0.0183358,9,1
1,1,0.5489557,6,2
0,0,0.07642003,8,2
0,0,0.0029758331,1,1
0,0,0.38063645,6,1
0,0,0.00023487143,1,2
1,1,0.69320375,1,2
1,1,0.9549863,1,1
0,1,0.7807028,1,1
1,0,0.3003592,6,1
1,1,0.6642463,9,1
0,0,0.0041117645,8,2
1,0,0.014197858,1,1
1,0,0.2668035,7,2
0,0,0.03483601,6,2
0,1,0.6723381,1,1
0,0,0.003943833,8,2
1,1,0.9835752,6,1
1,1,0.783833,9,2
0,0,0.014099044,9,2
0,0,0.102685794,6,1
0,0,0.0088031255,8,2
0,0,0.02356528,9,2
1,0,0.32627943,1,2
0,1,0.69557214,3,1
1,1,0.51476973,1,1
1,1,0.9190616,1,1
0,1,0.53563637,1,1
1,0,0.029089008,2,2
1,1,0.9238506,6,2
0,0,0.019263899,1,2
0,0,0.092296086,9,1
0,0,0.0017541801,6,2
0,0,0.0028156263,6,2
0,0,0.07401844,9,2
0,1,0.86840963,6,2
0,1,0.88185513,8,2
0,0,0.09469168,9,2
0,0,0.085482106,8,2
1,1,0.8618087,1,2
1,1,0.79162943,9,2
0,0,0.044726383,9,1
1,1,0.7841761,9,1
0,1,0.66207314,1,1
0,0,0.3324325,6,2
0,0,0.00267165,8,2
1,1,0.9219762,1,1
0,0,0.08335551,8,1
0,0,0.03483378,8,1
1,1,0.99380314,1,1
0,0,0.01186661,8,2
1,1,0.9679822,1,2
1,1,0.96033347,1,1
0,0,0.009809817,8,1
1,1,0.6849028,1,1
0,0,0.20463973,8,1
0,0,0.037752654,2,1
1,1,0.9394119,1,1
1,1,0.9847109,6,1
1,1,0.9007916,8,2
1,1,0.9684004,8,1
0,0,0.0078375805,8,2
1,1,0.9592512,2,2
0,0,0.025625283,8,1
1,1,0.96099585,9,2
1,1,0.91219556,6,1
1,0,0.0030813534,8,2
0,0,0.22554168,6,1
1,1,0.9607281,1,1
1,1,0.6918605,1,1
1,1,0.67632276,1,1
0,0,0.041621223,6,1
1,1,0.66821635,8,2
1,1,0.9932862,1,1
1,1,0.8831415,1,2
0,1,0.9070471,2,2
1,1,0.99512225,1,2
0,0,0.00034570112,6,2
0,0,0.028995825,9,1
0,0,0.045671504,9,2
1,1,0.91091937,9,2
1,1,0.959565,1,2
0,0,0.030406035,8,2
0,0,0.13144122,8,1
0,0,0.006233126,8,2
0,0,0.041369777,1,2
0,0,0.016322486,1,2
0,0,0.0085561415,6,2
1,1,0.99220955,1,1
0,0,0.00044191928,1,1
0,0,0.18604313,6,2
0,0,0.0037246323,1,1
1,1,0.928668,2,2
1,1,0.76503116,9,1
0,0,0.15100236,1,1
1,1,0.99128985,1,1
1,0,0.4729031,1,2
0,0,0.11979729,8,1
0,0,0.39211985,8,2
1,1,0.5863438,9,1
1,1,0.7717598,6,1
0,0,0.3792913,9,2
1,1,0.91920817,1,2
0,0,0.18271746,1,2
0,0,0.007966162,6,2
1,1,0.94108653,1,1
0,1,0.5701431,1,1
0,0,0.00037032284,1,2
1,1,0.93756735,1,1
0,0,0.006416236,6,1
1,0,0.070376284,6,2
1,1,0.97769004,6,1
1,0,0.25237447,9,1
0,0,0.3140629,1,1
0,0,0.0014389477,1,2
1,1,0.87779117,1,1
0,0,0.02201328,1,1
1,1,0.73131126,1,1
1,1,0.86712116,6,1
0,0,0.29313383,6,1
0,0,0.24932104,1,1
0,0,0.18055218,1,2
1,1,0.96961415,8,1
1,0,0.03453634,9,1
1,1,0.9103448,6,2
0,0,0.45751235,9,1
0,0,0.1393236,9,2
1,1,0.6321487,9,2
0,0,0.0002473767,1,2
0,1,0.8122505,1,2
0,0,0.054853413,2,2
1,1,0.9412071,1,1
1,1,0.9758975,1,1
1,1,0.9752219,6,2
1,1,0.9086315,1,2
0,1,0.87081856,6,2
0,0,0.0010380069,6,1
0,1,0.6245943,6,2
0,0,0.024886478,8,2
1,1,0.5204541,6,2
1,1,0.96911913,1,1
0,0,0.11462127,1,1
0,0,0.05688563,5,2
0,0,0.11355611,1,2
0,0,0.030566227,6,2
0,0,0.203087,9,1
1,1,0.96399486,1,1
0,0,0.009055944,6,1
0,0,0.15196,2,2
1,1,0.831141,1,1
0,0,0.008072111,2,1
0,1,0.5317203,6,2
1,1,0.943745,6,2
0,0,0.2719295,8,2
0,0,0.08693284,2,2
0,1,0.7539651,5,1
1,1,0.8472568,6,2
1,1,0.81572884,8,1
0,0,0.20620444,1,2
0,1,0.7664144,1,1
0,0,0.1585807,6,1
0,0,0.0001408796,1,1
1,1,0.8436368,9,2
1,1,0.88838226,6,2
1,1,0.9233442,1,2
1,1,0.9276719,1,1
1,1,0.559471,1,1
0,1,0.931627,1,2
1,1,0.8543783,6,2
0,0,0.049157135,6,1
1,1,0.8469916,1,1
1,1,0.9950584,1,2
1,1,0.9532,6,2
1,1,0.97009957,1,1
0,0,0.07703617,1,1
0,1,0.8940545,1,1
1,1,0.9454222,6,2
0,0,0.0023859718,9,1
1,1,0.9756377,1,1
0,0,0.019658366,1,1
1,1,0.9902361,6,1
1,0,0.29426554,6,2
0,1,0.8570038,8,2
0,0,0.0058284663,8,1
0,0,0.2834632,2,2
1,1,0.8251493,1,1
0,0,0.017917505,8,2
0,1,0.61031103,6,1
0,0,0.34293357,8,2
0,0,0.025454748,8,2
0,0,0.011540398,6,2
1,1,0.99616253,9,2
0,0,0.088882,9,2
1,1,0.94941354,1,1
0,0,0.11262364,1,2
0,0,0.0023592599,9,2
0,0,0.007670784,9,1
1,1,0.8328532,6,2
0,0,0.017429488,8,2
1,0,0.4747014,9,1
0,0,0.0010205932,9,2
0,0,0.44020528,1,2
0,0,0.052865032,9,1
0,0,0.0033631888,9,1
0,0,0.08339346,8,2
0,0,0.10447635,8,1
0,1,0.8693812,1,2
1,1,0.5588326,1,2
1,1,0.98610514,1,1
1,1,0.94202805,6,1
1,1,0.9530585,1,1
1,0,0.0030784267,9,1
0,0,0.07210019,9,1
1,1,0.75345653,1,1
1,1,0.81920946,8,1
1,1,0.95022357,1,2
0,0,0.49586532,6,1
0,0,0.010232382,9,2
1,1,0.52189267,6,1
1,1,0.98612416,1,2
0,1,0.7697044,6,2
0,0,0.02264332,8,2
0,1,0.5155027,9,1
0,0,0.0016597084,9,1
0,0,0.0060342685,1,1
1,1,0.99318886,9,1
0,0,0.18277968,6,2
0,0,0.07702587,1,2
1,1,0.97814023,1,1
1,1,0.68289614,6,1
1,1,0.5834135,1,2
0,1,0.83604723,1,1
0,0,0.0006917584,8,2
1,0,0.4925651,8,2
0,0,0.08062761,8,1
1,1,0.8401855,1,1
0,0,0.12765525,9,1
1,1,0.92411053,8,2
1,1,0.9504998,1,2
1,0,0.25280455,8,1
1,1,0.90388083,1,1
0,1,0.8692584,9,1
0,0,0.0026674834,1,2
1,1,0.9516578,9,2
1,0,0.14960647,9,2
0,0,0.049839772,8,1
0,1,0.5368235,1,1
1,1,0.953045,1,1
0,0,0.24220353,1,1
1,1,0.7145501,6,2
0,0,0.11497841,6,2
0,0,0.01335085,1,1
0,0,0.018724335,8,2
0,0,0.16620065,6,2
0,0,0.13241726,9,1
0,0,0.38355112,9,1
0,0,0.41096938,1,2
0,0,0.014713716,9,1
1,1,0.9468221,6,2
0,0,0.004340525,8,1
0,0,0.18043186,6,1
0,0,0.015035502,9,1
0,0,0.040449943,1,2
1,0,0.49823043,1,1
0,0,0.139562,9,2
0,0,0.05561612,8,2
1,1,0.8971758,1,2
1,1,0.8328948,1,1
1,1,0.9887121,1,1
0,0,0.037587352,9,2
0,0,0.14059922,2,1
0,0,0.38060683,8,1
0,0,0.030234322,9,1
0,0,0.0028593645,9,2
0,1,0.668063,1,2
0,0,0.0523496,6,1
1,1,0.99613106,8,2
0,0,0.4017812,6,2
1,1,0.9748478,6,1
1,1,0.9567034,1,2
1,1,0.92003495,1,2
1,0,0.35630298,1,1
0,0,0.009273576,8,2
1,1,0.94379187,1,1
0,0,0.003590761,8,2
1,1,0.5298641,8,1
1,1,0.9287299,1,1
0,0,0.41179174,1,1
0,1,0.9109233,1,2
0,0,0.024269886,6,2
0,0,0.00023102047,1,1
1,1,0.79002684,8,1
1,1,0.94499934,7,2
1,0,0.4949009,1,2
1,1,0.81171125,1,1
0,1,0.6188733,9,1
0,1,0.53707075,1,1
1,1,0.9681828,1,1
0,0,0.46825203,6,2
0,0,0.10236939,1,1
1,1,0.581991,1,1
0,1,0.53585243,6,1
0,0,0.2555041,9,1
0,0,0.07162755,6,2
0,0,0.2539721,1,1
1,1,0.8507539,1,1
1,0,0.1786011,1,2
1,1,0.9583397,6,1
0,0,0.01611539,6,2
1,1,0.8857805,1,1
1,1,0.93301135,6,1
0,0,0.004223151,8,1
1,1,0.95126677,1,1
0,0,0.3254572,9,1
1,1,0.76351494,6,2
1,1,0.8957962,6,1
0,0,0.22600293,8,1
0,0,0.03984526,6,2
1,1,0.9390888,1,2
1,1,0.86277217,1,2
1,1,0.9395679,1,2
0,0,0.081462584,6,1
0,0,0.05834536,8,1
1,1,0.996387,9,1
0,0,0.07836257,8,1
1,1,0.51043516,6,1
1,0,0.47467282,1,2
1,1,0.70987964,1,2
0,0,0.030455174,1,2
0,0,0.09518913,1,2
0,0,0.10186219,1,2
1,1,0.61454105,6,1
0,0,0.029908706,7,2
1,1,0.5048968,8,1
1,1,0.7755193,8,1
0,0,0.046441738,8,1
0,0,0.0023291714,6,2
1,1,0.9721061,1,1
1,1,0.9129194,1,1
1,1,0.9192722,1,2
0,0,0.063463315,9,2
1,1,0.57180864,8,1
0,0,0.0027483383,9,2
1,1,0.8729585,1,2
0,0,0.26463556,1,1
1,0,0.19344082,1,1
0,0,0.12231729,9,1
0,0,0.12518494,9,1
0,0,0.0012078225,9,1
1,1,0.90296584,6,2
1,1,0.8789928,9,2
0,0,0.1717051,9,2
0,0,0.28965655,6,2
1,1,0.90062493,6,2
0,0,0.0030617733,1,1
1,1,0.97655404,1,1
1,0,0.21732701,1,1
0,0,0.00083751924,2,2
1,1,0.87261015,1,2
0,0,0.0015433737,8,1
0,0,0.36471358,6,1
1,1,0.66833115,6,2
0,0,0.0065109655,1,2
0,0,0.047128823,8,2
1,1,0.63596386,6,1
0,0,0.10922265,8,1
1,1,0.5270259,1,2
0,0,0.17559381,8,1
0,0,0.20998871,1,2
1,1,0.7435342,6,2
1,0,0.2532751,6,1
0,1,0.7625612,8,1
1,1,0.6908909,1,1
1,1,0.91284597,1,1
0,1,0.6863893,1,1
1,1,0.67199,8,1
0,0,0.19311683,8,2
1,1,0.86049455,6,2
1,1,0.95058376,6,2
0,0,0.07210659,1,2
1,0,0.29071942,1,1
1,0,0.38942584,9,2
1,1,0.95169437,2,1
0,0,0.05073344,1,2
0,1,0.6532609,9,1
1,0,0.20364133,1,1
1,1,0.83531207,2,2
1,1,0.84663594,6,2
1,1,0.9847121,6,1
1,0,0.48054484,3,1
0,0,0.16685277,9,1
0,0,0.07924097,6,2
0,1,0.6438805,1,2
1,1,0.8323295,1,2
1,1,0.90711737,1,1
1,1,0.9731952,6,1
1,1,0.738163,6,2
0,1,0.5517432,1,1
0,0,0.012607967,9,1
0,1,0.59026957,1,1
1,1,0.7369619,9,1
1,1,0.9676331,1,1
1,1,0.6161177,8,2
1,1,0.84250456,1,1
0,0,0.0014363833,1,2
1,1,0.97146297,9,1
0,0,0.009523736,9,1
0,0,0.06688538,8,2
0,0,0.015283037,9,1
0,0,0.005135161,8,2
0,0,0.057233457,8,2
1,0,0.12496836,8,1
1,1,0.8089939,9,2
1,1,0.85246,1,2
0,0,0.44257984,8,2
1,1,0.9271361,2,2
1,1,0.99494654,1,2
0,0,0.3952998,6,1
0,0,0.027448826,9,2
1,1,0.9192338,1,2
0,0,0.12535305,6,2
1,1,0.8732933,1,2
1,1,0.95409507,6,1
0,0,0.07456407,1,2
0,0,0.00070633186,1,2
0,1,0.53669626,1,1
1,1,0.63886255,1,1
0,0,0.27190953,9,2
0,0,0.27882522,3,1
0,0,0.0013911136,8,2
1,1,0.66848963,1,1
0,0,0.024815377,8,1
0,0,0.48385927,1,2
0,1,0.6350423,1,2
1,1,0.977466,1,2
1,1,0.83599603,9,1
1,1,0.9347459,8,2
0,0,0.032965664,9,2
0,0,0.3348242,8,1
0,0,0.30758083,8,1
0,0,0.14171563,1,1
1,1,0.9384703,6,2
0,0,0.0032415327,9,1
1,1,0.907848,1,1
1,1,0.9397021,1,2
0,0,0.046618875,9,1
1,1,0.86910784,6,2
0,1,0.87140256,9,2
0,0,0.031131122,1,1
1,0,0.34990865,6,1
1,1,0.6146209,8,1
1,1,0.9764322,1,2
1,1,0.90276694,1,2
0,0,0.48179904,8,2
1,1,0.8314207,9,2
0,0,0.015423221,8,2
0,0,0.030640844,9,2
1,1,0.95939296,1,2
1,1,0.96612555,1,1
0,0,0.069653735,8,1
0,0,0.0024424351,1,1
1,1,0.66463864,8,1
0,0,0.031072741,9,2
1,1,0.7516869,9,2
1,1,0.6256884,2,1
1,1,0.9772271,1,2
0,0,0.011816428,2,2
1,1,0.5631295,1,2
1,1,0.80189496,1,2
0,0,0.0014251202,8,1
1,1,0.97558504,1,2
1,0,0.4580528,8,2
0,1,0.8307057,9,1
1,1,0.91748583,8,1
1,1,0.7434344,1,2
0,1,0.6334214,1,1
0,0,0.43576515,1,2
0,0,0.08327998,8,1
1,1,0.9789519,1,1
1,1,0.99208087,1,1
0,0,0.0010292061,8,2
1,1,0.9042119,1,2
0,0,0.10122135,8,1
1,1,0.8601652,1,2
0,1,0.59987444,1,1
1,1,0.9447521,8,1
0,0,0.092208154,6,1
0,0,0.0002628411,1,1
1,1,0.6999694,9,1
0,1,0.66279656,8,1
1,1,0.9002534,6,1
1,1,0.819008,6,2
0,0,0.087185495,6,2
0,0,0.33911,8,2
0,0,0.01885455,8,2
0,0,0.054696273,8,2
1,0,0.1213626,9,1
1,1,0.95947146,2,2
1,1,0.9025853,6,1
0,1,0.856701,1,2
1,1,0.5421476,9,2
0,1,0.63541716,9,1
1,1,0.96318185,1,1
1,1,0.7060169,1,2
0,0,0.056892443,1,1
1,0,0.45214468,1,2
0,0,0.018952398,1,1
1,1,0.8725376,1,2
0,0,0.06927901,9,1
1,1,0.7957948,1,2
1,1,0.9763767,6,1
1,1,0.9462045,1,1
0,0,0.19875094,2,1
0,0,0.038266085,8,1
1,1,0.866107,9,1
0,0,0.34051806,1,2
1,0,0.19313705,1,2
0,0,0.4524078,6,2
0,1,0.66443604,6,1
1,1,0.9221182,1,1
0,0,0.04333992,8,1
0,0,0.10769738,1,1
1,0,0.49477854,6,2
1,0,0.20868841,8,2
0,0,0.17221744,9,1
1,1,0.97515094,1,1
0,0,0.028821055,9,2
1,1,0.980803,1,2
1,1,0.9596048,1,2
0,0,0.038324732,8,2
1,1,0.8688937,1,2
1,1,0.6654305,1,2
0,0,0.4799651,9,2
1,1,0.93475693,9,1
1,1,0.797593,8,2
0,0,0.044432018,2,2
0,0,0.34263876,1,1
0,0,0.085364945,8,1
1,1,0.95484996,6,1
0,1,0.8379394,6,2
0,0,0.10987047,1,2
1,1,0.83346087,8,2
0,0,0.076485164,9,2
1,0,0.10719327,8,1
0,1,0.8624182,1,1
0,0,0.26011074,1,1
1,1,0.6431925,1,1
0,0,0.25521493,1,1
1,1,0.98249465,1,1
1,1,0.9681676,9,1
0,0,0.46072936,1,1
1,1,0.63910127,1,2
0,0,0.25869405,1,2
0,0,0.07513757,8,2
1,1,0.92698646,6,1
0,0,0.019901942,8,1
1,0,0.2513232,6,1
0,0,0.14815041,1,1
0,0,0.18149343,8,2
1,1,0.9580176,1,1
0,1,0.53752124,9,1
0,0,0.15190293,1,2
1,1,0.94694316,5,2
1,1,0.9438715,1,2
1,0,0.16741243,1,1
1,1,0.9117068,1,1
1,1,0.9127944,1,1
1,1,0.6495518,6,2
1,1,0.98659086,1,1
0,0,0.27168897,6,2
0,0,0.43945307,1,2
0,0,0.1828878,8,1
0,0,0.05983772,6,2
1,0,0.46274444,1,2
1,1,0.6406925,1,2
1,1,0.9159085,8,2
1,1,0.8869846,6,2
1,1,0.9879931,9,1
0,0,0.037551604,8,1
1,1,0.9017248,6,2
1,1,0.9439209,1,1
1,1,0.873164,6,1
0,0,0.18367551,6,2
1,0,0.047460567,1,2
0,0,0.04902015,9,1
0,0,0.24682313,2,1
0,0,0.0724679,8,2
1,0,0.45530978,1,2
0,0,0.24901468,8,1
1,0,0.28278247,9,2
1,0,0.17672609,2,1
0,0,0.25295284,1,2
1,1,0.9085164,9,2
1,0,0.066265024,1,2
1,1,0.8133754,1,1
0,0,0.0022558663,8,1
0,0,0.059447214,9,1
1,1,0.828165,1,1
1,1,0.8756506,1,2
0,0,0.055067647,9,1
1,1,0.97233045,1,1
0,0,0.015167117,1,1
1,0,0.30049843,6,1
1,1,0.68909,6,1
1,1,0.9937729,1,1
0,0,0.37745997,6,2
1,1,0.6985668,9,2
1,1,0.9233524,9,1
1,1,0.77317756,1,2
0,0,0.13258961,3,1
1,1,0.8804452,1,1
1,1,0.9690392,6,1
0,0,0.04878486,8,1
0,0,0.0034601828,1,2
0,0,0.004757353,1,1
1,1,0.89102733,1,1
1,0,0.37145972,3,1
0,0,0.055784374,1,2
0,0,0.4243139,6,2
1,0,0.27158925,1,1
0,0,0.11360269,2,2
1,1,0.92374504,1,2
0,1,0.6883517,2,1
1,1,0.9784894,1,1
0,0,0.025414834,1,1
1,1,0.8046088,3,2
1,1,0.95264405,6,2
0,0,7.830531e-05,6,1
0,0,0.0015118618,1,1
1,1,0.6814531,1,1
0,0,0.14152582,9,2
0,0,0.29617587,2,1
1,1,0.75326127,1,2
1,1,0.86451906,8,1
1,1,0.9478985,9,1
0,0,0.0064906185,8,1
0,0,0.027147582,8,1
0,0,0.10474772,1,1
0,0,0.3758537,1,2
1,0,0.3797935,1,1
1,1,0.9772455,1,2
1,0,0.08037065,1,2
0,0,0.30423993,8,1
1,1,0.99392325,1,1
0,0,0.041189294,8,1
1,1,0.9897921,9,2
1,1,0.9237081,1,1
0,1,0.6825279,1,1
1,1,0.948031,1,1
0,0,0.40420005,1,1
0,1,0.51535946,1,1
0,0,0.22282232,1,2
0,0,0.04858224,6,1
0,0,0.14428547,6,1
1,0,0.31488043,6,2
0,0,0.47025394,8,1
1,1,0.93895984,8,1
1,1,0.9578205,1,1
1,0,0.10202638,8,2
0,1,0.5124872,1,2
1,1,0.9934727,6,2
0,0,0.34436446,1,1
1,1,0.5622974,8,1
0,0,0.1404266,6,1
1,1,0.6492721,6,2
0,0,0.44728786,8,1
0,0,0.0014216711,9,2
1,1,0.65965575,8,1
0,0,0.13757832,1,2
0,0,0.18421982,6,2
1,1,0.98364615,1,1
0,0,0.30608556,8,2
1,1,0.79536664,6,2
1,1,0.6844341,9,1
1,1,0.98984325,6,2
1,1,0.90043235,6,1
0,0,0.0056513594,8,1
1,0,0.18784758,6,2
1,1,0.8918051,1,1
1,1,0.9226174,1,2
0,0,0.0980373,9,1
1,1,0.98756623,9,2
1,0,0.23334773,9,1
0,1,0.59694517,2,2
0,0,0.0031102176,9,2
0,1,0.903922,6,1
1,0,0.14626086,6,1
1,1,0.91723394,8,1
0,1,0.80204463,1,1
1,0,0.32432887,1,1
1,1,0.98666984,1,1
0,0,0.018897953,6,2
0,0,0.16346496,9,2
0,0,0.2282294,9,2
1,1,0.8626611,1,2
0,0,0.0011410541,3,2
1,1,0.87351716,1,1
0,0,0.06848278,1,2
0,0,0.0003022458,1,2
0,0,0.030918254,8,2
1,1,0.9246817,1,2
0,0,0.20967618,1,1
1,1,0.97844476,6,2
0,0,0.2589869,8,1
0,0,0.011881301,1,2
0,0,0.24880587,9,1
0,1,0.5457146,8,1
1,1,0.6318019,8,1
0,0,0.003224579,8,2
0,0,0.43109128,1,2
1,1,0.9475136,1,1
0,0,0.020476477,1,1
1,1,0.9279019,6,2
0,0,0.012149385,8,2
0,0,0.14834227,1,2
1,1,0.8391014,8,2
0,0,0.23394169,8,1
0,0,0.10633189,9,1
1,1,0.97263014,1,1
0,1,0.5718061,1,1
0,0,0.21407188,8,1
1,1,0.96052504,1,1
1,1,0.922415,6,1
0,0,0.33469275,9,1
1,1,0.8844478,1,1
1,0,0.4208109,6,2
0,0,0.03216421,9,1
0,0,0.12491789,1,1
0,1,0.9260601,1,1
0,0,0.1051637,1,1
1,0,0.21060038,8,2
1,1,0.8875575,9,1
0,0,0.02200153,8,2
0,1,0.82147384,1,1
0,0,0.034310564,8,1
0,0,0.044173706,1,2
1,1,0.98374015,1,1
0,0,0.0039143492,1,1
0,1,0.9087015,9,1
1,1,0.5292082,6,2
0,0,0.003901618,1,2
1,1,0.7083806,1,1
0,1,0.8962806,8,1
0,0,0.3125331,1,1
1,1,0.98234665,1,1
1,1,0.55832225,8,1
1,1,0.8708302,8,2
1,1,0.95095384,1,1
0,0,0.3276196,9,1
0,0,0.013045073,1,1
0,0,0.27101046,1,1
1,1,0.91143954,1,1
1,1,0.90132844,9,1
1,1,0.73141235,9,2
1,0,0.44410017,1,2
0,0,0.0044579855,1,1
0,0,0.0036074987,8,1
0,0,0.026303638,6,1
1,0,0.3973289,8,1
0,1,0.85328776,8,2
0,0,0.2957328,9,2
0,0,0.0028860893,8,1
0,1,0.5573695,6,1
1,1,0.7550664,8,1
0,0,0.013408395,1,2
0,0,0.0025359218,2,1
0,0,0.13969314,9,2
1,1,0.894486,1,2
1,1,0.94592184,1,1
0,0,0.0020038672,8,1
0,0,0.023895463,9,2
0,0,0.034657147,6,2
1,1,0.7388803,1,1
0,0,0.00912844,8,2
0,0,0.0010437862,9,2
0,1,0.8042233,1,2
1,1,0.9785839,1,1
0,1,0.7532764,9,2
0,0,0.12800442,6,2
1,1,0.9930139,6,1
0,0,0.032158643,9,2
0,0,0.2767719,8,2
1,1,0.9812258,1,1
0,0,0.014401187,8,2
1,1,0.8931818,9,2
0,0,0.08105805,1,1
0,0,0.27177653,1,1
1,0,0.4840337,1,2
1,0,0.43362692,1,2
1,1,0.9318526,3,1
1,1,0.73183155,8,1
1,1,0.8160596,1,1
1,1,0.8741422,6,2
1,1,0.8480179,1,2
0,0,0.00039355364,8,1
0,0,0.016570022,6,2
1,1,0.6642131,1,2
1,1,0.95402324,9,2
1,0,0.40510234,6,1
0,0,0.010153926,1,2
0,0,0.031280294,8,2
1,1,0.96597564,1,1
1,1,0.931,1,1
1,1,0.9873498,6,1
1,1,0.73333347,1,2
1,1,0.9854742,1,1
1,1,0.9339109,1,1
1,1,0.57809436,1,2
0,0,0.016177792,6,2
0,0,0.3138651,1,1
0,0,0.43603787,9,1
1,1,0.9740029,1,1
0,0,0.1516962,1,2
0,0,0.0051856325,9,2
1,1,0.81057787,9,2
1,1,0.5422736,1,1
1,1,0.5726111,8,2
0,1,0.53467286,1,1
0,0,0.029484702,1,2
1,1,0.96580917,1,1
0,1,0.9153567,1,1
1,1,0.97189,1,1
1,1,0.77244586,9,1
1,1,0.986437,9,1
0,0,0.17753561,1,1
1,0,0.19440272,8,1
0,0,0.2723332,6,2
1,1,0.968982,1,2
0,0,0.054979123,6,1
1,1,0.9275469,1,1
0,0,0.07332196,9,2
0,0,0.04120178,9,1
0,0,0.09057351,9,1
1,1,0.8873356,6,1
1,1,0.9838488,1,1
1,1,0.960104,6,2
0,0,0.49390122,1,1
1,0,0.084719315,8,2
0,0,0.15779613,1,2
1,1,0.8816028,6,2
1,0,0.4386113,8,2
0,0,0.49246347,6,2
0,0,0.011364119,9,1
1,1,0.9159515,1,1
0,0,0.28140932,8,1
0,0,0.44706348,1,2
0,1,0.66999155,1,2
0,1,0.6774295,6,1
0,0,0.36437744,1,2
1,1,0.9504736,1,1
0,0,0.039606895,8,2
1,0,0.384932,9,2
1,1,0.95495933,1,1
1,1,0.93109715,6,1
1,1,0.70773864,2,2
0,0,0.18069021,6,2
0,0,0.032200303,8,1
0,0,0.0058448464,9,2
0,1,0.59510857,2,1
1,0,0.4126324,9,2
0,0,0.021588555,3,2
1,1,0.90911245,9,1
0,0,0.043622505,2,1
0,1,0.6879649,1,1
1,1,0.881302,1,2
0,0,0.04604626,8,1
1,1,0.91788584,6,1
0,0,0.05613754,1,1
1,1,0.5038374,6,1
1,1,0.73043734,1,1
1,1,0.9327431,1,1
0,1,0.68993205,1,1
1,1,0.9705593,2,1
1,1,0.8520726,1,1
1,0,0.4458933,1,2
1,1,0.92693156,6,2
1,1,0.85426736,1,2
0,0,0.06134696,9,2
0,1,0.5495923,1,1
1,1,0.6417225,1,2
0,1,0.5189947,1,2
1,1,0.534379,6,2
1,1,0.95603687,1,1
1,0,0.1310249,3,1
1,1,0.78398335,6,1
0,0,0.0016842834,6,1
1,1,0.86209744,9,1
0,0,0.020539226,8,1
1,1,0.8338967,1,2
1,1,0.88518006,1,2
0,1,0.748086,1,1
1,1,0.83609915,9,2
1,1,0.77032703,1,2
1,1,0.97478706,6,1
1,1,0.94370735,1,1
0,0,0.00018485593,1,1
0,1,0.8581605,9,1
1,1,0.5695066,1,1
0,0,0.1946431,9,1
0,0,0.18553874,1,1
0,0,0.0211837,8,2
1,0,0.46798372,6,1
1,0,0.36577576,9,1
0,0,0.25970638,8,1
1,0,0.081655905,8,2
1,1,0.9693206,1,2
1,1,0.70640427,1,1
0,0,0.07642777,8,1
1,0,0.3468421,1,2
1,1,0.9937152,6,1
0,0,0.09331266,1,2
1,1,0.9768996,9,2
1,1,0.98770535,6,2
0,0,0.32054466,1,2
0,0,0.030345978,9,1
1,1,0.7598195,1,1
0,0,0.47467315,9,1
1,1,0.95198447,1,1
1,1,0.9516666,9,2
1,0,0.33665088,1,1
0,0,0.16043067,1,2
1,1,0.8974097,9,1
0,0,0.25808066,8,1
1,1,0.90680283,8,2
0,0,0.002342127,8,2
1,0,0.42823464,9,1
0,0,0.022259,6,2
1,1,0.74870265,6,1
0,0,0.009506538,8,2
0,0,0.16631293,9,2
0,0,0.11458278,1,2
0,1,0.72681946,6,1
0,0,0.10707741,1,1
1,1,0.5790095,1,2
0,1,0.6378396,1,1
1,1,0.94796705,1,1
0,0,0.01165657,6,2
0,1,0.7057662,6,2
0,0,0.002600087,1,2
0,1,0.81876916,2,2
1,1,0.9372962,9,1
0,0,0.067484416,9,1
1,1,0.5375371,1,1
0,1,0.51635975,1,1
0,0,0.02133526,8,2
0,1,0.5677647,9,2
0,1,0.5443921,6,2
0,0,0.037562557,1,1
1,1,0.63176835,1,2
1,1,0.946159,1,1
0,0,0.0640956,1,1
0,0,0.0068016727,8,2
0,0,0.34147456,2,1
0,0,0.0010471282,9,1
0,0,0.036719088,1,2
1,1,0.96668065,6,1
0,0,0.053021014,9,2
0,0,0.48628125,8,1
0,0,0.20823523,8,1
1,0,0.42547533,9,1
1,0,0.004521872,8,2
1,1,0.8922647,1,1
0,0,0.31666186,1,2
0,0,0.04119319,9,2
1,1,0.5983171,1,1
0,0,0.4465847,1,2
1,1,0.953851,1,1
1,1,0.5015358,2,2
0,0,0.1281425,9,2
0,0,0.00078863977,6,1
1,1,0.9042852,9,2
1,1,0.93298465,9,2
0,0,0.005937027,1,2
1,1,0.81230545,6,2
0,0,0.14001113,1,2
1,1,0.924122,8,2
0,0,0.2618226,1,2
1,1,0.9678412,1,1
0,0,0.0019928908,1,1
0,1,0.7188888,1,2
1,1,0.8853657,1,1
0,0,0.16703361,1,2
0,0,0.017960051,6,2
0,0,0.003574019,6,2
0,0,0.00028669086,6,2
1,1,0.9283276,1,1
1,1,0.9216788,1,1
1,1,0.70649415,1,1
0,0,0.0013005473,8,1
0,0,0.011761952,1,2
0,0,0.0035949498,1,2
1,1,0.984027,1,2
1,1,0.9717928,8,1
0,0,0.1154929,6,2
1,1,0.7502861,6,2
1,0,0.40228286,3,1
0,1,0.9810432,1,1
0,0,0.1546032,8,2
1,0,0.27534562,8,1
0,0,0.25298712,9,2
1,1,0.98300546,2,2
1,1,0.89032024,1,1
1,1,0.95697933,1,1
0,0,0.13966818,8,1
1,0,0.41412774,6,2
0,1,0.6227964,6,1
0,0,0.02418067,1,1
1,1,0.9586963,1,1
0,0,0.20239541,1,2
1,0,0.45452073,8,1
1,1,0.8979042,6,1
1,0,0.04941968,1,2
1,1,0.96778685,8,1
1,1,0.8905681,1,2
1,1,0.5582956,1,1
0,0,0.44783545,3,2
1,1,0.62039614,8,1
1,0,0.01294582,8,2
0,0,0.3636036,6,1
1,1,0.9796387,6,2
1,1,0.5447878,2,1
1,1,0.9896528,9,1
0,0,0.41237646,1,2
0,0,0.11598597,9,2
1,1,0.86861145,1,2
0,0,0.034755066,8,2
1,1,0.9760884,1,1
0,0,0.12715006,6,1
0,1,0.81076056,1,2
0,1,0.5739869,2,1
1,1,0.9459506,9,1
0,0,0.35109732,1,1
0,1,0.5272859,3,2
0,1,0.7372922,1,2
1,0,0.43151918,9,1
0,1,0.9156152,8,2
0,1,0.5410169,8,2
0,1,0.89973414,6,1
0,0,0.1076112,9,2
1,1,0.78998905,1,1
1,0,0.46623674,6,2
0,0,0.20792076,1,1
1,1,0.8382748,8,1
0,0,0.0737869,2,2
1,1,0.9124581,1,1
0,0,0.025196772,1,2
1,1,0.9768827,2,1
0,0,0.11244354,1,2
0,0,0.011082173,1,1
0,0,0.007333959,6,2
1,1,0.7762474,6,2
1,1,0.9572257,8,1
0,1,0.93723035,6,2
0,0,0.0084869005,9,1
0,0,0.4079413,2,1
1,1,0.9892497,1,2
1,1,0.971959,1,1
0,0,0.021356042,2,1
1,0,0.2669521,6,1
0,0,0.034141943,2,1
1,1,0.81998634,1,2
1,1,0.71396047,6,1
1,1,0.78442633,1,1
1,1,0.94126034,6,2
0,0,0.08575067,1,2
0,1,0.6356248,6,2
0,0,0.011373761,1,2
0,0,0.12131747,9,2
0,0,0.0012540091,8,2
1,1,0.99105364,1,1
1,0,0.33997503,8,1
0,0,0.090141475,2,1
0,0,0.0003127273,1,1
1,1,0.5449234,6,2
1,0,0.4498628,6,1
0,0,0.48545057,1,2
1,1,0.5468633,1,2
0,0,0.26352453,8,1
1,1,0.904849,6,1
0,1,0.6101154,6,1
0,0,0.10279888,1,2
0,1,0.7500628,8,1
1,1,0.9172701,1,1
1,1,0.9813359,1,2
0,0,0.0004368138,8,2
0,0,0.0016851673,1,2
0,0,0.00072483544,3,2
1,1,0.9062683,1,1
0,0,0.098368414,1,2
1,0,0.40615904,6,2
0,0,0.048846092,9,1
0,0,0.07284976,8,1
1,1,0.991941,1,1
0,0,0.06292616,1,2
0,0,0.011127956,1,1
1,1,0.94475347,1,2
0,1,0.56237316,1,1
0,0,0.22670409,8,1
1,1,0.98014164,6,1
1,1,0.99984217,1,1
0,0,0.027211806,1,1
0,0,0.2554921,1,1
1,1,0.80173934,8,2
1,1,0.9310197,1,1
0,0,0.22428766,8,1
0,0,0.001944718,8,2
1,0,0.25461438,3,1
0,0,0.0010821234,1,2
0,0,0.22758341,6,1
0,0,0.4110509,1,2
0,0,0.38461637,2,1
0,0,0.2396663,6,2
0,0,0.046046425,9,1
1,1,0.8640044,1,2
0,1,0.6478474,2,1
0,0,0.01735529,6,1
1,1,0.9421045,1,2
0,0,0.13434225,9,1
1,1,0.82557774,6,2
1,1,0.97212684,1,1
0,0,0.041648734,1,2
1,1,0.99005973,1,1
1,0,0.20476347,8,1
0,0,0.05480296,8,2
0,1,0.91018796,1,1
0,0,0.00014372877,9,2
0,0,0.0020237379,9,2
0,0,0.06563931,1,1
0,0,0.09574788,1,2
1,1,0.93636304,1,1
0,0,0.2547206,8,1
0,0,0.019421581,9,2
0,1,0.8314908,6,1
1,1,0.6793949,8,1
0,0,0.032694306,1,1
0,0,0.28841862,8,2
0,0,0.39476606,1,1
1,0,0.41104582,1,2
0,0,0.33997363,1,1
1,1,0.5661894,1,1
1,1,0.9613634,1,1
1,0,0.25727645,9,1
1,1,0.6665603,2,1
1,1,0.91047347,1,2
1,1,0.63959616,8,1
1,0,0.4798787,8,1
0,0,0.02616052,8,1
0,0,0.39368844,6,2
1,1,0.82654136,6,2
0,0,0.0041043786,8,2
0,0,0.0118254395,1,1
0,0,0.13337049,6,1
0,0,0.112327896,8,1
1,0,0.2406771,1,2
1,1,0.9169585,1,1
1,1,0.8939823,1,2
0,0,0.28102875,1,2
1,1,0.9325363,1,1
0,0,0.019753447,7,2
0,1,0.889069,2,2
1,1,0.8415824,1,2
0,0,0.0798281,3,2
1,1,0.7856394,6,1
1,1,0.9729347,9,2
1,0,0.027716853,9,2
1,0,0.25626925,8,1
0,0,0.024978178,9,1
1,1,0.99844164,1,1
1,1,0.88973385,1,2
0,0,0.04475114,8,1
0,0,0.38619778,9,1
0,0,0.06816942,3,1
0,0,0.00039433365,8,2
1,1,0.58164537,1,2
0,0,0.26884767,2,1
0,0,0.054022774,9,2
0,0,0.039524097,2,1
0,0,0.42986754,6,1
0,1,0.5015259,1,2
0,0,0.009220594,1,2
0,0,0.06469092,6,1
1,1,0.99608237,1,1
0,0,0.4555097,9,1
1,1,0.971183,1,1
0,0,0.4205629,8,1
1,1,0.6634082,1,1
0,0,0.0654151,9,2
1,0,0.1896891,1,2
0,0,0.0009899965,8,1
0,0,0.002484105,1,1
1,0,0.1399687,1,2
1,0,0.08613893,1,1
0,0,0.4864457,1,2
1,1,0.9690908,1,1
1,1,0.80152243,1,2
0,0,0.0009227132,6,2
0,0,0.012560909,1,1
0,0,0.17462689,9,2
0,0,0.21687363,9,1
1,1,0.80040234,1,1
0,0,0.07201311,6,1
1,1,0.770011,6,2
1,1,0.89580995,1,1
0,0,0.011565309,8,2
0,0,0.032758657,9,2
0,0,0.07731551,1,1
0,0,0.46860984,9,1
0,1,0.7821447,1,2
0,0,0.49570596,8,2
1,1,0.8885941,6,2
1,1,0.9876466,6,1
1,0,0.35107172,8,1
1,1,0.8384344,1,1
1,1,0.8603685,9,2
1,1,0.89826936,6,1
0,0,0.055935424,9,1
1,1,0.80554026,6,1
1,1,0.99703217,6,1
0,0,0.14290029,8,1
0,0,0.0031842268,2,1
0,1,0.7285524,8,1
0,1,0.52533764,1,2
0,0,0.023979122,8,2
1,1,0.96591985,1,1
1,0,0.32702422,1,2
0,0,0.2383816,1,2
1,1,0.91975594,6,1
0,0,0.41882184,6,2
1,1,0.94261074,1,1
0,0,0.050553888,8,2
0,0,0.3127106,3,1
0,0,0.14523424,6,1
0,1,0.5429887,1,2
0,0,0.01641035,2,2
1,1,0.8346514,1,1
0,0,0.37176332,1,2
0,0,4.5138768e-05,1,2
0,1,0.61479264,9,2
0,0,0.19234177,1,2
0,0,0.3153323,6,2
1,1,0.9528767,8,1
1,1,0.804963,1,1
0,0,0.37939885,6,2
0,0,0.092268094,9,1
1,0,0.43269438,1,2
0,1,0.8721506,9,1
1,1,0.9658364,2,1
0,0,0.0038898548,9,1
1,1,0.8049987,1,2
0,1,0.64314604,6,1
0,0,0.010491259,3,1
0,0,0.00042503895,1,1
1,1,0.89341867,1,2
1,0,0.39450717,8,1
0,0,0.13590652,1,1
1,1,0.9070663,1,2
1,0,0.38733295,8,1
1,1,0.84451425,9,2
0,0,0.44302148,1,2
0,0,0.32537457,8,1
0,0,0.18704258,8,1
0,0,5.832418e-05,9,1
0,0,0.3019282,6,1
0,0,0.12441956,8,2
1,1,0.947138,6,1
0,0,0.013755174,1,2
0,0,0.017293602,1,1
1,1,0.9585159,1,1
1,1,0.7704665,1,1
1,1,0.9367441,1,1
1,1,0.96010584,6,1
1,1,0.93532664,6,1
1,0,0.26789722,6,2
0,1,0.92380035,1,1
0,0,0.0829239,8,2
1,1,0.9614023,1,2
1,1,0.89095515,6,2
0,0,0.17256123,1,2
0,0,0.21632372,6,2
1,0,0.42910668,6,1
0,0,0.0059740883,6,1
0,0,0.15713516,8,1
0,0,0.09726273,8,2
1,1,0.5587575,1,2
0,0,0.0014704367,6,2
1,1,0.57804143,6,2
1,1,0.8301838,6,1
0,0,0.0018268261,6,1
0,1,0.6966549,6,2
0,1,0.56404674,1,2
0,0,0.019020682,8,2
1,1,0.9597909,1,1
0,0,0.01446322,8,2
0,0,0.35433915,7,2
0,0,0.0205947,1,2
0,0,0.00241351,1,2
1,1,0.86324584,1,1
0,0,0.07674007,1,1
0,1,0.84611887,1,2
0,0,0.020379836,9,2
1,1,0.9648448,1,2
1,1,0.9278218,6,2
0,0,0.3120205,9,1
1,1,0.6293674,1,1
0,0,0.006899883,9,2
1,1,0.7787794,1,2
1,1,0.94399536,9,1
1,1,0.9219134,1,1
0,1,0.74653715,6,2
1,0,0.46260306,1,1
1,0,0.3115754,8,1
1,0,0.45766196,1,2
1,1,0.7033059,1,1
1,1,0.97556216,1,2
0,0,0.036416017,1,2
1,0,0.41484347,9,1
0,0,0.17170137,9,1
1,1,0.9017493,2,1
1,1,0.9952755,1,2
1,1,0.7590349,2,1
1,1,0.5232099,8,2
0,0,0.056415588,1,2
0,0,0.00045348908,9,1
1,1,0.87583846,1,1
0,1,0.88381183,1,1
0,0,0.016340319,8,1
1,1,0.811522,1,1
0,0,0.00043072068,9,1
0,0,0.11358366,1,2
1,0,0.24064541,1,1
0,0,0.46825403,1,1
0,0,0.09886756,9,1
1,1,0.6081885,1,1
1,0,0.21140434,1,1
1,1,0.8061876,6,1
0,0,0.3581559,1,2
0,0,0.45584998,1,2
1,1,0.906709,6,1
0,0,0.28048223,8,1
0,0,0.0059175505,8,1
0,0,0.03630069,8,1
0,1,0.5997571,6,2
0,0,0.38258103,1,2
0,0,0.006558123,1,1
0,0,0.10731787,8,1
1,1,0.9508363,9,1
0,0,0.07981141,9,2
0,1,0.650102,9,1
0,0,0.17612891,1,2
1,1,0.88025606,9,1
0,0,0.124908276,8,1
0,1,0.78079313,1,1
1,1,0.8081288,3,2
0,0,0.19015522,1,2
0,0,0.0023921577,1,2
0,0,0.3759241,6,2
1,1,0.91402113,6,1
1,1,0.95026934,6,1
1,1,0.98407733,6,1
1,1,0.9291938,9,1
1,1,0.92526877,6,2
0,0,0.06294339,6,2
1,1,0.77475375,9,2
0,1,0.57559377,1,2
1,1,0.9440371,1,1
1,0,0.2747485,8,2
1,0,0.30886167,1,1
0,1,0.75212777,1,2
1,0,0.13851064,8,2
0,0,0.11396776,1,1
0,1,0.5408106,9,2
1,1,0.96232796,8,1
1,0,0.0029203892,9,1
0,1,0.5596356,1,1
0,1,0.6874084,2,1
1,1,0.7859568,8,1
1,1,0.97109634,1,2
1,0,0.29882568,9,1
0,1,0.61998343,1,2
1,1,0.98469037,1,1
1,0,0.19113427,1,2
0,0,0.034142938,1,2
1,1,0.78075165,9,1
0,1,0.68498075,6,1
0,0,0.1980201,1,2
1,1,0.7436436,1,1
0,1,0.53353035,9,2
1,1,0.7641926,8,2
1,1,0.5112403,1,2
1,1,0.9520519,6,2
1,1,0.77122056,6,2
0,0,0.073985346,9,1
0,0,0.23215981,1,2
0,0,0.084744394,9,1
0,0,0.32105342,9,1
1,1,0.7749877,9,2
0,1,0.5703223,9,1
1,1,0.63496995,8,1
0,1,0.62199485,9,2
0,0,0.0030357693,1,2
0,0,0.10490581,6,1
1,1,0.9335649,1,1
1,1,0.9376818,1,1
1,1,0.9314347,1,1
0,0,0.016376788,9,1
0,0,0.05133284,1,2
0,0,0.008244781,8,1
0,0,0.049964838,7,1
0,0,0.013461504,8,2
0,0,0.029893924,6,2
0,0,0.03274537,6,1
0,0,0.001270873,9,1
0,1,0.95475614,6,2
1,1,0.9607367,6,2
0,0,0.14304695,8,2
1,1,0.98064697,9,1
0,0,0.109435126,8,1
0,0,0.001644253,9,1
0,1,0.59080905,9,1
0,0,0.021400461,2,1
1,1,0.9728962,9,1
0,0,0.024445074,1,2
1,1,0.6137162,1,2
0,0,0.19611381,1,2
0,0,0.15416759,1,1
1,0,0.41512737,6,1
0,0,0.11881314,8,1
1,1,0.99469876,7,1
0,0,0.009593804,1,2
1,1,0.5410193,2,2
1,1,0.545092,2,1
1,1,0.93355894,6,2
0,0,0.047999028,1,2
1,1,0.9508316,1,1
1,0,0.43633088,6,1
1,1,0.74127203,6,1
1,1,0.9510858,1,2
0,0,0.1779614,2,1
0,0,0.05503055,8,1
0,0,0.0035106225,1,2
1,1,0.95603174,1,2
0,0,0.4024584,9,1
0,0,0.002647685,1,2
1,0,0.07066859,7,1
0,0,0.03455228,9,1
1,1,0.8426104,1,2
1,0,0.38998368,8,1
0,0,0.11528357,6,2
0,1,0.9206752,1,1
1,1,0.9282965,1,1
0,0,0.13351126,8,1
0,0,0.05809212,9,1
1,1,0.9343466,9,2
0,0,0.08684822,8,1
0,0,0.23881935,6,2
1,1,0.96181303,8,1
1,0,0.23765127,6,2
0,0,0.11380413,1,1
1,1,0.8705768,1,1
1,1,0.9790269,1,1
0,1,0.7651309,1,2
1,0,0.15623878,8,1
0,0,0.007959544,8,2
0,0,0.16574265,9,1
0,1,0.8231181,6,1
0,0,0.00926543,8,1
1,1,0.9889203,1,1
1,0,0.17246044,6,2
1,1,0.8413819,2,2
0,0,0.1952352,8,2
1,1,0.9111668,1,1
0,0,0.007397,6,1
1,0,0.41768256,1,2
0,1,0.5655465,1,1
0,1,0.7760833,8,1
1,1,0.9674339,6,2
0,0,0.0027864804,8,2
0,0,0.06157308,1,2
0,0,0.2093665,1,2
1,1,0.88729215,6,2
1,1,0.7850745,1,2
1,1,0.8501565,1,1
1,1,0.8573232,1,1
1,0,0.35789275,9,1
0,1,0.62705964,1,2
0,0,0.009570684,1,1
0,0,0.0071297176,9,1
1,1,0.6832645,9,1
0,0,0.27128655,6,1
1,0,0.48029187,6,2
0,0,0.06526364,6,2
1,1,0.83424205,1,2
0,0,0.42163783,8,1
0,0,0.01387015,8,2
0,1,0.8338367,1,2
1,1,0.7827129,6,1
0,1,0.5699817,6,1
0,0,0.065545246,8,1
0,0,0.079600304,1,1
1,1,0.9526437,1,1
1,1,0.84843755,1,1
0,0,0.00030083055,1,1
0,1,0.92451817,1,2
1,1,0.92322105,9,2
1,1,0.9486149,6,2
0,0,0.0052928496,2,2
0,1,0.94088185,1,1
1,0,0.028891979,8,1
1,0,0.20211223,9,1
1,1,0.6759437,1,1
0,0,0.006524551,1,2
0,1,0.67976665,2,2
1,0,0.38636085,1,1
1,1,0.8836368,8,1
0,1,0.91929495,8,1
0,0,0.004622593,1,2
1,1,0.61293143,1,2
1,1,0.90155244,1,1
0,1,0.71903354,1,2
0,0,0.094594724,9,1
1,1,0.6060408,1,1
0,0,0.031172542,9,1
0,0,0.057729825,8,1
1,1,0.94892275,9,2
1,1,0.74040836,6,2
0,0,0.068704866,9,1
0,0,0.46786574,1,2
0,0,0.10168275,1,2
0,0,0.46973592,8,1
0,1,0.5569583,8,2
1,1,0.8392383,6,2
1,1,0.81655264,8,1
0,0,0.00093903666,1,1
0,1,0.86727554,6,2
0,1,0.7039942,9,1
0,0,0.13425027,1,2
1,1,0.94489706,1,1
0,0,0.0025749,9,2
1,1,0.73605484,9,2
1,0,0.26533237,9,2
1,1,0.7288166,2,2
1,1,0.9597184,8,1
1,0,0.07414841,5,1
1,1,0.73226017,9,2
1,0,0.016368525,9,2
1,0,0.33618173,9,1
0,0,0.22330472,1,1
0,0,0.3934069,1,1
0,0,0.0757846,8,1
1,1,0.9401338,1,1
0,0,0.0009676348,9,1
0,0,0.0005437326,1,2
0,0,0.18071282,1,2
0,0,0.011914051,6,2
1,1,0.9753288,2,1
0,0,0.2400469,8,1
1,1,0.9470621,1,2
1,1,0.5804228,1,2
0,0,0.062007245,1,2
0,0,0.017452728,2,1
0,0,0.22466235,6,2
1,1,0.9514426,1,1
1,1,0.65124243,6,2
0,0,0.05323092,1,2
1,1,0.95387655,1,1
0,0,0.030648567,8,2
0,0,0.014810448,6,2
1,1,0.7195693,6,2
0,0,0.017745117,9,1
0,0,0.10828298,1,1
0,0,0.01989616,6,2
0,0,0.00039670285,1,1
1,1,0.5569549,1,2
0,0,0.0006539059,1,1
0,0,0.0115736965,8,2
0,0,0.23626123,6,2
1,1,0.689021,1,2
1,1,0.9966941,1,1
0,0,0.030886283,1,2
1,1,0.8152169,1,2
0,0,0.03568665,9,2
1,1,0.87813365,1,1
1,1,0.962173,1,1
0,0,0.3792478,7,2
1,1,0.9454971,1,2
1,1,0.80443025,6,1
0,0,0.009339804,8,2
0,0,0.15803759,1,2
0,0,0.03050742,1,2
0,0,0.00476973,2,1
0,0,0.15032057,3,2
1,1,0.9741449,1,2
1,1,0.9823381,1,2
1,0,0.3529292,1,1
0,0,0.050008927,8,2
1,1,0.80069864,1,1
0,0,0.001283762,1,1
0,0,0.14847931,1,2
0,1,0.93048346,6,2
0,1,0.863399,1,1
1,1,0.9041013,1,2
1,1,0.80947185,8,1
0,0,0.31250826,8,2
0,0,0.014168722,1,1
0,0,0.030633884,9,1
0,1,0.785631,8,2
0,0,0.017364474,8,1
0,0,0.2897892,2,1
0,0,0.19487427,1,2
1,1,0.86224645,1,2
1,1,0.9266422,1,2
1,0,0.080979496,9,1
1,1,0.5286699,9,1
1,1,0.8705623,2,1
1,1,0.7761705,1,1
1,1,0.9348831,6,2
1,1,0.93562937,6,1
0,0,0.0024232606,9,1
1,1,0.9630598,1,1
0,0,0.021385776,2,2
0,0,0.25323355,8,1
1,1,0.8981792,6,1
1,1,0.7948595,9,1
1,1,0.95160234,2,1
0,1,0.5259794,1,1
0,0,0.07225203,8,1
0,0,0.040001355,1,2
1,0,0.38971114,6,1
1,1,0.7866195,9,1
0,0,0.05215672,8,1
1,1,0.69448197,1,2
1,0,0.21313408,6,2
0,0,0.0016922501,1,2
1,0,0.493983,1,1
0,0,0.4013643,8,1
0,0,0.4638818,6,1
0,1,0.82208693,2,1
0,1,0.706153,1,2
0,0,0.00056262035,8,2
1,1,0.9215005,1,1
1,1,0.66783935,6,2
1,1,0.89224136,1,1
0,0,0.006481735,1,1
1,1,0.92964715,1,2
1,1,0.56736577,6,2
1,1,0.96184546,1,2
0,0,0.23934282,9,2
1,1,0.5627439,8,1
0,0,0.003744764,1,1
0,0,0.011106909,8,1
1,0,0.08391014,6,2
1,1,0.9164374,1,1
0,0,0.13637264,8,1
1,1,0.8527806,2,1
0,1,0.9727716,1,1
1,1,0.8149466,8,1
1,1,0.5107338,3,1
0,0,0.087978214,9,1
1,1,0.9710792,1,1
0,0,0.00014195852,1,1
0,0,0.14574689,9,1
0,0,0.021453971,6,1
0,1,0.7066485,6,1
0,0,0.062016245,8,2
1,1,0.9772166,1,1
0,0,0.045126367,8,1
0,0,0.11485121,2,1
1,1,0.8395099,9,2
1,1,0.64366996,9,1
0,0,0.12933533,7,2
1,1,0.9973738,1,1
0,0,0.0865219,8,1
0,0,0.19010605,6,2
1,0,0.45906758,1,2
1,1,0.9877472,9,1
0,1,0.5864017,8,2
1,1,0.9081208,1,1
0,0,0.043349687,1,2
1,1,0.50294864,8,1
0,0,0.25720382,6,1
0,0,0.00440168,9,1
0,0,0.0032098086,1,1
0,0,0.083001986,2,2
1,0,0.35204503,8,2
0,0,0.0975988,6,1
1,1,0.96842176,1,2
1,1,0.96876186,6,2
0,0,0.23600428,3,2
0,0,0.0005332581,3,2
0,0,0.4374502,6,1
1,1,0.55697083,1,2
1,1,0.8180911,1,1
0,1,0.7054276,1,1
0,1,0.7082782,6,2
1,1,0.9971361,1,2
1,1,0.5891497,1,1
1,1,0.6170407,1,2
0,0,0.00024999195,8,2
0,1,0.86014414,1,1
0,0,0.00096590037,1,2
1,1,0.7890675,9,1
0,0,0.07716116,9,1
1,1,0.8879945,1,2
0,0,0.08960454,3,1
0,0,0.4242787,8,1
1,0,0.052576434,1,1
0,0,0.25585642,9,1
1,1,0.9251693,1,2
0,0,0.090818904,9,2
1,1,0.9091257,1,1
0,0,0.011242319,1,1
0,1,0.81644315,6,2
0,0,0.0048871078,3,1
0,1,0.83799136,1,2
1,1,0.9308571,1,1
1,1,0.7966349,1,2
0,0,0.0010735436,9,2
1,1,0.50035065,8,2
0,0,0.011294334,9,2
1,1,0.95505023,1,1
0,0,0.457292,8,1
1,0,0.18373655,6,1
1,1,0.5902383,1,1
1,1,0.7894578,1,1
0,1,0.73532206,8,1
0,0,0.016758393,6,2
1,1,0.5447346,1,1
1,1,0.95032585,1,1
1,1,0.9641155,2,1
0,1,0.58990306,9,1
0,1,0.5663763,9,1
0,0,0.022649115,8,1
1,1,0.7383276,1,1
1,0,0.1997183,3,1
0,1,0.50806963,2,2
1,0,0.16803597,8,1
1,1,0.9323478,8,1
0,1,0.8065921,6,2
0,1,0.61748666,6,2
0,0,0.024707632,9,1
0,0,0.05845328,9,2
0,0,0.053607047,8,2
1,1,0.98138696,9,2
0,0,0.012608151,1,2
0,0,0.34283683,9,2
1,1,0.75763345,6,1
0,0,0.1729178,1,1
1,1,0.970584,9,1
0,0,0.026849644,9,2
0,1,0.5556453,8,1
1,1,0.9349359,6,1
0,0,0.006453017,9,2
0,0,0.17406438,9,1
0,0,0.1858364,8,2
0,0,0.46249864,1,1
0,1,0.5527761,6,2
0,0,0.050154053,1,2
1,1,0.89561063,2,1
1,1,0.83870226,6,2
1,1,0.80879796,1,1
0,0,0.33251196,8,2
0,1,0.52068394,9,1
1,1,0.81472903,9,2
1,1,0.8015052,6,2
0,0,0.17037214,8,1
0,0,0.009432426,8,2
1,1,0.9800575,1,2
0,0,0.08412127,8,1
0,0,0.13821398,1,2
0,0,0.07353235,6,2
0,0,0.008476767,9,2
1,1,0.58290076,1,2
0,0,0.48441988,1,1
0,0,0.042326737,1,1
1,1,0.97514784,6,2
0,0,0.0002460376,1,2
0,0,0.05128825,1,2
1,0,0.48223227,1,1
0,0,0.33364573,1,1
1,1,0.57070434,2,1
0,0,0.030447664,8,1
1,0,0.45805836,3,1
1,1,0.580827,2,2
0,0,0.1505672,6,2
1,0,0.39226615,9,1
1,1,0.5781554,6,1
0,0,0.4598405,1,1
1,1,0.9440304,1,1
0,0,0.02450587,1,1
1,1,0.783844,1,1
0,0,0.01988832,8,2
0,1,0.91031003,9,2
1,1,0.9014693,6,1
1,1,0.94650745,1,1
1,1,0.97973734,1,2
1,1,0.83977836,1,2
0,0,0.008844558,6,1
0,0,0.19680813,1,1
1,1,0.7339123,1,2
0,0,0.04393219,8,2
1,1,0.7694213,2,2
0,0,0.0052094273,9,2
1,1,0.8158288,9,2
0,0,0.065185525,9,2
1,0,0.1587185,1,1
0,0,0.012564475,2,2
1,1,0.991131,2,1
1,1,0.9136487,6,2
1,1,0.9272095,9,1
1,1,0.95167726,6,2
0,0,0.0013134999,1,2
0,1,0.8602011,1,1
0,0,0.43492332,6,2
0,0,0.0151468525,8,2
0,0,0.31410703,9,2
1,1,0.98889333,6,2
1,1,0.93045765,1,2
0,0,0.078736186,1,2
0,1,0.5002816,8,2
1,1,0.8720286,1,2
1,1,0.98763674,1,1
1,1,0.5172135,8,2
0,0,0.46080932,1,1
1,1,0.7923355,9,1
1,1,0.9783774,1,1
0,1,0.8470561,1,2
0,0,0.0311575,9,2
1,1,0.7065518,9,1
0,0,0.259662,6,1
0,0,0.20048472,9,2
1,1,0.65010947,1,1
0,0,0.10598371,6,2
1,0,0.2878431,6,1
1,1,0.7222941,1,1
1,0,0.23202285,8,2
0,0,0.024726672,8,2
0,0,0.22003502,1,1
1,1,0.9132604,9,2
1,1,0.91285896,1,2
0,0,0.4490057,9,2
1,1,0.83259004,1,1
1,1,0.7389393,8,1
0,0,0.27600116,1,1
1,1,0.6435747,2,2
0,1,0.808383,6,2
1,1,0.92274994,1,2
0,1,0.5100084,1,1
0,0,0.0012647869,1,2
0,0,0.0019569164,1,1
0,0,0.0383154,6,2
1,1,0.90256774,6,2
0,0,0.16154636,3,1
1,1,0.97543484,6,1
1,1,0.74073213,1,1
0,0,0.055336557,8,1
0,0,0.00019203148,9,1
0,0,0.016728107,8,2
0,0,0.01534767,1,1
0,0,0.01144497,6,1
1,1,0.96663684,8,1
0,0,0.36143273,6,2
0,0,0.49804264,8,2
1,1,0.9800265,1,1
1,1,0.89518636,1,1
1,1,0.9869322,1,1
1,1,0.9817649,6,1
0,0,0.04117972,6,2
0,1,0.655784,6,1
0,0,0.23607554,6,2
0,0,0.10354681,8,1
1,1,0.58784086,1,2
0,0,0.14798555,8,2
1,1,0.7377588,9,1
1,1,0.6294115,6,2
0,1,0.54382807,9,1
1,1,0.96406776,7,1
1,1,0.6508694,6,1
1,1,0.8230244,6,1
1,1,0.88342005,6,2
0,0,0.012164599,8,2
0,0,0.028196119,9,2
0,0,0.0020155502,8,1
0,0,0.028942954,6,2
1,1,0.752016,1,2
1,1,0.9141362,1,1
1,1,0.73094285,1,2
1,1,0.9024071,9,1
1,1,0.5420563,9,2
0,0,0.036905564,1,1
0,0,0.17488533,8,1
0,1,0.79303396,6,1
0,0,0.4651178,6,1
0,0,0.0003601448,1,1
0,0,0.14025018,8,1
0,1,0.8291253,6,1
0,0,0.0008694672,9,2
1,0,0.13537934,8,2
1,1,0.61676806,6,2
1,1,0.62582797,1,1
0,0,0.014744809,9,1
0,0,0.24018244,1,1
1,1,0.6665237,1,2
1,0,0.41846758,9,2
1,1,0.991905,2,1
1,1,0.55863065,8,1
1,1,0.9634239,1,1
0,0,0.16825822,1,2
1,1,0.9951042,1,1
0,0,0.3643541,6,2
0,1,0.90264046,9,2
1,0,0.108114906,1,1
0,0,0.00077424693,8,2
1,1,0.51686877,6,1
1,1,0.5362962,1,2
1,1,0.9827544,6,1
1,0,0.027789721,6,2
0,0,0.31908625,8,1
0,0,0.0063747303,9,1
0,0,0.0934824,1,1
1,1,0.94891363,6,1
1,1,0.5552364,8,1
1,0,0.1373153,3,1
0,1,0.5010432,6,2
1,1,0.95288277,6,2
1,1,0.8370495,1,2
0,0,0.024650538,8,2
1,1,0.9766163,6,2
1,0,0.40683076,8,2
1,0,0.08473681,3,2
0,0,0.16351292,8,1
0,0,0.003510177,1,1
0,0,0.011474712,8,2
0,0,0.04563003,1,2
0,0,0.09746709,9,1
0,0,0.008970448,9,2
1,1,0.8228227,6,2
0,1,0.8304821,1,2
0,1,0.5234277,3,2
0,1,0.6577699,8,1
0,0,0.035451144,6,1
1,1,0.5758253,1,2
0,0,0.004072717,8,2
1,1,0.97378606,1,1
1,1,0.7698586,6,2
0,0,0.23857126,6,1
1,1,0.6985582,9,2
0,0,0.32674423,5,2
1,1,0.5436106,9,1
0,0,0.005531457,8,2
1,1,0.86779547,6,2
0,1,0.8187444,6,2
1,1,0.8334444,1,2
1,1,0.68732685,2,2
1,1,0.5062298,6,1
1,1,0.9516204,9,2
0,0,0.0022587283,1,1
1,1,0.96690005,6,1
1,1,0.6244585,6,1
0,0,0.09335245,8,1
1,0,0.4508884,9,1
1,0,0.19770399,1,1
1,1,0.8834464,9,1
0,0,0.0543538,1,2
1,1,0.8126533,1,2
0,0,0.047395155,6,2
0,0,0.063174695,8,1
0,0,0.1929122,1,2
0,1,0.73405284,9,2
0,0,0.2782221,9,2
1,1,0.9646653,6,1
0,0,0.07275964,6,1
1,1,0.984344,1,2
0,0,0.12800178,8,2
1,1,0.76606077,1,1
0,0,0.0023550987,9,2
1,0,0.407771,1,1
1,1,0.6199273,6,2
0,0,0.043948215,6,1
1,1,0.8933643,1,1
0,0,0.024611456,8,1
1,1,0.9164371,1,1
1,1,0.9855849,1,1
0,0,0.081241176,9,1
0,1,0.56884027,9,1
0,0,0.037049033,9,1
1,1,0.99576914,6,1
0,0,0.21282408,1,1
0,0,0.0554556,8,2
0,0,0.1806264,1,2
0,1,0.5541593,6,1
1,1,0.9249314,9,1
1,1,0.54599607,9,2
0,0,0.00031427763,1,1
1,1,0.8014743,6,1
1,0,0.22813004,1,1
1,0,0.23781963,6,1
0,0,0.04251103,9,2
0,1,0.796444,1,2
1,0,0.34394357,1,1
1,1,0.9394551,1,1
1,0,0.2883552,9,1
1,0,0.2113701,6,1
1,1,0.992834,1,1
0,1,0.8304028,1,1
0,0,0.03523649,9,2
1,0,0.46621633,8,1
1,0,0.45600423,1,2
0,0,0.048290707,9,1
1,1,0.99725467,6,1
0,0,0.01227926,1,1
1,1,0.9402498,2,1
0,1,0.52861404,2,2
1,1,0.83094347,1,2
1,0,0.14582306,8,1
0,0,0.18693191,1,1
1,1,0.57757294,9,1
1,1,0.81006014,1,1
1,0,0.15570618,1,1
0,0,0.09917637,9,2
0,0,0.0034355444,8,2
1,1,0.7627849,1,1
1,1,0.77696824,1,1
0,0,0.029297555,6,1
0,0,0.06585586,9,1
0,0,0.031267494,8,2
0,0,0.0001721042,8,1
1,1,0.72872025,1,1
1,1,0.9193101,1,2
1,1,0.50561583,6,2
0,0,0.37883565,2,2
1,1,0.9894728,2,2
0,0,0.010300845,8,2
1,1,0.98375964,1,1
0,0,0.040609293,9,2
1,1,0.84425366,6,2
0,1,0.9644372,3,1
1,1,0.62616366,1,1
0,0,0.0074611837,2,2
0,0,0.41528913,9,1
1,1,0.7772425,6,2
0,0,0.2104448,8,1
1,1,0.9559995,6,1
0,0,0.10346906,8,2
1,1,0.967197,1,1
1,0,0.37353158,6,1
0,0,0.00038618565,1,2
0,0,0.0069151227,1,2
0,0,0.065541536,8,1
0,0,0.04685866,8,2
1,1,0.88543785,6,2
0,0,0.17770363,8,2
0,1,0.84409386,6,2
0,0,0.0022078962,9,2
0,0,0.035688486,1,1
0,1,0.97828007,3,2
1,1,0.7461693,6,1
0,0,0.11389464,1,2
1,1,0.824853,6,2
1,1,0.94410545,1,1
1,1,0.9658115,6,2
0,1,0.5766877,1,2
1,0,0.36536387,6,1
1,1,0.8057541,1,2
1,1,0.9544715,1,1
1,1,0.8814672,1,2
1,1,0.87389773,6,2
1,1,0.88999057,1,2
0,0,0.2174145,8,1
0,0,0.04829003,8,2
1,0,0.13974108,1,2
1,1,0.8561325,6,2
1,1,0.97130686,9,2
0,0,0.0021402847,9,1
1,1,0.9540218,1,2
1,1,0.9865096,1,1
0,0,0.017722448,1,2
1,1,0.98022664,1,2
1,0,0.34636697,1,1
1,1,0.650928,1,1
0,1,0.5238545,8,1
1,1,0.83346015,2,1
1,1,0.9337326,1,2
0,0,0.0087821055,1,2
0,0,0.14056806,1,2
0,0,0.018423973,8,2
0,0,0.0067987097,8,2
0,0,0.007405225,9,2
1,1,0.9664738,9,1
1,0,0.38944522,6,1
1,1,0.787125,9,1
1,1,0.96775746,6,1
1,0,0.14497109,1,1
0,0,0.45408237,3,2
0,1,0.7363634,1,2
0,0,0.22638066,7,1
0,1,0.5133731,1,2
0,1,0.7507623,1,1
0,0,0.026262471,9,2
1,1,0.9946196,1,1
0,0,0.0014915123,6,1
0,0,0.13027409,8,2
0,0,0.23118266,8,2
0,0,0.14441864,8,2
0,1,0.9397532,8,2
1,1,0.95247054,6,1
0,0,0.15623985,8,1
1,1,0.94436604,1,1
0,0,0.07006654,1,2
1,0,0.071443826,1,1
1,1,0.96210104,1,2
1,1,0.92604333,6,2
1,1,0.8667704,9,2
1,1,0.59782016,2,1
1,1,0.7728984,1,2
1,1,0.98100716,1,1
0,0,0.0397128,9,2
0,0,0.00043214532,1,2
1,1,0.9206012,1,1
0,0,7.8090256e-05,1,1
1,1,0.62313735,6,1
1,1,0.86533344,1,2
0,0,0.050958842,6,2
1,0,0.21129954,1,2
0,0,0.096345365,1,2
0,0,0.109655924,8,1
0,0,0.0016941192,1,2
1,1,0.98929733,1,1
0,0,0.14917703,2,2
0,0,0.19360046,9,1
1,1,0.96590924,1,1
0,1,0.8733644,1,1
0,0,0.013325166,1,2
0,1,0.9937883,1,1
1,1,0.86831826,6,2
1,0,0.21773417,8,2
0,1,0.94213635,1,2
0,1,0.5318219,1,2
1,0,0.2327687,6,2
1,1,0.8210859,1,1
1,1,0.56412846,6,1
0,0,0.3072623,8,1
0,0,0.10403272,8,1
1,0,0.4074879,6,1
0,0,0.023149787,2,1
0,0,0.039007768,8,2
1,1,0.5320222,9,1
1,1,0.93620384,9,1
0,1,0.92315376,1,2
1,1,0.8846143,1,2
1,1,0.8787364,1,1
0,0,0.34374294,6,2
0,0,0.2782518,1,1
1,1,0.99235654,6,1
0,0,0.4710188,6,2
1,1,0.97528166,6,1
0,0,0.17265113,8,1
1,1,0.98994863,6,1
1,1,0.6884697,9,1
0,0,0.016000474,2,1
0,1,0.79597574,6,1
1,1,0.5588328,1,1
0,0,0.017067263,1,2
0,0,0.060372755,8,1
0,0,0.016649662,1,2
0,0,0.06786752,8,2
1,1,0.78844637,9,2
1,0,0.057407215,6,2
0,0,0.15384802,1,2
0,1,0.5851284,6,1
0,0,0.003125263,1,1
0,0,0.020584367,1,1
1,1,0.84987223,1,2
0,0,0.48606855,2,1
0,0,0.0696451,9,2
0,1,0.7730185,3,1
1,1,0.5850324,1,2
0,0,0.0126429,8,2
1,1,0.7338201,6,2
0,0,0.06328004,1,1
0,0,6.985165e-05,9,1
0,0,0.005005929,1,1
1,0,0.4150364,1,1
0,0,0.09220284,8,2
0,0,0.028569657,1,2
0,0,0.14031017,9,1
0,1,0.9314191,1,1
0,0,0.2824604,2,1
0,0,0.075459994,8,1
1,1,0.90055436,1,1
0,0,0.062359974,8,2
1,1,0.922561,1,1
1,1,0.9719225,6,1
1,1,0.97071147,1,2
1,1,0.76554036,9,1
1,1,0.5185567,9,1
1,1,0.8573565,1,1
1,1,0.907159,1,2
0,0,0.26327297,1,1
1,1,0.9913639,1,1
1,1,0.97014624,7,2
1,1,0.88862324,9,2
0,0,0.41219053,2,2
1,1,0.9170388,1,1
1,1,0.7158934,1,1
1,1,0.81993043,1,1
0,0,0.0081542125,1,2
1,1,0.804989,9,1
1,1,0.5317622,9,1
1,1,0.9319226,6,2
1,1,0.82860607,9,1
0,0,0.0048995228,1,2
1,0,0.16203283,1,2
1,1,0.95003355,1,2
0,1,0.9508523,1,2
0,0,0.13691406,1,2
0,0,0.2519558,1,2
1,0,0.37289193,8,2
1,1,0.88662064,1,2
1,1,0.9840051,1,1
1,1,0.8511409,1,1
1,1,0.99246913,1,1
0,0,0.0887902,2,2
0,1,0.97153836,1,1
0,0,0.05557066,1,2
0,0,0.019900557,9,2
0,0,0.2160108,6,1
1,1,0.9062498,7,2
1,0,0.40325996,8,1
0,0,0.004251524,9,1
0,0,0.07892259,6,2
0,1,0.85046434,1,1
1,1,0.7913145,1,2
0,0,0.0005622392,6,2
1,1,0.7499668,1,1
1,1,0.9967848,1,1
1,1,0.5970539,1,2
0,1,0.68526196,1,1
0,0,0.0033453575,8,1
0,0,0.032349348,9,2
0,0,0.09939264,1,1
1,0,0.43031615,9,1
0,0,0.022168683,8,2
1,1,0.8740979,9,1
1,1,0.8745931,6,2
1,0,0.4794812,1,2
1,1,0.9526904,1,2
1,1,0.7388499,1,1
0,0,0.2497147,1,2
0,1,0.7882516,1,1
0,0,0.014495915,8,2
0,0,0.3440951,6,2
0,0,0.46864757,8,1
1,1,0.9899884,6,1
1,1,0.7797354,6,2
0,0,0.00084951555,9,1
0,0,0.019665334,1,1
1,1,0.5428414,1,1
0,1,0.8497503,1,2
0,0,0.19550663,9,1
1,1,0.7783077,9,1
1,1,0.76610804,1,2
0,0,0.34973308,9,1
0,0,0.08126515,3,1
0,0,0.001279901,9,2
0,0,0.014000123,1,1
0,0,0.28963876,2,1
0,1,0.8361887,1,1
0,1,0.6345235,1,2
0,1,0.93307996,1,1
1,1,0.94657,6,2
1,1,0.99004984,1,1
1,0,0.4235376,8,1
0,0,0.0076973774,1,2
0,0,0.019242333,8,2
0,0,0.005887183,6,1
0,0,0.059016526,6,1
1,0,0.15114585,1,1
1,1,0.8689496,1,1
0,1,0.5211572,1,2
1,1,0.81863976,1,1
0,0,0.063127875,5,1
0,0,0.30306235,1,1
1,0,0.057690915,9,1
1,1,0.5257732,6,1
1,1,0.96576583,1,1
0,0,0.00870579,9,2
1,1,0.9485469,1,1
0,0,0.0024768526,6,2
1,1,0.830637,2,2
1,1,0.97467405,6,1
1,1,0.971722,1,2
0,0,0.3689702,9,1
0,1,0.769925,8,1
0,1,0.562221,1,1
1,1,0.9754993,1,1
1,1,0.97293335,6,2
1,1,0.8266069,1,1
0,0,0.01812335,8,2
1,1,0.8671199,1,1
1,1,0.93926233,1,1
1,1,0.9626231,1,1
0,0,0.090622544,8,1
1,1,0.9888699,1,1
0,0,0.026890798,8,2
0,0,0.054756094,6,2
0,0,0.0446581,1,2
1,1,0.9984616,1,1
0,1,0.659596,9,1
0,0,0.0021420238,1,2
0,0,0.12847796,9,2
0,0,0.06956697,1,1
0,0,0.021003416,8,1
0,0,0.012396569,8,2
0,0,0.005694505,9,2
0,0,0.004982426,8,2
0,0,0.12778746,8,1
0,1,0.6053344,6,1
0,0,0.028208349,6,1
1,1,0.9749444,1,1
0,1,0.9695245,6,2
0,0,0.0034452344,1,1
1,1,0.8991438,9,2
1,1,0.77379423,1,2
1,1,0.88310003,9,1
1,1,0.95798826,6,2
1,1,0.8554247,1,1
1,1,0.8880606,1,1
1,1,0.9298634,1,2
0,0,0.00088022917,1,2
1,1,0.98912734,6,1
0,0,0.062321436,9,1
1,0,0.47024202,6,2
0,0,0.037244942,1,1
1,1,0.793258,1,1
0,0,0.0038138996,6,2
0,0,0.16940181,8,1
0,1,0.9021517,1,2
0,0,0.3359712,1,2
1,1,0.6888038,6,2
1,1,0.60709393,1,2
0,1,0.8185757,9,1
0,0,0.18683821,6,1
0,1,0.6679911,1,1
1,1,0.77432626,9,1
1,1,0.87647855,1,2
0,0,0.023958584,6,2
1,1,0.67534584,1,1
0,0,0.012061749,8,1
1,1,0.98932135,1,1
1,0,0.2448795,1,1
1,1,0.9128569,1,2
1,1,0.8193278,8,1
0,0,0.10657288,1,2
0,0,0.0020807567,6,1
0,1,0.5689808,9,1
0,0,0.21792176,1,1
0,0,0.020528248,1,1
0,0,0.004121144,1,1
0,0,0.0006079276,6,2
1,1,0.54921293,9,1
0,1,0.87593746,6,1
0,0,0.29066575,8,1
0,0,0.26815513,5,1
0,0,0.0047591464,9,1
1,1,0.9899142,1,1
0,0,0.0017802523,8,2
0,1,0.8350814,9,1
0,0,0.00056337804,2,2
1,1,0.75840175,6,1
0,1,0.72995615,2,1
1,0,0.16031088,8,1
0,0,0.010347726,1,2
0,0,0.009993977,1,2
0,0,0.032476198,8,2
0,0,0.030894823,8,1
1,1,0.5341121,6,2
1,1,0.66469115,6,1
0,0,0.37332612,9,2
1,0,0.49179244,1,1
1,1,0.59458345,1,2
1,1,0.9815927,1,1
1,1,0.6614577,8,1
1,1,0.9492622,1,2
1,1,0.90941906,1,2
1,1,0.94649637,1,1
0,0,0.019301275,8,1
0,0,0.010160969,8,2
0,1,0.8497523,9,1
1,1,0.97592556,6,2
1,1,0.86445606,9,1
1,1,0.50211483,1,1
1,0,0.44921106,8,2
0,0,0.02114321,1,2
1,1,0.99103457,1,2
1,1,0.94415027,1,2
1,1,0.95748657,1,1
1,1,0.65259075,1,2
1,1,0.99814403,1,2
0,0,0.03292864,8,1
0,0,0.29097626,9,2
1,1,0.8649833,1,1
1,0,0.18936208,8,1
1,1,0.86371773,1,1
0,1,0.8260468,6,2
1,1,0.93419397,1,1
1,1,0.7781392,9,2
1,1,0.8558397,1,2
1,1,0.6905119,8,1
0,0,0.4002037,6,1
0,0,0.0068230405,9,1
0,1,0.6278558,1,2
1,0,0.12770842,8,1
1,1,0.93833226,1,2
0,0,0.015582074,6,2
1,1,0.9540029,6,2
1,1,0.8663334,1,1
1,1,0.96214306,2,1
0,0,0.056192476,2,2
1,1,0.98525095,1,1
1,1,0.9385777,9,1
1,1,0.7837249,1,1
0,1,0.6247695,6,1
1,1,0.7219165,6,2
1,1,0.96985584,1,2
0,0,0.094624616,9,2
0,0,0.0022310026,1,1
1,1,0.9965383,6,1
1,0,0.48347798,8,1
0,0,0.37096915,9,2
0,0,0.00088611594,9,2
1,1,0.8316777,8,2
0,1,0.9826255,1,2
0,0,0.07717979,1,2
1,1,0.9364518,1,1
1,1,0.7661097,9,1
1,1,0.9523783,9,1
0,1,0.63353175,2,1
0,0,0.0019075313,9,1
0,0,0.032825418,1,2
1,1,0.58789754,8,2
0,0,0.06912463,8,1
1,1,0.99135137,2,1
1,0,0.019354332,9,1
1,1,0.9708274,1,1
0,1,0.52952945,1,2
0,0,0.019540038,8,2
1,1,0.82863706,8,1
0,1,0.9024648,1,1
0,1,0.77826905,6,2
1,1,0.86456037,6,2
1,1,0.78368115,1,2
1,1,0.9299687,1,2
0,0,0.012818939,9,2
0,0,0.086333655,8,2
0,0,0.0056352406,9,2
1,1,0.5878551,1,1
0,0,0.0084027685,8,2
0,0,0.10345054,8,1
1,1,0.93750364,6,1
1,1,0.556839,8,1
1,1,0.94632787,8,1
0,0,0.00042136255,6,1
0,0,0.2587458,1,1
1,1,0.9859183,6,1
1,1,0.7443774,1,2
0,0,0.045226157,6,2
1,1,0.6438994,1,1
0,0,0.16823412,2,1
1,1,0.9616047,1,1
0,0,0.0033032119,1,2
1,1,0.9497558,1,2
0,0,0.11602298,8,2
1,1,0.93496114,1,1
0,1,0.68879217,1,2
1,1,0.9411484,6,2
0,0,0.09029279,1,1
0,0,0.126175,9,2
0,1,0.5478004,1,1
0,0,0.0016080791,9,1
1,1,0.93103474,1,1
1,1,0.9265928,6,2
0,0,0.005538512,6,1
0,0,0.33326852,1,2
1,1,0.9604984,3,2
1,0,0.34116325,8,1
1,1,0.99698985,1,2
0,0,0.15571645,9,2
0,0,0.0032539822,8,1
0,0,0.02240191,1,2
0,0,0.08951097,6,2
0,0,0.016885687,9,2
1,1,0.88677496,1,2
1,1,0.73588675,1,2
0,0,0.001424595,1,2
1,1,0.6116574,1,2
0,1,0.95183474,1,1
1,1,0.52786607,1,1
0,0,0.44646493,9,2
0,0,0.26319146,1,1
1,1,0.99237907,1,2
0,0,0.0017374444,6,2
1,1,0.9953933,1,2
0,1,0.7750994,9,1
1,0,0.28521273,6,2
0,1,0.9951094,1,1
0,0,0.2919933,1,1
1,0,0.25589105,8,1
1,1,0.96390224,1,1
1,0,0.16830522,8,1
0,0,0.00038292748,1,2
0,1,0.9550974,1,1
0,0,0.184806,9,1
1,1,0.893786,1,1
1,1,0.958994,8,1
0,0,0.00045354528,6,2
1,1,0.6816051,1,1
1,0,0.49303564,1,2
1,1,0.79162633,1,2
0,0,0.11605336,8,1
1,1,0.8518277,6,1
1,1,0.5234121,9,1
1,1,0.63369286,2,1
1,0,0.49651387,1,1
0,0,0.003539438,1,2
1,0,0.11006808,6,2
0,0,0.10902606,9,2
1,1,0.50628906,1,1
1,1,0.9519237,6,1
0,1,0.78020966,1,2
1,0,0.38875484,1,1
1,1,0.6453994,1,1
0,0,0.12935369,8,2
0,0,0.06299791,8,1
1,1,0.6366224,1,1
0,0,0.011495035,9,1
1,1,0.9502844,1,1
0,0,0.08004492,6,1
1,1,0.60522497,1,1
1,1,0.5267028,2,1
1,0,0.038657583,9,1
1,0,0.34307468,8,2
0,0,0.0001937103,8,1
0,0,0.19565871,1,1
1,1,0.8529315,6,2
1,1,0.9846682,1,1
1,0,0.287322,6,1
1,1,0.7241365,8,2
1,1,0.8819693,6,1
1,0,0.3750779,8,1
1,1,0.935335,1,1
1,1,0.86316407,1,2
1,1,0.96702576,1,1
0,0,0.053049725,9,2
1,1,0.9555527,1,1
0,0,0.012113532,9,2
0,1,0.886314,9,1
1,1,0.82886225,6,1
0,0,0.053283785,1,1
0,0,0.016440256,1,2
0,0,0.19592929,1,2
1,1,0.9879018,5,2
1,1,0.9469001,6,1
0,0,0.15550494,8,1
0,0,0.0011122439,8,1
0,0,0.18840575,8,1
0,0,0.02925526,3,2
0,1,0.88350594,1,2
1,1,0.8927299,9,2
0,0,0.01872875,9,2
1,1,0.9182588,1,1
0,0,0.089367114,1,1
1,1,0.56630325,1,2
1,1,0.84705895,1,1
0,0,0.05524123,1,2
0,0,0.33267194,9,1
1,1,0.97639936,1,1
0,1,0.869426,6,1
0,0,0.0033514998,8,1
1,1,0.84611726,1,1
1,0,0.29201055,1,2
1,1,0.9807748,2,1
0,0,0.34856516,6,1
1,1,0.95123523,1,1
1,0,0.29784003,8,2
0,1,0.50182116,8,1
1,0,0.080939226,8,2
1,1,0.947672,1,2
1,1,0.9759479,6,2
1,0,0.46158233,1,1
1,0,0.45949656,8,2
1,1,0.9083879,1,1
0,0,0.0026197946,6,2
0,0,0.4298539,9,1
0,0,0.12362039,9,1
0,0,0.05906882,1,2
0,0,0.04048853,9,1
1,1,0.7739754,6,2
1,1,0.78378135,1,2
0,0,0.33517745,1,1
1,1,0.90404856,1,2
0,0,0.3404382,1,2
1,1,0.9046026,1,2
1,1,0.7973636,1,2
0,1,0.74794763,1,1
1,1,0.7455622,6,2
0,0,0.026563501,1,1
1,1,0.63184476,6,1
0,0,0.14743681,1,2
0,0,0.00071942736,1,2
1,1,0.654862,1,1
0,1,0.8510563,6,1
1,1,0.6188342,1,1
1,1,0.70465124,6,2
0,0,0.00883961,9,1
0,1,0.95021296,1,1
1,1,0.93917143,9,1
0,0,0.17559099,9,2
1,1,0.9576547,9,1
1,1,0.9610907,1,2
0,0,0.00303043,8,2
0,0,0.08920615,1,1
0,0,0.019035663,6,1
1,0,0.4476457,8,2
1,1,0.9732261,1,2
0,1,0.6077801,1,1
1,1,0.61635566,8,2
0,1,0.67637795,1,1
1,1,0.5679127,1,1
0,0,0.07181989,6,1
0,0,0.0048781806,6,1
1,1,0.8344382,1,2
1,1,0.9092369,1,1
0,0,0.123750135,6,2
1,1,0.6457902,8,2
1,1,0.8898551,6,1
1,1,0.974445,8,1
0,0,0.19727547,6,1
0,0,0.00341395,1,1
1,0,0.072162695,6,2
1,1,0.9552401,1,1
0,0,0.022813184,9,2
0,0,0.06106937,1,2
0,0,0.027189491,2,2
0,0,0.44547623,7,2
1,1,0.94461274,8,2
0,0,0.0074942727,1,2
0,0,0.05912437,8,2
1,1,0.9386793,6,1
1,0,0.030959712,9,2
0,0,0.018880302,1,2
0,0,0.08796425,9,1
1,1,0.923256,1,2
0,0,0.065641694,8,2
0,1,0.5666998,1,2
1,1,0.967929,1,1
1,1,0.7560558,1,2
0,0,0.006654883,1,1
1,1,0.84663093,2,1
0,1,0.5649885,9,1
0,0,0.25752813,8,1
1,1,0.9684617,1,1
0,0,0.034209765,9,2
1,1,0.6630351,6,1
1,1,0.90488255,1,1
0,1,0.9713074,1,1
0,0,0.092806645,1,1
1,1,0.9344056,8,1
1,1,0.9508901,1,2
0,1,0.7052607,1,2
0,0,0.0013345146,1,2
0,0,0.19056848,9,1
1,1,0.9437674,1,1
0,0,0.006784888,8,2
0,0,0.010526325,9,2
1,1,0.63134235,8,1
0,0,0.036497764,8,1
1,0,0.33247316,9,1
0,0,0.004237058,8,2
1,1,0.97053057,1,1
1,1,0.99704367,1,1
0,1,0.9272225,8,2
1,1,0.65078336,1,1
0,0,0.0019332101,3,2
0,0,0.08226505,6,2
0,0,0.27468106,9,2
0,1,0.62153125,1,1
1,1,0.87772477,1,2
0,0,0.020291865,8,1
1,0,0.12041255,6,2
1,1,0.96091616,6,1
1,0,0.42872632,1,1
0,0,0.014140523,9,2
0,0,0.017240943,9,1
0,0,0.008699788,6,1
1,1,0.8522327,9,2
0,0,0.0037485373,8,1
0,0,0.030949198,1,1
0,0,0.12949537,9,2
1,1,0.690672,9,1
1,0,0.14961518,8,2
1,1,0.78597873,1,1
0,0,0.13728666,8,1
0,0,0.0003357876,8,2
0,0,0.0032971685,6,2
1,0,0.17824955,1,1
0,1,0.8783461,1,1
0,1,0.52776575,1,1
0,0,0.026736543,1,2
0,0,0.0033051039,9,1
0,0,0.030328542,8,1
0,0,0.012551904,8,2
1,1,0.9870366,1,1
0,0,0.010705523,9,2
0,0,0.044700313,9,2
0,0,0.0068000015,8,1
0,0,0.058937557,1,1
1,1,0.9951894,1,1
1,1,0.7390531,6,2
0,0,0.007973381,6,2
1,1,0.7132978,1,1
1,1,0.9882448,1,1
0,1,0.8507164,6,1
1,1,0.7295094,9,1
0,1,0.55955625,8,1
1,0,0.3029081,1,1
0,0,0.0028628376,1,2
0,0,0.20262143,8,2
0,0,0.008403881,3,1
0,0,0.04982196,9,1
0,0,0.011969391,6,2
0,0,0.11195155,1,2
0,0,0.16188644,6,2
0,0,0.34400305,8,1
0,0,0.016180517,6,2
0,0,0.05709976,6,2
1,1,0.50521547,1,1
1,1,0.9264886,1,2
0,0,0.1985699,8,1
1,1,0.87961143,6,2
1,1,0.9739456,1,2
0,0,0.07463667,6,1
1,1,0.98295605,1,1
1,1,0.82208824,2,1
1,0,0.18544587,9,1
1,1,0.6402994,1,1
1,1,0.8777458,1,1
1,1,0.92544913,6,1
1,1,0.9694662,1,2
0,0,0.079657905,8,2
0,0,0.0021681343,9,1
0,1,0.6554908,8,2
1,1,0.7694961,6,1
1,1,0.68621993,8,1
0,0,0.0019452096,8,2
1,1,0.8107946,1,2
0,0,0.0008454202,1,1
1,0,0.42498356,9,1
0,0,0.009364901,9,2
1,1,0.7163838,6,2
1,1,0.9586218,1,1
0,1,0.50849783,8,1
0,0,0.06414937,9,1
1,1,0.98633647,6,1
0,0,0.07669363,1,1
1,1,0.806331,1,2
1,1,0.81014365,1,1
0,0,0.09923671,6,2
0,0,0.009733921,9,1
0,1,0.985641,1,1
1,1,0.95761937,1,2
1,1,0.96042705,1,1
0,0,0.2855569,6,1
0,0,0.36570287,1,1
0,0,0.07856476,8,2
1,1,0.9375786,1,1
0,0,0.3662754,6,1
0,0,0.4540873,9,2
1,1,0.83740604,8,2
1,0,0.37516546,6,1
1,1,0.99551,1,1
1,1,0.9554811,1,1
1,1,0.9121322,1,2
0,0,0.15914866,6,2
1,0,0.32144853,8,1
0,1,0.9254034,2,2
1,1,0.90535116,6,1
0,1,0.60162276,6,1
0,0,0.020303486,6,2
1,1,0.8863538,1,1
1,0,0.4002066,9,2
0,0,0.39531583,1,2
0,1,0.9286812,1,2
0,0,0.0038301905,1,2
1,1,0.6781334,1,1
0,0,0.014703599,9,2
0,0,0.007841645,8,1
1,1,0.66100925,2,2
1,1,0.6778958,1,1
1,0,0.4635058,6,1
1,0,0.2123278,1,2
1,1,0.59686553,1,1
1,1,0.99562836,6,2
1,1,0.93021953,6,2
1,1,0.8069163,8,2
1,1,0.86534077,6,2
1,1,0.9939129,1,1
0,0,0.024015227,1,2
1,1,0.94238806,8,2
0,0,0.0035448303,1,2
1,1,0.8312562,9,1
1,1,0.9387441,1,2
1,1,0.9090911,1,1
0,0,0.12778993,1,1
0,0,0.16774786,1,1
0,0,0.24160326,1,2
0,0,0.42738724,8,1
1,1,0.98320574,1,1
1,1,0.83474934,1,1
1,1,0.99494874,6,2
1,0,0.011518449,9,1
1,0,0.41782203,8,1
0,0,0.066407785,8,1
0,0,0.011905769,1,1
1,1,0.8256756,1,2
1,1,0.9817649,6,1
1,1,0.9618526,1,1
0,0,0.08991424,9,2
0,0,0.17629652,9,2
1,1,0.9742957,1,1
0,1,0.784675,6,2
0,1,0.8097686,1,1
0,0,0.031358205,2,2
1,1,0.8408455,1,1
0,0,0.0017803776,8,2
0,0,0.06285716,1,1
0,0,0.01113625,1,1
0,0,0.015278451,1,1
1,1,0.9422639,1,2
0,0,0.30785793,1,1
1,1,0.9087644,1,2
0,1,0.6858103,1,2
1,0,0.26828277,9,1
1,0,0.15597872,9,2
0,0,0.006756458,8,2
0,0,0.035223287,8,1
0,0,0.0014834328,8,2
0,0,0.18597336,1,2
0,0,0.06128776,1,2
1,1,0.9785518,1,1
0,0,0.018010203,8,2
1,1,0.92215574,1,1
0,0,0.08039728,8,1
1,1,0.73815525,1,2
1,0,0.18404377,9,2
1,1,0.9098965,8,2
0,1,0.79245526,1,2
0,0,0.30364454,9,1
0,0,0.078795694,1,1
0,0,0.01120245,1,1
1,1,0.5218232,8,2
0,1,0.6370677,1,1
0,0,0.00013800633,8,1
1,1,0.6364936,1,1
1,1,0.6710565,6,2
1,1,0.99595547,1,2
0,0,0.02223472,8,2
0,0,0.1102536,8,1
0,0,0.003089156,2,2
1,1,0.98818946,1,1
1,1,0.90447503,6,2
0,0,0.07853871,9,1
1,1,0.9664453,3,1
0,0,0.35314548,1,2
1,0,0.15804102,8,1
1,1,0.7572556,9,1
1,1,0.9940964,1,1
0,0,0.051310845,1,1
1,1,0.9683772,6,1
0,0,0.04247575,9,2
1,0,0.075103566,8,2
1,1,0.81176144,6,2
0,1,0.989077,1,1
1,1,0.96581453,6,1
0,1,0.5315253,1,2
0,0,0.33594385,8,2
1,1,0.7734648,1,2
1,0,0.28589398,6,1
0,0,0.48252454,9,2
0,0,0.0050891526,6,2
0,0,0.4831189,6,2
1,1,0.9282886,1,2
1,1,0.998672,1,1
1,1,0.8447129,9,2
0,0,0.04851955,8,1
0,0,0.014303855,8,2
0,1,0.7001282,9,1
1,1,0.92749983,8,1
1,1,0.7508188,1,1
1,0,0.21075329,9,2
0,0,0.3778226,9,2
1,1,0.9296327,1,1
1,1,0.92670214,6,1
0,1,0.6831323,6,2
1,0,0.17983566,8,2
1,0,0.031838477,8,2
0,0,0.3859363,6,2
0,0,0.014795052,6,2
0,1,0.7565111,1,1
0,0,0.0012697943,3,2
0,0,0.010221908,1,1
1,1,0.89704937,1,1
1,1,0.9159528,6,1
1,1,0.8576996,9,2
0,1,0.5141557,9,2
1,1,0.9799147,6,1
0,0,0.0110712,9,1
1,1,0.5661516,7,1
0,0,0.19625796,8,1
0,0,0.0002107098,2,2
1,1,0.7123808,6,1
0,0,0.021481775,6,2
0,0,0.01765828,8,1
1,1,0.8056006,1,1
1,1,0.8921181,1,2
1,1,0.94383633,1,1
0,0,0.34074116,1,2
0,0,0.12527499,1,2
1,1,0.9920564,1,2
0,1,0.85732764,6,1
1,1,0.9625362,6,1
1,1,0.9785912,6,1
0,0,0.0016306792,2,1
0,1,0.58264863,1,2
1,0,0.30455077,6,2
1,1,0.59507424,6,1
0,0,0.00089891785,1,2
0,0,0.030702626,9,1
1,1,0.8441355,1,1
0,1,0.88799614,9,2
0,0,0.40142584,1,1
0,0,0.16905819,3,2
0,0,0.1522488,9,1
0,0,0.22858742,8,2
1,1,0.7787733,8,2
1,1,0.99376726,1,2
1,1,0.79393,8,2
0,0,0.12220526,8,2
1,1,0.98024803,1,1
1,1,0.82828474,9,1
1,1,0.64033973,1,2
0,1,0.7570313,1,2
0,0,0.124539554,1,2
0,0,0.028745556,9,2
1,1,0.89694786,2,1
1,1,0.92233926,9,1
1,0,0.40456685,2,2
0,0,0.20200285,8,1
0,0,0.0012308483,9,2
0,1,0.9637606,1,2
1,0,0.07546665,9,1
0,0,0.0049168966,6,2
1,1,0.93111336,1,1
1,1,0.9710146,6,1
0,1,0.721736,1,2
0,0,0.15169236,9,2
0,0,0.31576937,1,2
0,0,0.044325132,9,1
0,0,0.09740115,6,1
1,0,0.14958863,6,2
1,1,0.94145375,1,2
0,0,0.019208679,8,1
0,0,0.4691159,1,1
1,1,0.9586576,1,1
1,1,0.9556936,1,2
1,1,0.97477776,9,1
0,0,0.02315225,8,2
1,1,0.6887603,6,2
1,1,0.758242,1,1
1,1,0.89043033,1,1
0,0,0.07539886,1,1
0,0,0.14767192,6,1
0,0,0.11360904,1,2
0,0,0.025514118,1,1
0,0,0.18132754,1,1
1,1,0.83741236,6,1
0,0,0.37471694,1,1
0,0,0.025431555,6,1
0,0,0.16882317,1,2
0,0,0.0071199927,9,2
0,0,0.09097879,1,1
0,0,0.2182679,1,2
1,1,0.6371556,6,2
1,1,0.948808,1,2
0,0,0.0051304833,5,2
1,1,0.86596775,1,2
0,0,0.021597365,2,1
1,0,0.43079033,1,1
1,0,0.2992542,6,2
1,1,0.73375535,1,2
0,0,0.01201577,9,1
0,0,0.0008102584,9,1
1,0,0.23768976,1,2
0,0,0.06059568,8,1
1,1,0.97904426,1,2
0,0,0.25030446,8,1
0,0,0.028832844,8,2
1,1,0.551975,6,2
1,1,0.85420704,1,1
1,1,0.8486369,1,2
0,0,0.0027951687,1,2
1,1,0.99405247,9,2
0,0,0.006145872,3,2
0,1,0.53399396,3,2
1,1,0.9569698,9,1
0,0,0.31460026,8,2
0,0,0.018844694,1,2
0,0,0.23509756,1,2
1,1,0.7249848,6,1
1,0,0.45393854,1,2
0,0,0.0064493218,6,1
1,1,0.837647,1,1
1,1,0.90372485,2,1
1,1,0.8320154,6,1
1,0,0.39267993,1,2
0,0,0.12911323,1,2
1,1,0.99306774,1,1
0,0,0.12579443,8,2
0,0,0.0008836754,6,2
1,0,0.032483406,1,2
0,0,0.09024607,6,1
0,0,0.012736473,1,1
0,0,0.1310006,8,1
1,1,0.7289183,1,1
1,1,0.9051258,1,1
0,0,0.014044638,8,2
1,1,0.9054594,1,2
0,0,0.40727258,8,1
0,0,0.0032338537,8,1
0,0,0.0010418796,9,1
0,0,0.06716248,3,2
1,1,0.592334,1,1
0,1,0.8227215,8,1
0,0,0.014428535,1,1
0,0,0.14934614,9,2
0,0,0.27097312,2,1
0,0,0.19254698,3,2
0,0,0.349156,9,1
1,1,0.93519557,2,2
0,1,0.9345446,1,2
0,0,0.2679377,9,2
1,1,0.81936765,6,1
0,0,0.0044766027,1,1
0,0,0.23896995,8,1
1,0,0.31386027,9,1
1,1,0.93039715,1,1
1,1,0.8704058,6,1
0,0,0.15058455,1,1
1,1,0.9382968,6,2
0,0,0.14347437,6,2
0,0,0.02509677,8,1
1,1,0.7474808,1,2
1,0,0.11989289,8,1
0,0,0.06414914,1,2
1,0,0.09850459,1,2
0,0,0.24416952,9,1
1,1,0.5860502,6,2
0,1,0.5497125,1,2
1,1,0.6002538,1,2
0,0,0.00642803,6,2
0,0,0.37038824,8,1
0,1,0.9805989,8,2
0,0,0.21886458,6,1
0,0,0.25379527,8,1
1,1,0.79328066,1,2
1,1,0.58445793,9,2
0,0,0.01683188,1,1
1,1,0.718059,1,2
0,1,0.66239506,2,1
0,0,0.009483178,6,1
0,0,0.42081386,8,2
0,0,0.012212618,6,1
1,1,0.89996904,1,2
0,0,0.060219713,1,2
0,0,0.3865574,8,1
1,1,0.71164525,1,2
0,0,0.0024334847,9,2
1,1,0.9786719,1,2
1,0,0.18490142,1,1
0,0,0.1468078,1,1
1,1,0.7012359,1,1
0,0,0.12531364,8,2
0,0,0.0020359997,1,1
0,0,0.35336888,8,1
1,0,0.25179932,8,1
1,1,0.9358489,1,1
0,0,0.4695831,9,1
1,1,0.7832909,1,1
0,0,0.00041657724,9,1
0,0,0.26578766,6,1
1,1,0.9667458,1,1
1,1,0.9383814,1,2
0,0,0.08300959,1,2
1,1,0.9967147,1,1
0,0,0.09224105,1,1
0,0,0.07772466,8,1
1,0,0.32606402,8,1
1,1,0.96668065,6,1
1,1,0.7874233,1,1
0,0,0.0102327885,6,2
1,1,0.5333949,2,2
0,0,0.043677047,1,2
0,1,0.61992645,8,1
1,0,0.1961399,7,1
1,1,0.7542842,6,1
1,1,0.63551635,6,1
0,0,0.009541244,9,2
1,1,0.7190813,1,1
1,1,0.83414406,6,2
1,0,0.11338967,9,2
0,1,0.60973376,6,2
1,1,0.9929792,1,1
1,1,0.8770935,1,1
0,0,0.108336054,8,2
1,1,0.8225177,1,1
1,0,0.27156317,8,1
1,1,0.97685117,6,1
0,0,0.0014554898,6,2
0,0,0.03066846,9,1
0,0,0.34135693,6,2
0,0,0.27429903,8,2
1,0,0.14492483,6,2
0,1,0.63430506,1,1
0,0,0.000630075,1,2
1,1,0.76918536,1,2
0,0,0.0814948,6,1
0,0,0.0017025304,9,2
0,0,0.0035911566,8,2
0,0,0.42953548,8,2
0,0,0.4163914,2,1
0,0,0.32297316,1,1
0,0,0.0041651484,8,2
1,1,0.93141735,1,2
0,0,0.0047831833,8,1
1,1,0.9415571,1,1
0,0,0.19451812,8,1
0,0,0.03132802,6,1
0,0,0.0024147755,3,2
0,0,0.34569758,1,1
0,0,0.1731743,8,1
0,0,0.018703884,8,1
1,1,0.9001197,9,1
1,1,0.9786668,1,2
0,0,0.008988936,8,2
1,1,0.87837255,9,2
0,0,0.010385138,2,2
1,1,0.78874236,1,2
0,0,0.0074977675,6,2
0,0,0.007294068,1,1
1,0,0.42523935,3,2
1,1,0.765696,9,2
1,1,0.9351076,7,2
1,1,0.8881868,6,2
1,1,0.8229362,1,2
0,0,0.006304756,6,2
1,1,0.94931,1,1
1,1,0.98148537,6,2
0,0,0.042881582,9,1
0,0,0.0015674193,1,2
0,0,0.0004239795,1,2
1,0,0.3521214,6,2
0,0,0.007203684,1,2
1,1,0.55585104,1,1
0,0,0.32002994,8,1
1,0,0.34221154,1,2
0,1,0.6159649,1,1
0,0,0.06190495,8,2
1,1,0.96344304,6,1
0,0,0.026917676,9,2
1,1,0.9135703,1,2
0,0,0.13359237,8,2
0,1,0.5652895,9,2
1,1,0.6024883,1,2
1,0,0.021023642,3,2
0,0,0.000114525414,9,2
0,1,0.8149618,1,1
0,0,0.0017246652,9,1
1,1,0.78960866,1,1
0,0,0.10314496,6,1
0,0,0.21209934,2,2
0,0,0.38978347,6,2
0,0,0.006040796,9,2
1,1,0.7801813,1,2
0,0,0.016786514,8,1
1,1,0.9641079,1,1
0,0,0.09659815,8,1
0,0,0.45212525,1,1
0,1,0.83358055,6,1
0,0,0.15109205,8,2
1,1,0.97852236,1,1
0,1,0.69741803,1,2
0,0,0.00038771797,9,1
0,0,0.09715027,1,1
1,1,0.8573537,6,1
1,1,0.8775594,9,1
0,1,0.57707566,3,2
0,0,0.14768307,1,2
1,0,0.39577907,6,2
1,1,0.99301636,1,1
0,0,0.023726206,1,2
1,1,0.8370171,1,1
0,0,0.16641635,8,2
0,0,0.04301055,2,1
0,0,0.39362484,8,1
0,1,0.7115339,1,1
0,0,0.20758419,9,1
1,0,0.42578351,9,1
0,0,0.41777962,2,1
0,1,0.80894744,6,1
0,0,0.31728533,1,1
0,0,0.01331088,8,1
1,1,0.93755347,9,2
1,1,0.7451516,1,2
1,1,0.58784896,6,1
1,1,0.98272103,1,2
1,1,0.8350077,1,1
1,1,0.749376,1,2
0,0,0.08222098,8,1
1,0,0.45333555,9,1
0,0,0.20087846,1,2
1,1,0.8392574,1,2
0,0,0.0011713258,1,1
0,0,0.028796306,2,1
1,1,0.9826664,6,1
1,0,0.28223348,1,1
1,1,0.7185224,1,2
1,0,0.22575806,1,2
0,0,0.17761447,2,2
0,0,0.0002832121,1,1
0,0,0.3072652,8,1
1,1,0.83539826,1,2
1,1,0.5070967,1,2
0,1,0.9239586,1,2
0,0,0.030358115,6,1
0,1,0.5144231,6,2
1,1,0.89726466,1,2
1,1,0.87024426,1,1
1,1,0.8942074,1,2
0,1,0.69343567,9,1
0,0,0.41894802,8,2
0,0,0.015212883,8,2
1,0,0.20281489,1,1
0,0,0.03415761,8,2
1,1,0.9180612,9,1
1,0,0.21877041,8,1
0,1,0.7260719,7,1
1,1,0.71047837,6,2
0,0,0.0041454504,1,1
1,1,0.7268641,6,1
1,1,0.9341049,1,1
0,0,0.42140585,6,2
0,0,0.03880535,8,1
0,0,0.47714165,1,2
1,1,0.87722975,1,1
0,0,0.004682716,1,2
1,1,0.5428838,6,1
0,0,0.09794357,8,2
1,1,0.9046794,8,1
1,1,0.9511827,9,1
0,0,0.01472687,1,1
0,0,0.003494389,9,2
0,0,0.12986277,9,2
0,0,0.21170975,1,1
0,0,0.0635456,9,2
1,1,0.95263493,1,1
1,1,0.9446698,9,1
0,0,0.056624193,6,1
1,1,0.93220127,8,2
1,1,0.90931714,6,2
1,0,0.28546578,2,1
0,0,0.111355744,1,2
0,0,0.05439754,1,2
0,1,0.67127746,8,2
1,1,0.82549495,6,1
0,0,0.32416627,8,1
1,1,0.8842592,1,1
0,1,0.8789636,1,1
0,0,0.32842734,1,2
1,0,0.26636168,9,2
1,1,0.8671048,1,1
1,1,0.9639745,2,2
0,0,0.017710092,6,2
0,0,0.21203908,1,2
1,1,0.5434852,6,1
1,1,0.8172551,1,1
0,0,0.017988632,9,1
0,0,0.0012441279,1,2
0,0,0.040640343,8,1
0,0,0.04021251,8,1
1,1,0.96391696,6,1
1,1,0.9986914,1,1
0,1,0.94400245,1,2
0,0,0.3471221,9,1
1,0,0.18265915,9,2
0,0,0.0007614067,8,2
1,0,0.34118733,6,2
0,0,0.1464991,8,1
0,0,0.039490107,1,1
1,1,0.87558967,1,2
1,1,0.607807,9,1
0,0,0.004296458,1,1
1,1,0.7133975,1,2
1,1,0.5288635,8,1
0,0,0.0022068752,9,2
0,0,0.021858292,6,2
0,0,0.47800493,3,1
0,0,0.006893133,8,1
0,1,0.6385745,6,1
0,0,0.027405191,8,1
0,0,0.4652251,9,2
0,0,0.19762552,8,1
0,0,0.08174556,1,2
0,0,0.34177312,8,2
0,1,0.7189242,1,2
0,0,0.39327508,2,2
1,1,0.8809267,1,1
1,1,0.99593914,1,2
1,1,0.9129354,9,1
1,1,0.9638191,9,1
0,0,8.8556655e-05,1,2
1,1,0.5196826,1,1
1,1,0.8481082,1,2
1,1,0.79347813,1,1
0,0,0.15197006,8,1
1,1,0.8937116,6,2
0,0,0.00045734647,8,2
0,0,0.0015722578,9,2
1,1,0.89821774,8,2
0,0,0.17081618,8,1
1,1,0.654359,1,2
1,1,0.91823876,2,1
0,0,0.47875887,1,1
0,0,0.022827188,8,2
1,0,0.4806401,1,2
0,0,0.12147948,8,2
0,0,0.11775723,8,2
0,0,0.009823639,6,2
0,0,0.056452345,9,2
1,1,0.8685157,9,1
0,0,0.29693517,1,1
0,0,0.025761234,9,1
1,0,0.056509048,3,2
0,0,0.18904205,3,1
0,0,0.026639812,8,2
0,0,0.048437323,1,1
1,1,0.91165084,8,2
1,1,0.9073099,6,1
1,1,0.6629261,7,2
1,0,0.45359245,6,1
1,1,0.6277581,8,2
0,0,0.03737356,1,2
0,0,0.41792983,9,1
1,1,0.81309825,1,1
1,1,0.9027054,9,1
0,0,0.45020324,1,2
0,0,0.14899215,8,1
1,1,0.9089851,1,1
1,1,0.8468291,1,2
1,0,0.4619609,9,1
0,0,0.42118338,8,1
1,1,0.77302927,6,2
0,0,0.12381718,9,1
1,1,0.797593,8,2
0,0,0.00608326,2,2
1,1,0.64551336,3,1
0,0,0.4491971,1,2
0,0,0.09958041,9,2
1,1,0.6355499,8,1
0,0,0.31907278,6,2
0,1,0.916,1,2
1,0,0.48033857,8,1
0,0,0.003882763,9,2
0,0,0.009648696,8,1
0,1,0.6951092,1,1
0,1,0.526524,1,2
0,1,0.5468035,9,1
0,0,0.45818317,9,2
0,1,0.8268997,1,1
1,1,0.9754622,9,1
1,1,0.78917134,6,2
1,0,0.3770226,1,1
1,1,0.9902152,1,1
0,0,0.16168481,9,1
0,0,0.0002141949,9,1
0,0,0.049344875,8,1
1,1,0.9511073,6,1
0,0,0.012770671,6,1
1,1,0.9922328,1,2
1,1,0.8693472,1,2
1,1,0.5753027,1,1
1,1,0.9459039,1,1
1,0,0.02228683,1,2
0,1,0.5377535,6,2
0,0,0.014586965,1,2
0,0,0.004316694,8,2
0,0,0.081000045,1,2
1,1,0.9432217,1,1
0,1,0.9849038,8,2
1,1,0.72653186,8,1
1,1,0.8578387,1,2
0,1,0.7006958,2,1
0,0,0.002328601,8,1
1,1,0.98218095,1,1
0,1,0.61927694,3,2
1,1,0.7886536,6,2
0,0,0.31818792,9,2
0,0,0.15610954,6,1
1,1,0.8147438,2,2
1,1,0.96939576,1,1
1,1,0.97366875,1,1
1,1,0.99512404,1,1
1,1,0.63718677,6,2
0,0,0.23350511,6,2
0,0,0.016395826,1,1
1,1,0.8780072,1,2
0,0,0.053608518,1,2
0,0,0.02277266,8,2
1,0,0.14953655,8,1
0,0,0.13387182,6,2
0,0,0.027309408,9,1
0,1,0.72252816,1,2
1,1,0.9385139,1,2
0,0,0.011360825,8,1
0,0,0.011906475,8,2
0,0,0.27612472,8,2
0,0,0.0027433424,9,2
0,0,0.0026665512,6,2
1,0,0.16262428,9,2
0,0,0.0605398,6,1
0,0,0.41241312,8,1
0,0,0.08879002,8,1
0,0,0.00555537,8,2
0,0,0.10581529,8,2
0,0,0.00012355423,9,1
0,0,0.038940497,8,2
1,1,0.90022093,9,2
1,1,0.73984176,6,1
0,0,0.0003848037,6,1
1,1,0.87303334,1,1
0,0,0.19402465,1,1
0,0,0.26092365,6,1
1,1,0.8827456,1,2
0,0,0.14842196,8,1
1,0,0.470561,1,1
1,1,0.8873564,6,2
0,0,0.0018163085,3,1
0,0,0.10922245,6,1
1,0,0.4219817,1,2
1,1,0.9738419,6,1
1,1,0.509088,9,1
1,1,0.7893097,1,2
0,0,0.0037303981,6,2
0,0,0.026263462,8,1
1,1,0.6497359,1,1
1,0,0.2566777,8,1
0,0,0.00568312,1,2
0,0,0.008948225,8,2
0,1,0.765526,1,1
0,0,0.11946797,8,1
1,1,0.9550219,9,2
1,1,0.9628893,1,1
1,1,0.7315659,6,1
0,0,0.084304094,8,1
1,0,0.41680247,9,2
1,1,0.9210138,8,2
1,1,0.95488477,1,1
0,0,0.043769524,8,1
0,1,0.70948833,1,1
1,1,0.9446104,1,2
1,1,0.61199105,9,2
1,1,0.9067332,6,1
1,1,0.9280208,1,2
1,1,0.9922463,6,1
1,0,0.23613285,6,1
1,1,0.6815175,1,2
1,1,0.9894071,1,2
1,0,0.23716486,9,1
1,1,0.6720013,6,2
1,1,0.96588355,9,1
1,1,0.8853434,1,1
0,0,0.21181665,6,1
0,0,0.2137159,9,1
0,0,0.27366945,9,1
1,0,0.1637519,2,2
1,1,0.93859833,6,2
0,0,0.116010025,6,2
0,0,0.07394775,6,1
0,0,0.15313181,3,2
1,1,0.90797645,9,1
0,0,0.35599628,6,2
0,0,0.01294969,1,2
0,0,0.018775284,9,2
0,0,0.22374105,9,1
1,1,0.87329715,9,1
0,0,0.018006818,6,1
0,0,0.019710502,1,1
1,1,0.57337123,1,1
1,1,0.8996059,1,2
1,1,0.5758404,1,1
1,1,0.9733419,6,2
1,1,0.99653995,9,1
1,0,0.11109216,8,1
0,1,0.60665673,8,1
1,1,0.7829526,1,1
0,0,0.104361266,1,1
0,1,0.5603437,8,1
0,0,0.003842761,8,1
0,0,0.10213962,8,1
0,0,0.09422066,8,1
0,0,0.14358291,8,2
1,1,0.62865156,1,1
1,1,0.93737495,9,1
0,1,0.9567548,1,1
0,0,0.026831085,1,1
0,0,0.00052789686,8,1
1,1,0.93592817,8,2
0,0,0.25430408,8,1
1,1,0.73015034,6,1
0,1,0.51942295,1,1
1,1,0.7283153,6,2
0,0,0.1667354,1,1
1,1,0.737956,6,2
0,0,0.052949913,6,2
1,1,0.5285964,1,1
0,0,0.05863949,1,1
1,1,0.9201424,9,2
1,1,0.755393,1,1
1,1,0.7351306,1,2
1,0,0.17838216,1,1
0,0,0.092674546,9,2
0,0,0.26433915,2,1
0,1,0.6184509,9,1
1,1,0.93899494,1,1
1,1,0.63338244,9,1
0,0,0.28749874,9,1
1,1,0.9376723,1,2
1,1,0.94427663,1,1
0,0,0.016734665,8,2
1,1,0.7437492,6,2
1,1,0.70270795,9,1
0,0,0.35758018,6,1
0,1,0.9485143,6,2
1,1,0.59531516,9,1
0,0,0.008713745,1,2
1,1,0.9259138,1,2
0,0,0.0024535463,9,1
0,0,0.056547336,6,2
1,1,0.787312,1,2
0,0,0.469836,8,1
1,1,0.54695594,6,2
1,1,0.81648463,8,1
1,1,0.7834036,1,1
0,0,0.23699787,8,2
1,1,0.96709967,1,1
1,1,0.80740863,1,2
0,0,0.21061346,1,1
0,1,0.6778516,8,1
1,1,0.7220868,8,1
0,0,0.06607617,9,2
1,1,0.5883241,6,2
1,1,0.82202476,1,1
0,0,0.15735109,9,1
0,0,0.018852282,9,1
1,1,0.8387828,1,2
0,0,0.004313547,6,1
1,1,0.70506495,9,1
0,1,0.54726475,1,1
1,1,0.5311132,6,2
1,0,0.016827423,9,1
1,1,0.8473688,1,1
0,0,0.0016639195,9,2
0,1,0.5506479,9,1
1,1,0.5710313,1,1
1,1,0.81868833,1,1
0,1,0.70957744,1,2
1,0,0.2714218,1,2
1,1,0.87131447,1,2
0,0,0.0006641957,1,2
0,0,0.0031671321,9,1
1,0,0.48222944,6,1
0,0,0.087507926,8,1
1,0,0.07866704,3,1
0,0,0.011381125,8,2
0,1,0.8978269,8,1
1,1,0.97536397,9,1
1,1,0.9798221,1,1
1,1,0.96858424,8,1
0,0,0.00072663295,6,2
0,0,0.09613401,9,2
1,1,0.97046506,1,1
0,0,0.37114602,1,1
1,1,0.936458,1,1
1,0,0.3175927,2,2
0,1,0.919042,9,2
1,1,0.95133805,6,1
1,1,0.5200475,1,2
0,1,0.93043905,1,1
1,1,0.7676032,8,1
1,1,0.9764033,1,1
1,0,0.32040542,1,1
1,0,0.39524847,9,2
1,1,0.81025183,1,1
1,1,0.93167233,9,2
1,1,0.904911,2,2
1,1,0.7577503,8,1
0,0,0.03654122,9,2
0,0,0.0056379056,6,2
1,1,0.7308822,6,1
0,0,0.13751765,9,2
0,0,0.49907908,3,1
1,1,0.9041549,1,1
0,0,0.0038916143,8,1
1,1,0.8564797,6,1
0,1,0.88864386,8,2
0,0,0.0013594766,2,1
1,1,0.81985795,9,2
0,0,0.094202615,8,1
1,1,0.56466454,1,1
0,0,0.0035020323,1,1
1,1,0.9509491,6,1
1,1,0.79509735,6,1
0,0,0.006428977,1,2
0,0,0.008050506,8,2
0,0,0.19813955,9,1
1,0,0.30483615,1,1
1,1,0.6906327,1,1
1,1,0.980536,1,1
0,0,0.19711594,1,2
0,0,0.000998654,8,1
1,0,0.07126391,2,2
1,1,0.6702118,3,1
1,1,0.7291211,8,1
0,0,0.07939314,6,1
1,1,0.97812015,1,1
1,1,0.98957217,1,1
1,1,0.772807,9,2
0,0,0.015725657,9,2
0,0,0.07536463,1,2
0,0,0.05122634,8,2
0,0,0.21363515,1,2
1,1,0.78746367,1,2
0,1,0.7224077,6,1
0,1,0.7211715,8,1
1,1,0.9327141,1,1
1,1,0.868634,1,2
1,1,0.93915945,1,2
0,0,0.09566569,1,1
0,0,0.15671532,2,1
1,1,0.50491583,9,1
0,0,0.29392263,3,2
0,0,0.0030159557,2,1
1,1,0.54660636,6,1
1,1,0.7915762,1,2
0,0,0.35301995,8,2
1,1,0.8672242,1,2
0,0,0.072976366,1,2
0,0,0.2823987,8,2
1,1,0.8607358,6,2
1,1,0.9591191,1,1
1,1,0.90226215,9,1
1,1,0.7736887,1,2
1,1,0.98738,1,2
0,0,0.28711057,9,1
1,1,0.67936975,9,1
1,1,0.94174576,1,1
0,0,0.0017496702,8,2
1,1,0.67880654,1,2
1,1,0.65351135,1,2
1,1,0.9024704,1,2
1,0,0.03223609,9,2
1,1,0.941759,9,1
0,0,0.016095685,9,2
1,1,0.51351076,1,1
1,0,0.028575499,6,2
0,0,0.025140177,6,2
1,1,0.7859894,9,1
1,1,0.9857336,1,2
1,1,0.71889853,1,1
0,0,0.29674637,8,1
1,1,0.56732655,1,1
0,0,0.37295318,1,1
0,0,0.039635535,8,1
0,0,0.45993024,9,2
0,0,0.008574145,1,2
0,0,0.3635292,1,1
0,0,0.013732211,9,2
1,1,0.9904813,6,2
0,0,0.0015255046,1,1
1,1,0.8032402,2,2
1,1,0.85312575,1,1
0,0,0.025662137,8,2
0,0,0.29293454,1,1
1,1,0.9251938,6,2
0,0,0.04975002,1,1
0,0,0.0027987822,8,1
0,1,0.9000185,1,1
0,0,0.034977835,8,2
1,1,0.51842195,6,2
1,0,0.16693258,9,2
0,1,0.8496895,9,1
1,1,0.6901415,9,2
0,0,0.33437246,8,1
0,0,0.0023000424,9,1
0,1,0.8957295,1,2
0,0,0.0017175014,6,2
1,1,0.5916905,8,1
1,1,0.5753705,6,2
1,1,0.9042551,1,1
0,0,0.009517908,8,1
0,0,0.00029106133,9,1
0,0,0.0023028003,3,1
0,0,0.3630413,9,1
1,1,0.6200177,9,1
0,0,0.24468131,9,1
0,1,0.52082044,1,1
1,1,0.9267506,1,2
0,0,0.16396871,8,2
0,0,0.091233045,9,2
0,1,0.8476729,1,2
1,1,0.9798005,1,1
1,1,0.9918224,9,2
1,1,0.98232436,1,1
1,1,0.7471933,9,2
0,1,0.92705464,1,1
1,0,0.45685104,6,2
1,1,0.6413743,1,2
0,0,0.06578668,8,1
1,0,0.10899783,9,2
1,1,0.9089439,1,2
1,1,0.89878976,9,1
0,1,0.8633409,1,1
0,0,0.40540022,1,1
0,0,0.19916365,2,1
0,0,0.22930971,9,1
0,0,0.25381222,1,1
1,0,0.490703,9,1
1,1,0.7335144,1,1
0,0,0.4498827,3,2
0,0,0.14232399,1,2
1,0,0.3780259,1,1
1,1,0.99706995,1,1
1,0,0.04663199,6,2
0,0,0.31206664,8,2
1,1,0.522251,1,2
0,0,0.065711915,1,1
1,0,0.3832235,9,2
1,1,0.54621845,8,2
1,0,0.44907567,1,2
1,1,0.67324054,8,1
1,0,0.27678785,1,1
1,1,0.9953754,1,2
1,1,0.8082536,6,1
0,0,0.2742909,6,1
1,1,0.97310364,9,2
1,1,0.79793984,9,2
1,1,0.93544596,1,1
1,1,0.9253679,8,1
0,0,0.0016680316,1,2
0,0,0.22457501,1,2
0,1,0.57155776,1,2
0,0,0.3432162,1,1
0,0,0.2723436,6,1
1,1,0.84390634,1,2
0,0,0.0035722298,1,2
0,0,0.20489164,6,2
0,1,0.95558536,1,2
1,1,0.7906764,1,2
1,1,0.91049093,1,1
1,1,0.9117205,9,2
1,0,0.13149664,1,1
0,0,0.40192997,8,1
1,1,0.60425687,1,2
0,0,0.34099147,8,1
1,1,0.982178,9,2
1,1,0.9733296,6,1
0,1,0.7094758,9,1
1,0,0.4968921,1,2
0,0,0.07610536,9,2
0,1,0.69939315,9,2
0,1,0.6747787,6,1
1,1,0.9771872,1,1
1,1,0.9373116,6,1
1,1,0.8805427,6,2
1,1,0.9851833,9,2
1,1,0.9461879,1,2
0,0,0.24505101,9,1
1,0,0.16668896,6,1
0,0,0.0052775526,8,2
0,0,0.29288277,1,2
1,1,0.895296,1,1
0,0,0.043899782,1,2
0,1,0.5239759,6,1
0,0,0.41707808,6,1
1,0,0.48828673,3,2
0,0,0.28798518,2,2
0,0,0.47889957,1,2
1,1,0.86119086,1,2
1,1,0.971781,1,1
0,0,0.05432173,8,1
0,0,0.37827036,6,1
1,1,0.98002416,6,1
0,0,0.45689386,6,1
1,1,0.88816273,1,1
1,1,0.9452763,1,1
1,1,0.8429978,1,1
1,1,0.9188708,6,1
0,0,0.06788426,9,1
1,0,0.45645285,6,1
1,1,0.61378515,2,1
0,1,0.63648796,1,1
1,1,0.6086003,1,2
1,1,0.9392886,1,2
0,0,0.0023809252,9,2
1,1,0.9399787,1,1
0,0,0.017556377,9,2
1,0,0.03784414,8,2
1,1,0.76369613,6,2
0,0,0.0030609858,6,1
1,1,0.7187571,1,2
1,1,0.9928128,1,1
0,0,0.016140359,6,2
1,1,0.96420527,1,1
0,0,0.35025662,9,1
0,0,0.0036130974,9,1
1,1,0.7892597,1,2
1,1,0.70256054,6,2
1,0,0.21906742,9,2
0,0,0.11593703,8,2
0,0,0.0062123276,1,2
0,1,0.7493284,1,1
0,0,0.051171545,8,2
0,0,0.40400073,1,1
1,1,0.98433614,1,2
0,0,0.14641687,8,1
1,0,0.35826972,9,1
1,1,0.691349,1,1
1,0,0.3517594,9,1
0,0,0.069216326,1,1
0,0,0.20240064,3,2
0,0,0.054581586,6,2
0,0,0.38960958,8,1
0,0,0.038077634,1,2
1,1,0.9702856,1,1
1,1,0.990617,9,1
1,1,0.9609337,6,2
0,0,0.00047562874,9,2
1,1,0.9927349,1,1
0,0,0.38931724,1,1
0,0,0.03297347,1,1
1,1,0.9305066,1,1
0,0,0.025556033,8,1
0,0,0.00025805907,9,2
1,1,0.923173,1,2
1,1,0.64309436,6,1
1,1,0.95192146,1,1
0,0,0.00760148,9,2
1,1,0.7965541,1,2
0,0,0.11751197,1,1
1,1,0.96323895,1,2
1,1,0.5778523,1,2
0,1,0.7385811,6,1
0,0,0.18085378,6,1
0,0,0.25728047,1,2
1,1,0.8481811,6,1
1,1,0.5020858,9,2
0,0,0.09753519,8,1
1,0,0.030176898,9,1
1,1,0.9845062,1,1
1,1,0.646699,2,2
1,0,0.36155823,6,1
0,0,0.01382672,1,2
1,1,0.9623391,6,1
0,0,0.0027513274,1,2
0,1,0.6292956,6,1
0,0,0.0018037956,1,1
0,1,0.8050328,8,2
0,0,0.13565792,1,2
0,0,0.3313869,1,1
1,1,0.87211555,9,1
1,0,0.40839913,9,1
0,0,0.2661909,9,2
1,1,0.60129124,6,2
0,0,0.018252637,9,1
1,1,0.732559,2,2
1,1,0.98679525,6,1
0,0,0.17198716,6,2
0,1,0.9551388,8,1
1,0,0.4155597,1,1
0,0,0.34613195,1,2
0,0,0.047804177,8,1
0,1,0.9370738,1,1
0,0,0.0886575,9,2
0,0,0.031509493,1,1
0,0,0.15073307,8,1
1,0,0.30567858,1,1
1,1,0.8724522,1,1
0,0,0.13149603,1,1
1,1,0.9135801,9,1
0,0,2.735841e-05,1,2
0,1,0.54222065,1,2
1,1,0.9329631,1,2
0,0,0.21436946,1,2
1,1,0.9593324,6,2
1,1,0.99325716,1,1
1,1,0.7070258,1,1
1,1,0.92707556,1,2
0,0,0.0065510813,9,2
1,1,0.9203393,6,1
0,0,0.105962716,8,2
0,0,0.00044863689,1,1
1,1,0.63894165,1,2
0,0,0.0020173045,1,2
1,1,0.9778399,7,1
1,0,0.4003407,6,2
1,1,0.83119667,1,1
0,0,0.068387635,1,2
0,0,0.10428767,6,1
1,0,0.04734407,6,1
1,0,0.051327884,9,1
0,0,0.0005904031,9,2
0,0,0.19704577,6,2
0,0,0.19235282,1,2
0,1,0.8251257,1,2
0,0,0.030773927,9,2
0,0,0.24991578,8,1
1,1,0.9673739,1,1
0,0,0.0012066478,8,2
0,1,0.8293899,1,1
0,0,0.042068213,5,1
0,0,0.009780624,2,1
0,0,0.11315097,8,2
0,0,0.103853606,9,1
0,0,0.04792825,9,1
1,1,0.9192816,6,1
0,1,0.57584393,1,2
0,1,0.8676261,9,2
1,1,0.6415234,6,2
1,1,0.9850794,9,2
1,1,0.994031,1,2
0,0,0.3873095,1,1
0,0,0.0041181194,8,1
1,1,0.86476696,1,1
0,1,0.5625632,1,1
1,0,0.43931907,3,1
1,1,0.70846874,1,1
0,0,0.006659452,9,2
1,1,0.99677914,1,1
0,1,0.8521725,6,1
1,1,0.90868014,1,1
1,1,0.5132986,3,2
1,1,0.89680344,1,1
0,0,0.07397077,9,2
0,1,0.9049878,8,1
0,0,0.46017534,6,2
1,0,0.31819466,1,2
1,1,0.7671722,1,2
1,1,0.6360031,8,1
1,1,0.9906563,1,2
0,0,0.005634359,9,1
0,0,0.009544698,9,2
1,1,0.8863737,1,2
1,0,0.12934656,9,2
0,0,0.10523993,9,1
0,0,0.32479915,8,2
0,0,0.016279003,8,1
0,0,0.019234879,8,1
0,0,0.045526274,8,2
0,0,0.033598956,9,2
1,0,0.07518068,8,1
1,1,0.9309012,1,2
0,0,0.41007933,6,1
0,0,0.44776,1,2
1,1,0.508514,1,1
0,0,0.008081471,6,1
0,0,0.29448247,8,1
1,1,0.98762333,1,1
0,0,0.0003924591,8,1
0,0,0.023284694,2,2
1,1,0.75464714,1,2
1,1,0.99723357,9,2
0,0,0.0016780627,9,2
1,1,0.9618118,1,2
1,1,0.71293604,3,2
0,0,0.074376665,9,2
1,0,0.4683286,2,1
1,1,0.86161363,6,2
0,0,0.087500885,8,1
0,0,0.00023070262,8,1
1,0,0.07765006,6,1
0,0,0.16529153,8,2
1,1,0.96827614,9,1
1,1,0.9199522,1,1
0,0,0.08898451,9,2
1,1,0.50932777,9,2
0,1,0.6970313,9,1
0,1,0.63319117,1,2
0,0,0.014387541,8,2
1,1,0.91122174,1,1
0,0,0.37411523,8,2
1,1,0.91114146,1,1
0,0,0.20127073,1,1
0,0,0.0033184274,1,2
0,0,0.00046523038,9,2
0,0,0.04407762,1,2
1,1,0.9228025,6,2
1,0,0.48990202,8,1
1,1,0.6478047,6,1
1,1,0.76120937,1,2
1,1,0.91694146,1,2
0,1,0.57506627,8,2
0,1,0.8220181,6,1
1,1,0.9227866,9,2
1,1,0.9273736,1,1
1,1,0.862406,9,1
0,0,0.020078823,8,1
1,1,0.990289,1,1
1,1,0.8607566,1,2
1,0,0.17340954,8,1
0,0,0.059788555,9,1
0,0,0.28450796,1,1
1,1,0.8164836,1,1
1,1,0.8063562,8,2
1,1,0.66217476,1,2
0,0,0.43641067,1,2
0,0,0.077629335,8,2
1,1,0.9045897,1,2
0,0,0.2932966,9,1
0,0,0.04281253,1,2
1,1,0.74035573,1,1
0,0,0.037804753,1,2
1,1,0.91802454,1,2
1,1,0.9730847,9,2
1,1,0.90263116,1,2
0,0,0.07142257,9,2
0,1,0.57110876,1,1
1,0,0.077831395,1,2
1,1,0.8751299,8,1
1,1,0.98375905,1,2
0,0,0.06769766,1,2
0,0,0.05674855,6,2
1,1,0.6595594,1,1
1,1,0.96830976,1,1
0,0,0.24054027,1,1
1,0,0.41826937,6,2
1,1,0.78850335,1,1
0,1,0.6152707,1,2
1,1,0.97796637,1,1
1,1,0.78004056,2,1
0,0,0.0019169481,9,1
1,0,0.47541326,1,1
1,1,0.94439644,1,2
0,1,0.865947,6,2
1,1,0.9733686,8,1
1,1,0.87117803,1,2
0,0,0.1512912,3,2
1,1,0.97502726,6,1
0,1,0.8020211,1,2
1,1,0.9227631,1,1
1,0,0.34066996,6,1
0,0,0.005294479,6,2
0,0,0.00035011867,6,2
1,1,0.7184555,1,2
0,0,0.106976375,8,1
1,1,0.97954935,1,2
1,1,0.74861217,1,1
0,0,0.26216796,2,2
0,0,0.052053623,1,1
0,0,0.15430364,9,2
0,1,0.5950095,3,2
0,0,0.044712733,9,2
1,1,0.97749454,1,1
1,1,0.7687905,1,2
0,1,0.5842333,2,1
0,0,0.2132205,1,1
0,0,0.0550235,1,2
0,1,0.9312896,6,1
0,0,0.06938116,9,1
1,1,0.7717187,6,1
0,1,0.7798649,6,2
1,1,0.92662823,1,2
1,1,0.92475337,1,1
1,1,0.9402964,1,1
0,0,0.051414244,2,2
0,1,0.5082815,1,2
1,1,0.9880155,1,1
0,1,0.74133873,8,2
1,1,0.9933175,1,1
1,1,0.9890027,9,1
0,0,0.06427295,9,1
1,1,0.7781837,9,2
0,0,0.059674658,9,2
0,0,0.005817968,8,2
1,0,0.19182925,8,2
1,1,0.86911243,9,1
1,1,0.54308283,1,1
0,0,0.48225436,2,1
1,1,0.9265768,1,1
0,0,0.32460934,2,1
0,0,0.29724646,1,1
1,0,0.42022464,1,2
0,0,0.027889363,9,1
0,0,0.002617111,9,1
0,0,0.27853197,1,2
1,1,0.981868,9,1
0,0,0.11777886,9,1
1,1,0.920019,1,2
0,0,0.16565552,1,1
1,1,0.7371417,1,1
0,0,0.18199931,9,2
1,1,0.90953225,6,1
1,1,0.992335,1,2
1,1,0.8109859,1,1
1,1,0.8231183,6,2
1,1,0.6082306,1,1
1,1,0.97584003,1,1
0,0,0.042669058,8,2
0,0,0.027444817,1,1
0,0,0.00723872,3,2
0,0,0.015671642,1,2
1,1,0.99836165,6,2
1,1,0.9336003,1,2
1,1,0.9904991,1,1
0,0,0.18295869,8,1
1,1,0.847562,2,2
1,1,0.9913539,1,1
0,0,0.0074101547,3,2
0,0,0.31300572,8,1
0,0,0.25716373,9,1
1,1,0.8409829,9,1
0,0,0.3879491,8,1
0,0,0.032593872,7,1
1,1,0.9468127,8,1
1,1,0.72257197,1,2
1,1,0.957293,3,1
0,0,0.28545356,1,2
1,1,0.9753033,6,2
1,1,0.80244327,1,2
0,1,0.5440678,1,1
1,1,0.8367691,9,2
1,0,0.23497702,8,2
0,0,0.015263787,6,2
1,1,0.9665328,6,2
0,0,0.0042256946,9,2
1,1,0.77092993,1,1
0,0,0.064321175,6,1
0,0,0.35019225,6,2
1,1,0.9499312,9,2
1,1,0.7077959,1,1
0,0,0.015394044,8,2
0,0,0.08196025,1,2
1,1,0.972499,1,2
1,0,0.32180634,9,1
0,0,0.0005302433,8,2
0,1,0.7017451,3,2
1,1,0.84126854,6,1
0,0,0.0007828243,6,1
0,0,0.0016368048,8,1
1,1,0.7932534,6,2
0,0,0.0005459348,1,1
1,1,0.5278872,3,1
0,0,0.03987528,6,2
0,0,0.058552768,3,1
0,0,0.015425407,8,2
0,1,0.6646757,1,2
0,0,0.2176611,9,1
1,1,0.9576947,1,2
0,0,0.011309584,1,1
0,1,0.5125063,1,1
0,0,0.2990132,1,1
0,0,0.04727674,8,2
0,0,0.07858853,3,1
1,1,0.90439993,1,2
1,0,0.29379165,6,1
0,0,0.30946216,2,2
1,0,0.2284006,8,1
1,1,0.5421747,1,2
0,0,0.26431102,9,1
0,0,0.08086002,1,1
0,0,0.3865597,9,1
1,0,0.22387373,1,2
0,0,0.027995983,6,2
1,1,0.98461145,6,2
0,0,0.20103522,1,2
0,0,0.13598426,8,1
0,0,0.018887304,8,1
1,1,0.90100694,1,1
1,0,0.31074998,9,2
1,1,0.90407556,6,1
1,1,0.68104255,9,1
0,0,0.07392031,1,1
0,0,0.4654658,9,2
0,0,0.21364538,1,2
1,1,0.96944594,1,1
0,0,0.16294149,2,2
0,0,0.49178523,9,2
0,0,0.019845622,9,2
1,1,0.90178394,1,2
